id_docente,sede,unidad_academica,tipo_vinculacion,jornada,nivel_aprobado_corte,cursos_realizados_corte,cursos_aprobados_corte,cursos_reprobados_corte,tasa_aprobacion_corte,dias_desde_ultima_actividad,dias_desde_ultimo_avance,actividades_ultimos_90_dias,target_progreso_6m,prediccion_progreso_6m,probabilidad_progreso_6m,riesgo_no_progreso_6m,nombre_docente,carga_asignada,cursos_ultimos_90_dias,cursos_ultimos_180_dias,actividades_realizadas_corte,actividades_ultimos_180_dias,promedio_final_score_corte,promedio_dias_entre_actividades,nivel_riesgo,perfil_actividad,inactividad_90d,tramo_aprobacion,tramo_cursos_aprobados,tramo_actividad
DOC_000001,SANTIAGO,ADMINISTRACIÓN PÚBLICA,REGULAR,CONTRATADO,HABILITANTE,10,9,1,90.0,671,779,0,0,0,0.00016143453303466563,0.9998385654669654,Docente Sintético 000001,5,0,0,16,0,86.2,11.333333333333334,ALTO,SIN ACTIVIDAD 90D,SIN ACTIVIDAD 90D,,7–9,0
DOC_000002,SANTIAGO,ADMINISTRACIÓN PÚBLICA,REGULAR,CONTRATADO,SIN_NIVEL,6,4,2,66.67,438,486,0,0,0,0.00022633385217127292,0.9997736661478288,Docente Sintético 000002,5,0,0,6,0,82.03,8.2,ALTO,SIN ACTIVIDAD 90D,SIN ACTIVIDAD 90D,,4–6,0
DOC_000003,SANTIAGO,ADMINISTRACIÓN PÚBLICA,REGULAR,CONTRATADO,HABILITANTE,10,8,2,80.0,337,466,0,0,0,0.00016143453303466563,0.9998385654669654,Docente Sintético 000003,5,0,0,16,0,83.57,9.933333333333334,ALTO,SIN ACTIVIDAD 90D,SIN ACTIVIDAD 90D,,7–9,0
DOC_000004,SANTIAGO,ADMINISTRACIÓN PÚBLICA,REGULAR,CONTRATADO,INICIAL,17,15,2,88.24,437,584,0,0,0,0.0022722477419078,0.997727752258092,Docente Sintético 000004,5,0,0,44,0,78.64,9.511627906976743,ALTO,SIN ACTIVIDAD 90D,SIN ACTIVIDAD 90D,,10+,0
DOC_000006,SANTIAGO,ADMINISTRACIÓN PÚBLICA,REGULAR,CONTRATADO,SIN_NIVEL,0,0,0,0.0,121,121,0,0,0,0.0002888088803213583,0.9997111911196788,Docente Sintético 000006,5,0,0,0,0,,,ALTO,SIN ACTIVIDAD 90D,SIN ACTIVIDAD 90D,≤50%,0–3,0
DOC_000007,SANTIAGO,ADMINISTRACIÓN PÚBLICA,REGULAR,CONTRATADO,HABILITANTE,12,11,1,91.67,621,825,0,0,0,0.00012376974960717034,0.9998762302503929,Docente Sintético 000007,5,0,0,24,0,82.32,10.0,ALTO,SIN ACTIVIDAD 90D,SIN ACTIVIDAD 90D,,10+,0
DOC_000008,SANTIAGO,ADMINISTRACIÓN PÚBLICA,ADJUNTO,POR HORAS,HABILITANTE,9,9,0,100.0,638,672,0,0,0,0.0011077370178778,0.9988922629821222,Docente Sintético 000008,2,0,0,12,0,89.03,5.454545454545454,ALTO,SIN ACTIVIDAD 90D,SIN ACTIVIDAD 90D,,7–9,0
DOC_000010,SANTIAGO,ADMINISTRACIÓN PÚBLICA,ADJUNTO,POR HORAS,AVANZADO,18,18,0,100.0,0,163,4,0,0,0.3205860252095056,0.6794139747904944,Docente Sintético 000010,2,1,2,48,7,81.51,17.97872340425532,ALTO,CON ACTIVIDAD 90D,CON ACTIVIDAD 90D,,10+,3–5
DOC_000011,SANTIAGO,ADMINISTRACIÓN PÚBLICA,ADJUNTO,POR HORAS,INICIAL,16,16,0,100.0,13,185,10,1,1,0.7888315932169925,0.2111684067830075,Docente Sintético 000011,2,3,3,40,12,81.82,12.076923076923077,BAJO,CON ACTIVIDAD 90D,CON ACTIVIDAD 90D,,10+,6+
DOC_000012,SANTIAGO,ADMINISTRACIÓN PÚBLICA,ADJUNTO,POR HORAS,SIN_NIVEL,0,0,0,0.0,0,0,0,0,0,0.0003618999272872301,0.9996381000727128,Docente Sintético 000012,1,0,0,0,0,,,ALTO,SIN ACTIVIDAD 90D,SIN ACTIVIDAD 90D,≤50%,0–3,0
DOC_000013,SANTIAGO,ADMINISTRACIÓN PÚBLICA,ADJUNTO,POR HORAS,SIN_NIVEL,7,3,4,42.86,277,486,0,0,0,0.00022633385217127292,0.9997736661478288,Docente Sintético 000013,1,0,0,7,0,81.2,8.333333333333334,ALTO,SIN ACTIVIDAD 90D,SIN ACTIVIDAD 90D,,0–3,0
DOC_000014,SANTIAGO,ADMINISTRACIÓN PÚBLICA,ADJUNTO,POR HORAS,SIN_NIVEL,7,6,1,85.71,312,486,0,0,0,0.00026399863559876816,0.9997360013644012,Docente Sintético 000014,1,0,0,7,0,86.91,2.833333333333333,ALTO,SIN ACTIVIDAD 90D,SIN ACTIVIDAD 90D,,4–6,0
DOC_000015,SANTIAGO,ADMINISTRACIÓN PÚBLICA,ADJUNTO,POR HORAS,SIN_NIVEL,5,4,1,80.0,446,486,0,0,0,0.00026399863559876816,0.9997360013644012,Docente Sintético 000015,1,0,0,5,0,84.48,8.25,ALTO,SIN ACTIVIDAD 90D,SIN ACTIVIDAD 90D,,4–6,0
DOC_000016,SANTIAGO,ADMINISTRACIÓN PÚBLICA,ADJUNTO,POR HORAS,SIN_NIVEL,2,2,0,100.0,115,333,0,0,0,0.0027518216726135,0.9972481783273864,Docente Sintético 000016,1,0,2,2,2,93.6,5.0,ALTO,SIN ACTIVIDAD 90D,SIN ACTIVIDAD 90D,,0–3,0
DOC_000017,SANTIAGO,ADMINISTRACIÓN PÚBLICA,ADJUNTO,POR HORAS,AVANZADO,18,18,0,100.0,0,214,4,0,0,0.2348365605443823,0.7651634394556177,Docente Sintético 000017,1,1,1,48,4,80.07,17.70212765957447,ALTO,CON ACTIVIDAD 90D,CON ACTIVIDAD 90D,,10+,3–5
DOC_000018,SANTIAGO,ADMINISTRACIÓN PÚBLICA,ADJUNTO,POR HORAS,AVANZADO,20,20,0,100.0,3,149,11,1,1,0.8386451896187085,0.1613548103812915,Docente Sintético 000018,1,3,5,57,18,81.65,12.321428571428571,BAJO,CON ACTIVIDAD 90D,CON ACTIVIDAD 90D,,10+,6+
DOC_000019,SANTIAGO,ADMINISTRACIÓN PÚBLICA,ADJUNTO,POR HORAS,SIN_NIVEL,6,4,2,66.67,88,333,1,0,0,0.0071723263657875,0.9928276736342124,Docente Sintético 000019,1,1,6,6,6,84.25,5.8,ALTO,CON ACTIVIDAD 90D,CON ACTIVIDAD 90D,,4–6,1–2
DOC_000020,SANTIAGO,ADMINISTRACIÓN PÚBLICA,ADJUNTO,POR HORAS,INICIAL,14,14,0,100.0,364,561,0,0,0,0.0045251124925747,0.9954748875074252,Docente Sintético 000020,1,0,0,32,0,83.01,15.483870967741936,ALTO,SIN ACTIVIDAD 90D,SIN ACTIVIDAD 90D,,10+,0
DOC_000021,SANTIAGO,ARQUITECTURA,REGULAR,CONTRATADO,AVANZADO,21,19,2,90.48,164,334,0,0,0,0.0011281430733762,0.9988718569266236,Docente Sintético 000021,5,0,1,60,3,81.56,8.983050847457626,ALTO,SIN ACTIVIDAD 90D,SIN ACTIVIDAD 90D,,10+,0
DOC_000022,SANTIAGO,ARQUITECTURA,REGULAR,CONTRATADO,SIN_NIVEL,6,6,0,100.0,4,852,5,1,1,0.6538481441477635,0.3461518558522365,Docente Sintético 000022,5,5,6,6,6,89.7,19.8,MEDIO,CON ACTIVIDAD 90D,CON ACTIVIDAD 90D,,4–6,3–5
DOC_000023,SANTIAGO,ARQUITECTURA,REGULAR,CONTRATADO,HABILITANTE,9,8,1,88.89,732,823,0,0,0,0.00016143453303466563,0.9998385654669654,Docente Sintético 000023,5,0,0,12,0,84.77,10.545454545454543,ALTO,SIN ACTIVIDAD 90D,SIN ACTIVIDAD 90D,,7–9,0
DOC_000024,SANTIAGO,ARQUITECTURA,REGULAR,CONTRATADO,SIN_NIVEL,1,0,1,0.0,120,121,0,0,0,0.00028533090231876564,0.9997146690976813,Docente Sintético 000024,5,0,1,1,1,70.7,,ALTO,SIN ACTIVIDAD 90D,SIN ACTIVIDAD 90D,≤50%,0–3,0
DOC_000025,SANTIAGO,ARQUITECTURA,REGULAR,CONTRATADO,SIN_NIVEL,1,1,0,100.0,472,486,0,0,0,0.0011882451930523,0.9988117548069476,Docente Sintético 000025,5,0,0,1,0,87.6,,ALTO,SIN ACTIVIDAD 90D,SIN ACTIVIDAD 90D,,0–3,0
DOC_000026,SANTIAGO,ARQUITECTURA,REGULAR,CONTRATADO,HABILITANTE,10,8,2,80.0,2,169,7,0,0,0.0296984524984603,0.9703015475015396,Docente Sintético 000026,5,2,3,16,9,83.58,20.933333333333334,ALTO,CON ACTIVIDAD 90D,CON ACTIVIDAD 90D,,7–9,6+
DOC_000027,SANTIAGO,ARQUITECTURA,REGULAR,CONTRATADO,AVANZADO,17,17,0,100.0,58,58,4,0,0,0.0520779475250701,0.9479220524749298,Docente Sintético 000027,5,1,4,44,14,82.6,14.744186046511627,ALTO,CON ACTIVIDAD 90D,CON ACTIVIDAD 90D,,10+,3–5
DOC_000028,SANTIAGO,ARQUITECTURA,ADJUNTO,POR HORAS,SIN_NIVEL,0,0,0,0.0,333,333,0,0,0,0.0002888088803213583,0.9997111911196788,Docente Sintético 000028,2,0,0,0,0,,,ALTO,SIN ACTIVIDAD 90D,SIN ACTIVIDAD 90D,≤50%,0–3,0
DOC_000029,SANTIAGO,ARQUITECTURA,ADJUNTO,POR HORAS,HABILITANTE,8,8,0,100.0,1,183,2,0,0,0.0403210389590098,0.9596789610409902,Docente Sintético 000029,2,0,0,10,2,91.39,36.77777777777778,ALTO,CON ACTIVIDAD 90D,CON ACTIVIDAD 90D,,7–9,1–2
DOC_000030,SANTIAGO,ARQUITECTURA,ADJUNTO,POR HORAS,AVANZADO,19,19,0,100.0,3,140,7,1,1,0.5405971333474797,0.4594028666525203,Docente Sintético 000030,1,1,3,55,15,83.81,15.555555555555555,MEDIO,CON ACTIVIDAD 90D,CON ACTIVIDAD 90D,,10+,6+
DOC_000031,SANTIAGO,ARQUITECTURA,ADJUNTO,POR HORAS,AVANZADO,20,20,0,100.0,96,240,0,0,0,0.0623328336161316,0.9376671663838684,Docente Sintético 000031,1,0,3,56,10,82.24,13.61818181818182,ALTO,SIN ACTIVIDAD 90D,SIN ACTIVIDAD 90D,,10+,0
DOC_000033,SANTIAGO,ARQUITECTURA,ADJUNTO,POR HORAS,HABILITANTE,12,11,1,91.67,131,430,0,0,0,0.0027063072893968,0.9972936927106032,Docente Sintético 000033,1,0,2,24,5,85.58,15.304347826086955,ALTO,SIN ACTIVIDAD 90D,SIN ACTIVIDAD 90D,,10+,0
DOC_000034,SANTIAGO,ARQUITECTURA,ADJUNTO,POR HORAS,INICIAL,16,14,2,87.5,93,377,0,0,0,0.0014023933740672,0.9985976066259328,Docente Sintético 000034,1,0,3,40,9,79.6,15.41025641025641,ALTO,SIN ACTIVIDAD 90D,SIN ACTIVIDAD 90D,,10+,0
DOC_000035,SANTIAGO,ARQUITECTURA,ADJUNTO,POR HORAS,SIN_NIVEL,0,0,0,0.0,121,121,0,0,0,0.0002888088803213583,0.9997111911196788,Docente Sintético 000035,1,0,0,0,0,,,ALTO,SIN ACTIVIDAD 90D,SIN ACTIVIDAD 90D,≤50%,0–3,0
DOC_000036,SANTIAGO,ARQUITECTURA,ADJUNTO,POR HORAS,HABILITANTE,12,11,1,91.67,338,636,0,0,0,0.00012376974960717034,0.9998762302503929,Docente Sintético 000036,1,0,0,24,0,82.61,15.521739130434783,ALTO,SIN ACTIVIDAD 90D,SIN ACTIVIDAD 90D,,10+,0
DOC_000037,SANTIAGO,ARQUITECTURA,ADJUNTO,POR HORAS,SIN_NIVEL,3,2,1,66.67,108,121,0,0,0,0.0004068370238248871,0.9995931629761752,Docente Sintético 000037,1,0,3,3,3,80.9,5.0,ALTO,SIN ACTIVIDAD 90D,SIN ACTIVIDAD 90D,,0–3,0
DOC_000038,SANTIAGO,ARQUITECTURA,ADJUNTO,POR HORAS,SIN_NIVEL,0,0,0,0.0,333,333,0,0,0,0.0002888088803213583,0.9997111911196788,Docente Sintético 000038,1,0,0,0,0,,,ALTO,SIN ACTIVIDAD 90D,SIN ACTIVIDAD 90D,≤50%,0–3,0
DOC_000039,SANTIAGO,ARQUITECTURA,ADJUNTO,POR HORAS,AVANZADO,17,17,0,100.0,5,51,6,1,0,0.2603769988148366,0.7396230011851633,Docente Sintético 000039,1,1,3,46,14,83.27,15.177777777777775,ALTO,CON ACTIVIDAD 90D,CON ACTIVIDAD 90D,,10+,6+
DOC_000041,SANTIAGO,AUDITORÍA E INGENIERÍA EN CONTROL DE GESTIÓN,REGULAR,CONTRATADO,INICIAL,14,14,0,100.0,447,580,0,0,0,0.0161343671691546,0.9838656328308454,Docente Sintético 000041,5,0,0,32,0,81.75,12.67741935483871,ALTO,SIN ACTIVIDAD 90D,SIN ACTIVIDAD 90D,,10+,0
DOC_000042,SANTIAGO,AUDITORÍA E INGENIERÍA EN CONTROL DE GESTIÓN,REGULAR,CONTRATADO,SIN_NIVEL,6,1,5,16.67,295,486,0,0,0,0.00022633385217127292,0.9997736661478288,Docente Sintético 000042,5,0,0,6,0,79.83,7.4,ALTO,SIN ACTIVIDAD 90D,SIN ACTIVIDAD 90D,,0–3,0
DOC_000043,SANTIAGO,AUDITORÍA E INGENIERÍA EN CONTROL DE GESTIÓN,REGULAR,CONTRATADO,HABILITANTE,9,9,0,100.0,366,426,0,0,0,0.0010497660033851,0.9989502339966148,Docente Sintético 000043,5,0,0,12,0,90.87,10.363636363636363,ALTO,SIN ACTIVIDAD 90D,SIN ACTIVIDAD 90D,,7–9,0
DOC_000045,SANTIAGO,AUDITORÍA E INGENIERÍA EN CONTROL DE GESTIÓN,REGULAR,CONTRATADO,AVANZADO,17,17,0,100.0,0,151,3,1,1,0.5374662809014451,0.4625337190985549,Docente Sintético 000045,5,0,1,47,7,83.95,14.91304347826087,MEDIO,CON ACTIVIDAD 90D,CON ACTIVIDAD 90D,,10+,3–5
DOC_000046,SANTIAGO,AUDITORÍA E INGENIERÍA EN CONTROL DE GESTIÓN,REGULAR,CONTRATADO,SIN_NIVEL,0,0,0,0.0,0,0,0,0,0,0.0003618999272872301,0.9996381000727128,Docente Sintético 000046,5,0,0,0,0,,,ALTO,SIN ACTIVIDAD 90D,SIN ACTIVIDAD 90D,≤50%,0–3,0
DOC_000047,SANTIAGO,AUDITORÍA E INGENIERÍA EN CONTROL DE GESTIÓN,REGULAR,CONTRATADO,HABILITANTE,13,11,2,84.62,582,822,0,0,0,0.00012376974960717034,0.9998762302503929,Docente Sintético 000047,5,0,0,28,0,82.47,9.88888888888889,ALTO,SIN ACTIVIDAD 90D,SIN ACTIVIDAD 90D,,10+,0
DOC_000048,SANTIAGO,AUDITORÍA E INGENIERÍA EN CONTROL DE GESTIÓN,ADJUNTO,POR HORAS,SIN_NIVEL,0,0,0,0.0,121,121,0,0,0,0.0002888088803213583,0.9997111911196788,Docente Sintético 000048,1,0,0,0,0,,,ALTO,SIN ACTIVIDAD 90D,SIN ACTIVIDAD 90D,≤50%,0–3,0
DOC_000049,SANTIAGO,AUDITORÍA E INGENIERÍA EN CONTROL DE GESTIÓN,ADJUNTO,POR HORAS,HABILITANTE,8,8,0,100.0,2,172,2,0,0,0.0354117603745568,0.9645882396254432,Docente Sintético 000049,1,0,1,10,3,86.78,35.666666666666664,ALTO,CON ACTIVIDAD 90D,CON ACTIVIDAD 90D,,7–9,1–2
DOC_000050,SANTIAGO,AUDITORÍA E INGENIERÍA EN CONTROL DE GESTIÓN,ADJUNTO,POR HORAS,SIN_NIVEL,3,3,0,100.0,105,486,0,0,0,0.0094764593537729,0.990523540646227,Docente Sintético 000050,1,0,3,3,3,86.67,7.5,ALTO,SIN ACTIVIDAD 90D,SIN ACTIVIDAD 90D,,0–3,0
DOC_000051,SANTIAGO,AUDITORÍA E INGENIERÍA EN CONTROL DE GESTIÓN,ADJUNTO,POR HORAS,SIN_NIVEL,4,3,1,75.0,90,486,1,0,0,0.0138785512413018,0.9861214487586982,Docente Sintético 000051,1,1,4,4,4,88.92,8.0,ALTO,CON ACTIVIDAD 90D,CON ACTIVIDAD 90D,,0–3,1–2
DOC_000052,SANTIAGO,AUDITORÍA E INGENIERÍA EN CONTROL DE GESTIÓN,ADJUNTO,POR HORAS,HABILITANTE,11,10,1,90.91,552,673,0,0,0,0.00016143453303466563,0.9998385654669654,Docente Sintético 000052,1,0,0,20,0,83.97,7.578947368421052,ALTO,SIN ACTIVIDAD 90D,SIN ACTIVIDAD 90D,,10+,0
DOC_000053,SANTIAGO,AUDITORÍA E INGENIERÍA EN CONTROL DE GESTIÓN,ADJUNTO,POR HORAS,AVANZADO,21,20,1,95.24,64,243,4,0,0,0.0088886656254497,0.9911113343745502,Docente Sintético 000053,1,1,3,60,12,78.52,13.220338983050848,ALTO,CON ACTIVIDAD 90D,CON ACTIVIDAD 90D,,10+,3–5
DOC_000054,SANTIAGO,AUDITORÍA E INGENIERÍA EN CONTROL DE GESTIÓN,ADJUNTO,POR HORAS,AVANZADO,19,18,1,94.74,6,208,6,0,0,0.0830137165469461,0.9169862834530538,Docente Sintético 000054,1,2,2,53,9,82.88,15.865384615384617,ALTO,CON ACTIVIDAD 90D,CON ACTIVIDAD 90D,,10+,6+
DOC_000055,SANTIAGO,AUDITORÍA E INGENIERÍA EN CONTROL DE GESTIÓN,ADJUNTO,POR HORAS,AVANZADO,17,17,0,100.0,1,149,2,0,1,0.5515603465355722,0.4484396534644278,Docente Sintético 000055,1,0,1,46,6,83.39,18.77777777777778,MEDIO,CON ACTIVIDAD 90D,CON ACTIVIDAD 90D,,10+,1–2
DOC_000056,SANTIAGO,AUDITORÍA E INGENIERÍA EN CONTROL DE GESTIÓN,ADJUNTO,POR HORAS,INICIAL,15,14,1,93.33,412,491,0,0,0,0.0009318049407983354,0.9990681950592016,Docente Sintético 000056,1,0,0,36,0,79.91,8.114285714285714,ALTO,SIN ACTIVIDAD 90D,SIN ACTIVIDAD 90D,,10+,0
DOC_000057,SANTIAGO,AUDITORÍA E INGENIERÍA EN CONTROL DE GESTIÓN,ADJUNTO,POR HORAS,AVANZADO,19,18,1,94.74,231,355,0,0,0,0.0005529492431805074,0.9994470507568196,Docente Sintético 000057,1,0,0,52,0,80.24,9.07843137254902,ALTO,SIN ACTIVIDAD 90D,SIN ACTIVIDAD 90D,,10+,0
DOC_000059,SANTIAGO,AUDITORÍA E INGENIERÍA EN CONTROL DE GESTIÓN,ADJUNTO,POR HORAS,SIN_NIVEL,2,1,1,50.0,478,486,0,0,0,0.00026399863559876816,0.9997360013644012,Docente Sintético 000059,1,0,0,2,0,85.15,4.0,ALTO,SIN ACTIVIDAD 90D,SIN ACTIVIDAD 90D,,0–3,0
DOC_000060,SANTIAGO,AUDITORÍA E INGENIERÍA EN CONTROL DE GESTIÓN,ADJUNTO,POR HORAS,HABILITANTE,9,8,1,88.89,636,672,0,0,0,0.00016143453303466563,0.9998385654669654,Docente Sintético 000060,1,0,0,12,0,87.31,5.454545454545454,ALTO,SIN ACTIVIDAD 90D,SIN ACTIVIDAD 90D,,7–9,0
DOC_000061,SANTIAGO,DEPARTAMENTO DE ANÁLISIS DE DATOS,REGULAR,CONTRATADO,SIN_NIVEL,6,5,1,83.33,18,121,5,0,0,0.0268560484061835,0.9731439515938164,Docente Sintético 000061,5,5,6,6,6,88.42,17.0,ALTO,CON ACTIVIDAD 90D,CON ACTIVIDAD 90D,,4–6,3–5
DOC_000062,SANTIAGO,DEPARTAMENTO DE ANÁLISIS DE DATOS,ADJUNTO,POR HORAS,INICIAL,13,13,0,100.0,96,96,0,0,0,0.0363460016495337,0.9636539983504664,Docente Sintético 000062,2,0,3,28,9,83.44,14.074074074074074,ALTO,SIN ACTIVIDAD 90D,SIN ACTIVIDAD 90D,,10+,0
DOC_000063,SANTIAGO,DEPARTAMENTO DE ANÁLISIS DE DATOS,ADJUNTO,POR HORAS,AVANZADO,17,17,0,100.0,4,111,2,1,1,0.5321264368979479,0.4678735631020521,Docente Sintético 000063,1,0,2,46,8,81.7,18.711111111111112,MEDIO,CON ACTIVIDAD 90D,CON ACTIVIDAD 90D,,10+,1–2
DOC_000064,SANTIAGO,DEPARTAMENTO DE CIENCIAS BIOLÓGICAS,REGULAR,CONTRATADO,SIN_NIVEL,0,0,0,0.0,0,0,0,0,0,0.0003618999272872301,0.9996381000727128,Docente Sintético 000064,6,0,0,0,0,,,ALTO,SIN ACTIVIDAD 90D,SIN ACTIVIDAD 90D,≤50%,0–3,0
DOC_000065,SANTIAGO,DEPARTAMENTO DE CIENCIAS BIOLÓGICAS,REGULAR,CONTRATADO,AVANZADO,19,19,0,100.0,5,206,8,1,1,0.7164115715532534,0.2835884284467466,Docente Sintético 000065,6,2,2,55,11,82.07,15.48148148148148,BAJO,CON ACTIVIDAD 90D,CON ACTIVIDAD 90D,,10+,6+
DOC_000066,SANTIAGO,DEPARTAMENTO DE CIENCIAS BIOLÓGICAS,REGULAR,CONTRATADO,AVANZADO,17,17,0,100.0,5,141,2,0,0,0.3492381251158817,0.6507618748841183,Docente Sintético 000066,6,0,1,46,6,84.62,15.28888888888889,ALTO,CON ACTIVIDAD 90D,CON ACTIVIDAD 90D,,10+,1–2
DOC_000067,SANTIAGO,DEPARTAMENTO DE CIENCIAS BIOLÓGICAS,REGULAR,CONTRATADO,SIN_NIVEL,0,0,0,0.0,121,121,0,0,0,0.0002888088803213583,0.9997111911196788,Docente Sintético 000067,6,0,0,0,0,,,ALTO,SIN ACTIVIDAD 90D,SIN ACTIVIDAD 90D,≤50%,0–3,0
DOC_000068,SANTIAGO,DEPARTAMENTO DE CIENCIAS BIOLÓGICAS,REGULAR,CONTRATADO,AVANZADO,20,19,1,95.0,18,242,9,0,0,0.056583864647654,0.943416135352346,Docente Sintético 000068,6,3,3,56,12,79.44,15.163636363636364,ALTO,CON ACTIVIDAD 90D,CON ACTIVIDAD 90D,,10+,6+
DOC_000070,SANTIAGO,DEPARTAMENTO DE CIENCIAS BIOLÓGICAS,REGULAR,CONTRATADO,INICIAL,16,15,1,93.75,483,584,0,0,0,0.001134036359794,0.998865963640206,Docente Sintético 000070,6,0,0,40,0,81.39,9.333333333333334,ALTO,SIN ACTIVIDAD 90D,SIN ACTIVIDAD 90D,,10+,0
DOC_000071,SANTIAGO,DEPARTAMENTO DE CIENCIAS BIOLÓGICAS,REGULAR,CONTRATADO,SIN_NIVEL,8,5,3,62.5,280,333,0,0,0,0.00026399863559876816,0.9997360013644012,Docente Sintético 000071,6,0,0,8,0,84.22,7.285714285714286,ALTO,SIN ACTIVIDAD 90D,SIN ACTIVIDAD 90D,,4–6,0
DOC_000072,SANTIAGO,DEPARTAMENTO DE CIENCIAS BIOLÓGICAS,REGULAR,CONTRATADO,HABILITANTE,13,12,1,92.31,583,828,0,0,0,0.00016143453303466563,0.9998385654669654,Docente Sintético 000072,6,0,0,28,0,83.9,9.88888888888889,ALTO,SIN ACTIVIDAD 90D,SIN ACTIVIDAD 90D,,10+,0
DOC_000073,SANTIAGO,DEPARTAMENTO DE CIENCIAS BIOLÓGICAS,REGULAR,CONTRATADO,INICIAL,13,13,0,100.0,105,105,0,0,0,0.0165185795868285,0.9834814204131714,Docente Sintético 000073,5,0,2,28,7,83.17,14.0,ALTO,SIN ACTIVIDAD 90D,SIN ACTIVIDAD 90D,,10+,0
DOC_000074,SANTIAGO,DEPARTAMENTO DE CIENCIAS BIOLÓGICAS,REGULAR,CONTRATADO,AVANZADO,20,20,0,100.0,105,260,0,0,0,0.0207732496558473,0.9792267503441526,Docente Sintético 000074,5,0,2,56,8,80.9,10.763636363636364,ALTO,SIN ACTIVIDAD 90D,SIN ACTIVIDAD 90D,,10+,0
DOC_000075,SANTIAGO,DEPARTAMENTO DE CIENCIAS BIOLÓGICAS,REGULAR,CONTRATADO,HABILITANTE,11,11,0,100.0,171,357,0,0,0,0.0126894148180458,0.987310585181954,Docente Sintético 000075,5,0,1,20,1,85.68,15.578947368421051,ALTO,SIN ACTIVIDAD 90D,SIN ACTIVIDAD 90D,,10+,0
DOC_000076,SANTIAGO,DEPARTAMENTO DE CIENCIAS BIOLÓGICAS,REGULAR,CONTRATADO,AVANZADO,17,17,0,100.0,2,214,1,1,1,0.5413472282679509,0.4586527717320491,Docente Sintético 000076,5,0,0,45,1,82.61,19.068181818181817,MEDIO,CON ACTIVIDAD 90D,CON ACTIVIDAD 90D,,10+,1–2
DOC_000077,SANTIAGO,DEPARTAMENTO DE CIENCIAS BIOLÓGICAS,REGULAR,CONTRATADO,HABILITANTE,8,8,0,100.0,5,180,2,0,0,0.0466121968515338,0.9533878031484662,Docente Sintético 000077,5,0,1,10,3,91.89,34.44444444444444,ALTO,CON ACTIVIDAD 90D,CON ACTIVIDAD 90D,,7–9,1–2
DOC_000078,SANTIAGO,DEPARTAMENTO DE CIENCIAS BIOLÓGICAS,REGULAR,CONTRATADO,AVANZADO,20,19,1,95.0,197,353,0,0,0,0.0016321098928748,0.9983678901071252,Docente Sintético 000078,5,0,0,56,0,83.26,9.10909090909091,ALTO,SIN ACTIVIDAD 90D,SIN ACTIVIDAD 90D,,10+,0
DOC_000079,SANTIAGO,DEPARTAMENTO DE CIENCIAS BIOLÓGICAS,REGULAR,CONTRATADO,HABILITANTE,12,10,2,83.33,404,635,0,0,0,0.00012376974960717034,0.9998762302503929,Docente Sintético 000079,5,0,0,24,0,82.24,12.565217391304348,ALTO,SIN ACTIVIDAD 90D,SIN ACTIVIDAD 90D,,10+,0
DOC_000080,SANTIAGO,DEPARTAMENTO DE CIENCIAS BIOLÓGICAS,REGULAR,CONTRATADO,HABILITANTE,10,9,1,90.0,45,275,6,0,0,0.0105711289090746,0.9894288710909254,Docente Sintético 000080,5,2,2,16,8,85.29,18.666666666666668,ALTO,CON ACTIVIDAD 90D,CON ACTIVIDAD 90D,,7–9,6+
DOC_000081,SANTIAGO,DEPARTAMENTO DE CIENCIAS BIOLÓGICAS,REGULAR,CONTRATADO,SIN_NIVEL,0,0,0,0.0,0,0,0,0,0,0.0003618999272872301,0.9996381000727128,Docente Sintético 000081,5,0,0,0,0,,,ALTO,SIN ACTIVIDAD 90D,SIN ACTIVIDAD 90D,≤50%,0–3,0
DOC_000082,SANTIAGO,DEPARTAMENTO DE CIENCIAS BIOLÓGICAS,REGULAR,CONTRATADO,AVANZADO,21,20,1,95.24,66,333,3,0,0,0.002533324190321,0.997466675809679,Docente Sintético 000082,5,1,3,60,12,80.46,13.305084745762713,ALTO,CON ACTIVIDAD 90D,CON ACTIVIDAD 90D,,10+,3–5
DOC_000083,SANTIAGO,DEPARTAMENTO DE CIENCIAS BIOLÓGICAS,REGULAR,CONTRATADO,HABILITANTE,12,9,3,75.0,595,788,0,0,0,0.00012376974960717034,0.9998762302503929,Docente Sintético 000083,5,0,0,24,0,79.73,10.956521739130435,ALTO,SIN ACTIVIDAD 90D,SIN ACTIVIDAD 90D,,7–9,0
DOC_000084,SANTIAGO,DEPARTAMENTO DE CIENCIAS BIOLÓGICAS,REGULAR,CONTRATADO,SIN_NIVEL,5,3,2,60.0,95,333,0,0,0,0.00032299568574626085,0.9996770043142538,Docente Sintético 000084,5,0,5,5,5,84.72,5.0,ALTO,SIN ACTIVIDAD 90D,SIN ACTIVIDAD 90D,,0–3,0
DOC_000085,SANTIAGO,DEPARTAMENTO DE CIENCIAS BIOLÓGICAS,ADJUNTO,POR HORAS,AVANZADO,17,17,0,100.0,122,122,0,0,0,0.0679299977924043,0.9320700022075956,Docente Sintético 000085,3,0,2,44,6,81.56,16.767441860465116,ALTO,SIN ACTIVIDAD 90D,SIN ACTIVIDAD 90D,,10+,0
DOC_000086,SANTIAGO,DEPARTAMENTO DE CIENCIAS BIOLÓGICAS,ADJUNTO,POR HORAS,HABILITANTE,13,10,3,76.92,51,364,4,0,0,0.0177049549713315,0.9822950450286684,Docente Sintético 000086,3,1,3,28,12,77.31,15.666666666666666,ALTO,CON ACTIVIDAD 90D,CON ACTIVIDAD 90D,,10+,3–5
DOC_000087,SANTIAGO,DEPARTAMENTO DE CIENCIAS BIOLÓGICAS,ADJUNTO,POR HORAS,AVANZADO,19,18,1,94.74,59,240,4,0,0,0.0097442119362264,0.9902557880637736,Docente Sintético 000087,3,1,2,52,8,80.84,15.411764705882351,ALTO,CON ACTIVIDAD 90D,CON ACTIVIDAD 90D,,10+,3–5
DOC_000088,SANTIAGO,DEPARTAMENTO DE CIENCIAS BIOLÓGICAS,ADJUNTO,POR HORAS,INICIAL,15,14,1,93.33,102,318,0,0,0,0.0051785950082626,0.9948214049917372,Docente Sintético 000088,3,0,2,36,7,81.94,17.057142857142857,ALTO,SIN ACTIVIDAD 90D,SIN ACTIVIDAD 90D,,10+,0
DOC_000089,SANTIAGO,DEPARTAMENTO DE CIENCIAS BIOLÓGICAS,ADJUNTO,POR HORAS,SIN_NIVEL,3,3,0,100.0,476,486,0,0,0,0.0016534871483459,0.998346512851654,Docente Sintético 000089,3,0,0,3,0,92.93,2.5,ALTO,SIN ACTIVIDAD 90D,SIN ACTIVIDAD 90D,,0–3,0
DOC_000090,SANTIAGO,DEPARTAMENTO DE CIENCIAS BIOLÓGICAS,ADJUNTO,POR HORAS,SIN_NIVEL,4,2,2,50.0,56,333,3,0,0,0.0140725797326455,0.9859274202673544,Docente Sintético 000090,3,3,4,4,4,80.3,19.0,ALTO,CON ACTIVIDAD 90D,CON ACTIVIDAD 90D,,0–3,3–5
DOC_000091,SANTIAGO,DEPARTAMENTO DE CIENCIAS BIOLÓGICAS,ADJUNTO,POR HORAS,HABILITANTE,13,12,1,92.31,194,430,0,0,0,0.00016143453303466563,0.9998385654669654,Docente Sintético 000091,3,0,0,28,0,84.95,10.444444444444445,ALTO,SIN ACTIVIDAD 90D,SIN ACTIVIDAD 90D,,10+,0
DOC_000092,SANTIAGO,DEPARTAMENTO DE CIENCIAS BIOLÓGICAS,ADJUNTO,POR HORAS,SIN_NIVEL,6,5,1,83.33,22,333,4,0,0,0.0208811864699509,0.979118813530049,Docente Sintético 000092,3,4,6,6,6,84.18,18.6,ALTO,CON ACTIVIDAD 90D,CON ACTIVIDAD 90D,,4–6,3–5
DOC_000093,SANTIAGO,DEPARTAMENTO DE CIENCIAS BIOLÓGICAS,ADJUNTO,POR HORAS,SIN_NIVEL,1,1,0,100.0,329,333,0,0,0,0.0017099843234871,0.9982900156765128,Docente Sintético 000093,3,0,0,1,0,90.0,,ALTO,SIN ACTIVIDAD 90D,SIN ACTIVIDAD 90D,,0–3,0
DOC_000094,SANTIAGO,DEPARTAMENTO DE CIENCIAS BIOLÓGICAS,ADJUNTO,POR HORAS,INICIAL,14,14,0,100.0,438,576,0,0,0,0.0063418560575474,0.9936581439424526,Docente Sintético 000094,3,0,0,32,0,84.56,13.32258064516129,ALTO,SIN ACTIVIDAD 90D,SIN ACTIVIDAD 90D,,10+,0
DOC_000095,SANTIAGO,DEPARTAMENTO DE CIENCIAS BIOLÓGICAS,ADJUNTO,POR HORAS,SIN_NIVEL,1,1,0,100.0,115,121,0,0,0,0.0029685634008029,0.9970314365991972,Docente Sintético 000095,3,0,1,1,1,100.0,,ALTO,SIN ACTIVIDAD 90D,SIN ACTIVIDAD 90D,,0–3,0
DOC_000096,SANTIAGO,DEPARTAMENTO DE CIENCIAS BIOLÓGICAS,ADJUNTO,POR HORAS,HABILITANTE,11,11,0,100.0,6,371,7,1,1,0.5105525564514368,0.4894474435485632,Docente Sintético 000096,3,1,3,23,14,85.45,21.5,MEDIO,CON ACTIVIDAD 90D,CON ACTIVIDAD 90D,,10+,6+
DOC_000097,SANTIAGO,DEPARTAMENTO DE CIENCIAS BIOLÓGICAS,ADJUNTO,POR HORAS,AVANZADO,20,19,1,95.0,200,343,0,0,0,0.0011702331937977,0.9988297668062022,Docente Sintético 000097,3,0,0,56,0,81.24,11.836363636363636,ALTO,SIN ACTIVIDAD 90D,SIN ACTIVIDAD 90D,,10+,0
DOC_000098,SANTIAGO,DEPARTAMENTO DE CIENCIAS BIOLÓGICAS,ADJUNTO,POR HORAS,HABILITANTE,12,11,1,91.67,329,636,0,0,0,0.00016143453303466563,0.9998385654669654,Docente Sintético 000098,3,0,0,24,0,85.55,15.478260869565217,ALTO,SIN ACTIVIDAD 90D,SIN ACTIVIDAD 90D,,10+,0
DOC_000099,SANTIAGO,DEPARTAMENTO DE CIENCIAS BIOLÓGICAS,ADJUNTO,POR HORAS,HABILITANTE,11,9,2,81.82,562,674,0,0,0,0.00012376974960717034,0.9998762302503929,Docente Sintético 000099,3,0,0,20,0,82.49,7.2105263157894735,ALTO,SIN ACTIVIDAD 90D,SIN ACTIVIDAD 90D,,7–9,0
DOC_000100,SANTIAGO,DEPARTAMENTO DE CIENCIAS BIOLÓGICAS,ADJUNTO,POR HORAS,HABILITANTE,9,9,0,100.0,637,673,0,0,0,0.0015985582739165,0.9984014417260836,Docente Sintético 000100,3,0,0,12,0,87.49,5.363636363636363,ALTO,SIN ACTIVIDAD 90D,SIN ACTIVIDAD 90D,,7–9,0
DOC_000101,SANTIAGO,DEPARTAMENTO DE CIENCIAS BIOLÓGICAS,ADJUNTO,POR HORAS,SIN_NIVEL,8,5,3,62.5,310,333,0,0,0,0.00022633385217127292,0.9997736661478288,Docente Sintético 000101,3,0,0,8,0,80.47,3.0,ALTO,SIN ACTIVIDAD 90D,SIN ACTIVIDAD 90D,,4–6,0
DOC_000102,SANTIAGO,DEPARTAMENTO DE CIENCIAS BIOLÓGICAS,ADJUNTO,POR HORAS,HABILITANTE,10,10,0,100.0,410,633,0,0,0,0.0021473448022166,0.9978526551977832,Docente Sintético 000102,3,0,0,16,0,90.22,18.53333333333333,ALTO,SIN ACTIVIDAD 90D,SIN ACTIVIDAD 90D,,10+,0
DOC_000103,SANTIAGO,DEPARTAMENTO DE CIENCIAS BIOLÓGICAS,ADJUNTO,POR HORAS,SIN_NIVEL,1,0,1,0.0,112,333,0,0,0,0.00028533090231876564,0.9997146690976813,Docente Sintético 000103,3,0,1,1,1,76.8,,ALTO,SIN ACTIVIDAD 90D,SIN ACTIVIDAD 90D,≤50%,0–3,0
DOC_000105,SANTIAGO,DEPARTAMENTO DE CIENCIAS BIOLÓGICAS,ADJUNTO,POR HORAS,SIN_NIVEL,0,0,0,0.0,333,333,0,0,0,0.0002888088803213583,0.9997111911196788,Docente Sintético 000105,3,0,0,0,0,,,ALTO,SIN ACTIVIDAD 90D,SIN ACTIVIDAD 90D,≤50%,0–3,0
DOC_000106,SANTIAGO,DEPARTAMENTO DE CIENCIAS BIOLÓGICAS,ADJUNTO,POR HORAS,SIN_NIVEL,0,0,0,0.0,333,333,0,0,0,0.0002888088803213583,0.9997111911196788,Docente Sintético 000106,3,0,0,0,0,,,ALTO,SIN ACTIVIDAD 90D,SIN ACTIVIDAD 90D,≤50%,0–3,0
DOC_000107,SANTIAGO,DEPARTAMENTO DE CIENCIAS BIOLÓGICAS,ADJUNTO,POR HORAS,SIN_NIVEL,2,2,0,100.0,113,486,0,0,0,0.0017124841984934,0.9982875158015064,Docente Sintético 000107,3,0,2,2,2,90.95,8.0,ALTO,SIN ACTIVIDAD 90D,SIN ACTIVIDAD 90D,,0–3,0
DOC_000108,SANTIAGO,DEPARTAMENTO DE CIENCIAS BIOLÓGICAS,ADJUNTO,POR HORAS,HABILITANTE,9,8,1,88.89,180,276,0,0,0,0.0002564676192181944,0.9997435323807818,Docente Sintético 000108,3,0,1,12,1,86.0,13.545454545454543,ALTO,SIN ACTIVIDAD 90D,SIN ACTIVIDAD 90D,,7–9,0
DOC_000109,SANTIAGO,DEPARTAMENTO DE CIENCIAS BIOLÓGICAS,ADJUNTO,POR HORAS,AVANZADO,17,17,0,100.0,3,30,7,0,0,0.32556841825756,0.67443158174244,Docente Sintético 000109,3,2,4,45,16,81.51,19.022727272727277,ALTO,CON ACTIVIDAD 90D,CON ACTIVIDAD 90D,,10+,6+
DOC_000110,SANTIAGO,DEPARTAMENTO DE CIENCIAS BIOLÓGICAS,ADJUNTO,POR HORAS,HABILITANTE,10,10,0,100.0,598,672,0,0,0,0.0016874471628053,0.9983125528371946,Docente Sintético 000110,3,0,0,16,0,83.6,6.4,ALTO,SIN ACTIVIDAD 90D,SIN ACTIVIDAD 90D,,10+,0
DOC_000111,SANTIAGO,DEPARTAMENTO DE CIENCIAS BIOLÓGICAS,ADJUNTO,POR HORAS,AVANZADO,20,20,0,100.0,105,257,0,0,0,0.0301276190313178,0.969872380968682,Docente Sintético 000111,3,0,2,56,8,81.59,10.78181818181818,ALTO,SIN ACTIVIDAD 90D,SIN ACTIVIDAD 90D,,10+,0
DOC_000112,SANTIAGO,DEPARTAMENTO DE CIENCIAS BIOLÓGICAS,ADJUNTO,POR HORAS,SIN_NIVEL,2,1,1,50.0,469,486,0,0,0,0.00026399863559876816,0.9997360013644012,Docente Sintético 000112,3,0,0,2,0,84.35,9.0,ALTO,SIN ACTIVIDAD 90D,SIN ACTIVIDAD 90D,,0–3,0
DOC_000113,SANTIAGO,DEPARTAMENTO DE CIENCIAS BIOLÓGICAS,ADJUNTO,POR HORAS,AVANZADO,20,17,3,85.0,297,438,0,0,0,0.0005529492431805074,0.9994470507568196,Docente Sintético 000113,3,0,0,56,0,80.3,10.090909090909092,ALTO,SIN ACTIVIDAD 90D,SIN ACTIVIDAD 90D,,10+,0
DOC_000114,SANTIAGO,DEPARTAMENTO DE CIENCIAS BIOLÓGICAS,ADJUNTO,POR HORAS,HABILITANTE,9,9,0,100.0,530,668,0,0,0,0.0017081955456761,0.998291804454324,Docente Sintético 000114,3,0,0,12,0,92.38,14.818181818181818,ALTO,SIN ACTIVIDAD 90D,SIN ACTIVIDAD 90D,,7–9,0
DOC_000115,SANTIAGO,DEPARTAMENTO DE CIENCIAS BIOLÓGICAS,ADJUNTO,POR HORAS,AVANZADO,21,20,1,95.24,163,355,0,0,0,0.0008302208310095459,0.9991697791689904,Docente Sintético 000115,3,0,1,60,3,81.5,11.66101694915254,ALTO,SIN ACTIVIDAD 90D,SIN ACTIVIDAD 90D,,10+,0
DOC_000116,SANTIAGO,DEPARTAMENTO DE CIENCIAS BIOLÓGICAS,ADJUNTO,POR HORAS,AVANZADO,17,17,0,100.0,5,109,2,1,1,0.565847492349418,0.434152507650582,Docente Sintético 000116,3,0,2,46,8,79.44,18.8,MEDIO,CON ACTIVIDAD 90D,CON ACTIVIDAD 90D,,10+,1–2
DOC_000117,SANTIAGO,DEPARTAMENTO DE CIENCIAS BIOLÓGICAS,ADJUNTO,POR HORAS,AVANZADO,19,19,0,100.0,229,346,0,0,0,0.0092383477841639,0.990761652215836,Docente Sintético 000117,3,0,0,52,0,81.15,12.176470588235292,ALTO,SIN ACTIVIDAD 90D,SIN ACTIVIDAD 90D,,10+,0
DOC_000118,SANTIAGO,DEPARTAMENTO DE CIENCIAS BIOLÓGICAS,ADJUNTO,POR HORAS,HABILITANTE,12,11,1,91.67,494,804,0,0,0,0.00016143453303466563,0.9998385654669654,Docente Sintético 000118,3,0,0,24,0,85.28,15.173913043478262,ALTO,SIN ACTIVIDAD 90D,SIN ACTIVIDAD 90D,,10+,0
DOC_000119,SANTIAGO,DEPARTAMENTO DE CIENCIAS BIOLÓGICAS,ADJUNTO,POR HORAS,HABILITANTE,11,9,2,81.82,574,790,0,0,0,0.00012376974960717034,0.9998762302503929,Docente Sintético 000119,3,0,0,20,0,82.28,14.105263157894736,ALTO,SIN ACTIVIDAD 90D,SIN ACTIVIDAD 90D,,7–9,0
DOC_000120,SANTIAGO,DEPARTAMENTO DE CIENCIAS BIOLÓGICAS,ADJUNTO,POR HORAS,HABILITANTE,12,12,0,100.0,521,670,0,0,0,0.0015985582739165,0.9984014417260836,Docente Sintético 000120,3,0,0,24,0,84.78,7.565217391304348,ALTO,SIN ACTIVIDAD 90D,SIN ACTIVIDAD 90D,,10+,0
DOC_000121,SANTIAGO,DEPARTAMENTO DE CIENCIAS BIOLÓGICAS,ADJUNTO,POR HORAS,HABILITANTE,12,9,3,75.0,593,798,0,0,0,0.00012376974960717034,0.9998762302503929,Docente Sintético 000121,3,0,0,24,0,80.26,10.73913043478261,ALTO,SIN ACTIVIDAD 90D,SIN ACTIVIDAD 90D,,7–9,0
DOC_000122,SANTIAGO,DEPARTAMENTO DE CIENCIAS BIOLÓGICAS,ADJUNTO,POR HORAS,HABILITANTE,12,10,2,83.33,186,593,0,0,0,0.00021034983618725692,0.9997896501638128,Docente Sintético 000122,3,0,0,24,0,78.2,22.08695652173913,ALTO,SIN ACTIVIDAD 90D,SIN ACTIVIDAD 90D,,10+,0
DOC_000123,SANTIAGO,DEPARTAMENTO DE CIENCIAS BIOLÓGICAS,ADJUNTO,POR HORAS,HABILITANTE,11,9,2,81.82,456,643,0,0,0,0.00016143453303466563,0.9998385654669654,Docente Sintético 000123,3,0,0,20,0,85.38,12.157894736842104,ALTO,SIN ACTIVIDAD 90D,SIN ACTIVIDAD 90D,,7–9,0
DOC_000124,SANTIAGO,DEPARTAMENTO DE FÍSICA-QUÍMICA,REGULAR,CONTRATADO,INICIAL,15,15,0,100.0,7,202,9,0,1,0.5718277059955856,0.4281722940044143,Docente Sintético 000124,5,2,2,39,11,82.02,12.5,MEDIO,CON ACTIVIDAD 90D,CON ACTIVIDAD 90D,,10+,6+
DOC_000125,SANTIAGO,DEPARTAMENTO DE FÍSICA-QUÍMICA,REGULAR,CONTRATADO,SIN_NIVEL,0,0,0,0.0,333,333,0,0,0,0.0067987485484093,0.9932012514515908,Docente Sintético 000125,5,0,0,0,0,,,ALTO,SIN ACTIVIDAD 90D,SIN ACTIVIDAD 90D,≤50%,0–3,0
DOC_000126,SANTIAGO,DEPARTAMENTO DE FÍSICA-QUÍMICA,REGULAR,CONTRATADO,HABILITANTE,10,9,1,90.0,687,829,0,0,0,0.00011537344398164558,0.9998846265560184,Docente Sintético 000126,5,0,0,16,0,84.07,10.733333333333333,ALTO,SIN ACTIVIDAD 90D,SIN ACTIVIDAD 90D,,7–9,0
DOC_000127,SANTIAGO,DEPARTAMENTO DE FÍSICA-QUÍMICA,REGULAR,CONTRATADO,HABILITANTE,12,9,3,75.0,439,667,0,0,0,0.00011537344398164558,0.9998846265560184,Docente Sintético 000127,5,0,0,24,0,77.03,11.0,ALTO,SIN ACTIVIDAD 90D,SIN ACTIVIDAD 90D,,7–9,0
DOC_000128,SANTIAGO,DEPARTAMENTO DE FÍSICA-QUÍMICA,REGULAR,CONTRATADO,SIN_NIVEL,1,1,0,100.0,329,486,0,0,0,0.0076025490632201,0.9923974509367798,Docente Sintético 000128,5,0,0,1,0,94.6,,ALTO,SIN ACTIVIDAD 90D,SIN ACTIVIDAD 90D,,0–3,0
DOC_000129,SANTIAGO,DEPARTAMENTO DE FÍSICA-QUÍMICA,ADJUNTO,POR HORAS,AVANZADO,20,20,0,100.0,11,257,10,0,1,0.6308229494417892,0.3691770505582108,Docente Sintético 000129,2,3,3,56,12,81.48,15.163636363636364,MEDIO,CON ACTIVIDAD 90D,CON ACTIVIDAD 90D,,10+,6+
DOC_000130,SANTIAGO,DEPARTAMENTO DE FÍSICA-QUÍMICA,ADJUNTO,POR HORAS,INICIAL,13,13,0,100.0,5,199,2,1,0,0.4785200821128891,0.5214799178871108,Docente Sintético 000130,2,0,0,30,2,86.78,16.413793103448278,MEDIO,CON ACTIVIDAD 90D,CON ACTIVIDAD 90D,,10+,1–2
DOC_000131,SANTIAGO,DEPARTAMENTO DE FÍSICA-QUÍMICA,ADJUNTO,POR HORAS,HABILITANTE,9,9,0,100.0,532,641,0,0,0,0.0009835176246881722,0.9990164823753118,Docente Sintético 000131,2,0,0,12,0,85.09,14.454545454545457,ALTO,SIN ACTIVIDAD 90D,SIN ACTIVIDAD 90D,,7–9,0
DOC_000132,SANTIAGO,DEPARTAMENTO DE FÍSICA-QUÍMICA,ADJUNTO,POR HORAS,HABILITANTE,10,9,1,90.0,680,808,0,0,0,0.00011537344398164558,0.9998846265560184,Docente Sintético 000132,2,0,0,16,0,82.57,11.333333333333334,ALTO,SIN ACTIVIDAD 90D,SIN ACTIVIDAD 90D,,7–9,0
DOC_000133,SANTIAGO,DEPARTAMENTO DE FÍSICA-QUÍMICA,ADJUNTO,POR HORAS,AVANZADO,19,19,0,100.0,62,250,4,0,0,0.0749943716508372,0.9250056283491628,Docente Sintético 000133,2,1,2,52,8,80.47,15.235294117647058,ALTO,CON ACTIVIDAD 90D,CON ACTIVIDAD 90D,,10+,3–5
DOC_000134,SANTIAGO,DEPARTAMENTO DE FÍSICA-QUÍMICA,ADJUNTO,POR HORAS,INICIAL,13,13,0,100.0,2,191,3,1,1,0.5381944747568759,0.4618055252431241,Docente Sintético 000134,1,0,0,31,3,83.89,15.9,MEDIO,CON ACTIVIDAD 90D,CON ACTIVIDAD 90D,,10+,3–5
DOC_000135,SANTIAGO,DEPARTAMENTO DE FÍSICA-QUÍMICA,ADJUNTO,POR HORAS,SIN_NIVEL,0,0,0,0.0,333,333,0,0,0,0.0067987485484093,0.9932012514515908,Docente Sintético 000135,1,0,0,0,0,,,ALTO,SIN ACTIVIDAD 90D,SIN ACTIVIDAD 90D,≤50%,0–3,0
DOC_000136,SANTIAGO,DEPARTAMENTO DE FÍSICA-QUÍMICA,ADJUNTO,POR HORAS,HABILITANTE,10,8,2,80.0,585,782,0,0,0,0.00020195353056173213,0.9997980464694384,Docente Sintético 000136,1,0,0,16,0,82.66,17.133333333333333,ALTO,SIN ACTIVIDAD 90D,SIN ACTIVIDAD 90D,,7–9,0
DOC_000137,SANTIAGO,DEPARTAMENTO DE FÍSICA-QUÍMICA,ADJUNTO,POR HORAS,HABILITANTE,10,9,1,90.0,472,746,0,0,0,0.0006019535305617322,0.9993980464694384,Docente Sintético 000137,1,0,0,16,0,87.02,24.6,ALTO,SIN ACTIVIDAD 90D,SIN ACTIVIDAD 90D,,7–9,0
DOC_000138,SANTIAGO,DEPARTAMENTO DE MATEMÁTICAS,REGULAR,CONTRATADO,INICIAL,16,16,0,100.0,0,285,9,1,1,0.8270080362840037,0.1729919637159963,Docente Sintético 000138,5,3,3,40,12,84.22,17.71794871794872,BAJO,CON ACTIVIDAD 90D,CON ACTIVIDAD 90D,,10+,6+
DOC_000139,SANTIAGO,DEPARTAMENTO DE MATEMÁTICAS,REGULAR,CONTRATADO,AVANZADO,21,19,2,90.48,70,249,2,0,0,0.0046068407252037,0.9953931592747962,Docente Sintético 000139,5,1,4,60,13,81.44,10.59322033898305,ALTO,CON ACTIVIDAD 90D,CON ACTIVIDAD 90D,,10+,1–2
DOC_000140,SANTIAGO,DEPARTAMENTO DE MATEMÁTICAS,REGULAR,CONTRATADO,AVANZADO,17,17,0,100.0,1,144,2,1,0,0.3045214753019992,0.6954785246980008,Docente Sintético 000140,5,0,1,46,6,85.75,15.311111111111112,ALTO,CON ACTIVIDAD 90D,CON ACTIVIDAD 90D,,10+,1–2
DOC_000141,SANTIAGO,DEPARTAMENTO DE MATEMÁTICAS,REGULAR,CONTRATADO,SIN_NIVEL,0,0,0,0.0,0,0,0,0,0,0.0003618999272872301,0.9996381000727128,Docente Sintético 000141,5,0,0,0,0,,,ALTO,SIN ACTIVIDAD 90D,SIN ACTIVIDAD 90D,≤50%,0–3,0
DOC_000142,SANTIAGO,DEPARTAMENTO DE MATEMÁTICAS,REGULAR,CONTRATADO,AVANZADO,20,20,0,100.0,3,232,9,1,1,0.8300391732183418,0.1699608267816582,Docente Sintético 000142,5,3,3,56,12,81.32,15.236363636363636,BAJO,CON ACTIVIDAD 90D,CON ACTIVIDAD 90D,,10+,6+
DOC_000143,SANTIAGO,DEPARTAMENTO DE MATEMÁTICAS,REGULAR,CONTRATADO,AVANZADO,17,17,0,100.0,4,164,2,0,0,0.3139049625437686,0.6860950374562313,Docente Sintético 000143,5,0,1,46,5,81.09,15.155555555555557,ALTO,CON ACTIVIDAD 90D,CON ACTIVIDAD 90D,,10+,1–2
DOC_000144,SANTIAGO,DEPARTAMENTO DE MATEMÁTICAS,REGULAR,CONTRATADO,AVANZADO,17,17,0,100.0,1,150,3,1,1,0.5003636939151564,0.4996363060848435,Docente Sintético 000144,5,0,1,47,7,82.86,14.934782608695652,MEDIO,CON ACTIVIDAD 90D,CON ACTIVIDAD 90D,,10+,3–5
DOC_000145,SANTIAGO,DEPARTAMENTO DE MATEMÁTICAS,REGULAR,CONTRATADO,SIN_NIVEL,0,0,0,0.0,0,0,0,0,0,0.0003618999272872301,0.9996381000727128,Docente Sintético 000145,5,0,0,0,0,,,ALTO,SIN ACTIVIDAD 90D,SIN ACTIVIDAD 90D,≤50%,0–3,0
DOC_000146,SANTIAGO,DEPARTAMENTO DE MATEMÁTICAS,REGULAR,CONTRATADO,SIN_NIVEL,0,0,0,0.0,333,333,0,0,0,0.0002888088803213583,0.9997111911196788,Docente Sintético 000146,5,0,0,0,0,,,ALTO,SIN ACTIVIDAD 90D,SIN ACTIVIDAD 90D,≤50%,0–3,0
DOC_000147,SANTIAGO,DEPARTAMENTO DE MATEMÁTICAS,REGULAR,CONTRATADO,AVANZADO,17,17,0,100.0,1,151,2,0,0,0.4003308622871941,0.5996691377128058,Docente Sintético 000147,5,0,1,46,6,82.3,15.511111111111113,MEDIO,CON ACTIVIDAD 90D,CON ACTIVIDAD 90D,,10+,1–2
DOC_000148,SANTIAGO,DEPARTAMENTO DE MATEMÁTICAS,REGULAR,CONTRATADO,AVANZADO,18,18,0,100.0,365,428,0,0,0,0.0040543987476415,0.9959456012523584,Docente Sintético 000148,5,0,0,48,0,82.3,10.340425531914894,ALTO,SIN ACTIVIDAD 90D,SIN ACTIVIDAD 90D,,10+,0
DOC_000149,SANTIAGO,DEPARTAMENTO DE MATEMÁTICAS,REGULAR,CONTRATADO,SIN_NIVEL,6,5,1,83.33,307,333,0,0,0,0.00026399863559876816,0.9997360013644012,Docente Sintético 000149,5,0,0,6,0,86.13,4.0,ALTO,SIN ACTIVIDAD 90D,SIN ACTIVIDAD 90D,,4–6,0
DOC_000150,SANTIAGO,DEPARTAMENTO DE MATEMÁTICAS,REGULAR,CONTRATADO,HABILITANTE,11,11,0,100.0,141,349,0,0,0,0.0053541491175627,0.9946458508824372,Docente Sintético 000150,5,0,1,20,4,86.86,17.57894736842105,ALTO,SIN ACTIVIDAD 90D,SIN ACTIVIDAD 90D,,10+,0
DOC_000151,SANTIAGO,DEPARTAMENTO DE MATEMÁTICAS,REGULAR,CONTRATADO,SIN_NIVEL,0,0,0,0.0,333,333,0,0,0,0.0002888088803213583,0.9997111911196788,Docente Sintético 000151,5,0,0,0,0,,,ALTO,SIN ACTIVIDAD 90D,SIN ACTIVIDAD 90D,≤50%,0–3,0
DOC_000152,SANTIAGO,DEPARTAMENTO DE MATEMÁTICAS,ADJUNTO,POR HORAS,AVANZADO,20,20,0,100.0,0,243,11,1,1,0.8321291508744189,0.1678708491255811,Docente Sintético 000152,3,3,3,56,12,81.39,15.454545454545457,BAJO,CON ACTIVIDAD 90D,CON ACTIVIDAD 90D,,10+,6+
DOC_000153,SANTIAGO,DEPARTAMENTO DE MATEMÁTICAS,ADJUNTO,POR HORAS,SIN_NIVEL,0,0,0,0.0,121,121,0,0,0,0.0002888088803213583,0.9997111911196788,Docente Sintético 000153,3,0,0,0,0,,,ALTO,SIN ACTIVIDAD 90D,SIN ACTIVIDAD 90D,≤50%,0–3,0
DOC_000154,SANTIAGO,DEPARTAMENTO DE MATEMÁTICAS,ADJUNTO,POR HORAS,INICIAL,16,16,0,100.0,10,288,10,1,1,0.8801385290944673,0.1198614709055326,Docente Sintético 000154,2,3,3,40,12,81.6,17.384615384615383,BAJO,CON ACTIVIDAD 90D,CON ACTIVIDAD 90D,,10+,6+
DOC_000155,SANTIAGO,DEPARTAMENTO DE MATEMÁTICAS,ADJUNTO,POR HORAS,AVANZADO,19,19,0,100.0,46,247,6,0,0,0.0995927415680307,0.9004072584319692,Docente Sintético 000155,2,2,2,52,8,80.84,15.803921568627452,ALTO,CON ACTIVIDAD 90D,CON ACTIVIDAD 90D,,10+,6+
DOC_000156,SANTIAGO,DEPARTAMENTO DE MATEMÁTICAS,ADJUNTO,POR HORAS,SIN_NIVEL,7,7,0,100.0,0,699,6,1,1,0.8213518808532713,0.1786481191467287,Docente Sintético 000156,2,6,7,7,7,92.69,18.666666666666668,BAJO,CON ACTIVIDAD 90D,CON ACTIVIDAD 90D,,7–9,6+
DOC_000157,SANTIAGO,DEPARTAMENTO DE MATEMÁTICAS,ADJUNTO,POR HORAS,INICIAL,15,13,2,86.67,221,379,0,0,0,0.0010552617309217,0.9989447382690784,Docente Sintético 000157,2,0,0,36,0,80.48,13.6,ALTO,SIN ACTIVIDAD 90D,SIN ACTIVIDAD 90D,,10+,0
DOC_000158,SANTIAGO,DEPARTAMENTO DE MATEMÁTICAS,ADJUNTO,POR HORAS,AVANZADO,19,19,0,100.0,2,149,9,1,1,0.7293709957554457,0.2706290042445542,Docente Sintético 000158,2,2,3,55,15,82.97,12.75925925925926,BAJO,CON ACTIVIDAD 90D,CON ACTIVIDAD 90D,,10+,6+
DOC_000159,SANTIAGO,DEPARTAMENTO DE MATEMÁTICAS,ADJUNTO,POR HORAS,AVANZADO,19,18,1,94.74,132,238,0,0,0,0.005070056339881,0.994929943660119,Docente Sintético 000159,2,0,2,52,5,81.19,13.901960784313726,ALTO,SIN ACTIVIDAD 90D,SIN ACTIVIDAD 90D,,10+,0
DOC_000160,SANTIAGO,DEPARTAMENTO DE MATEMÁTICAS,ADJUNTO,POR HORAS,SIN_NIVEL,6,1,5,16.67,468,486,0,0,0,0.00022633385217127292,0.9997736661478288,Docente Sintético 000160,2,0,0,6,0,78.47,3.4,ALTO,SIN ACTIVIDAD 90D,SIN ACTIVIDAD 90D,,0–3,0
DOC_000161,SANTIAGO,DEPARTAMENTO DE MATEMÁTICAS,ADJUNTO,POR HORAS,SIN_NIVEL,0,0,0,0.0,0,0,0,0,0,0.0003618999272872301,0.9996381000727128,Docente Sintético 000161,2,0,0,0,0,,,ALTO,SIN ACTIVIDAD 90D,SIN ACTIVIDAD 90D,≤50%,0–3,0
DOC_000162,SANTIAGO,DEPARTAMENTO DE MATEMÁTICAS,ADJUNTO,POR HORAS,HABILITANTE,11,9,2,81.82,459,667,0,0,0,0.00016143453303466563,0.9998385654669654,Docente Sintético 000162,2,0,0,20,0,84.7,12.526315789473683,ALTO,SIN ACTIVIDAD 90D,SIN ACTIVIDAD 90D,,7–9,0
DOC_000163,SANTIAGO,DEPARTAMENTO DE MATEMÁTICAS,ADJUNTO,POR HORAS,AVANZADO,17,17,0,100.0,0,143,2,1,1,0.5236129110439799,0.4763870889560201,Docente Sintético 000163,2,0,2,46,7,81.74,18.68888888888889,MEDIO,CON ACTIVIDAD 90D,CON ACTIVIDAD 90D,,10+,1–2
DOC_000164,SANTIAGO,DEPARTAMENTO DE MATEMÁTICAS,ADJUNTO,POR HORAS,HABILITANTE,8,8,0,100.0,3,223,1,0,0,0.0264906861901022,0.9735093138098976,Docente Sintético 000164,2,0,0,9,1,89.99,38.625,ALTO,CON ACTIVIDAD 90D,CON ACTIVIDAD 90D,,7–9,1–2
DOC_000166,SANTIAGO,DEPARTAMENTO DE MATEMÁTICAS,ADJUNTO,POR HORAS,SIN_NIVEL,0,0,0,0.0,333,333,0,0,0,0.0002888088803213583,0.9997111911196788,Docente Sintético 000166,2,0,0,0,0,,,ALTO,SIN ACTIVIDAD 90D,SIN ACTIVIDAD 90D,≤50%,0–3,0
DOC_000167,SANTIAGO,DEPARTAMENTO DE MATEMÁTICAS,ADJUNTO,POR HORAS,HABILITANTE,11,11,0,100.0,670,824,0,0,0,0.0012271814623222,0.9987728185376776,Docente Sintético 000167,2,0,0,20,0,86.45,9.473684210526317,ALTO,SIN ACTIVIDAD 90D,SIN ACTIVIDAD 90D,,10+,0
DOC_000168,SANTIAGO,DEPARTAMENTO DE MATEMÁTICAS,ADJUNTO,POR HORAS,HABILITANTE,12,11,1,91.67,335,631,0,0,0,0.00016143453303466563,0.9998385654669654,Docente Sintético 000168,2,0,0,24,0,84.32,15.434782608695652,ALTO,SIN ACTIVIDAD 90D,SIN ACTIVIDAD 90D,,10+,0
DOC_000169,SANTIAGO,DEPARTAMENTO DE MATEMÁTICAS,ADJUNTO,POR HORAS,HABILITANTE,9,9,0,100.0,621,789,0,0,0,0.0015676346572891,0.9984323653427108,Docente Sintético 000169,2,0,0,12,0,89.36,19.90909090909091,ALTO,SIN ACTIVIDAD 90D,SIN ACTIVIDAD 90D,,7–9,0
DOC_000170,SANTIAGO,DEPARTAMENTO DE MATEMÁTICAS,ADJUNTO,POR HORAS,HABILITANTE,11,10,1,90.91,655,822,0,0,0,0.00016143453303466563,0.9998385654669654,Docente Sintético 000170,2,0,0,20,0,83.65,10.157894736842104,ALTO,SIN ACTIVIDAD 90D,SIN ACTIVIDAD 90D,,10+,0
DOC_000171,SANTIAGO,DEPARTAMENTO DE MATEMÁTICAS,ADJUNTO,POR HORAS,INICIAL,15,14,1,93.33,424,564,0,0,0,0.0010552617309217,0.9989447382690784,Docente Sintético 000171,2,0,0,36,0,80.78,12.228571428571428,ALTO,SIN ACTIVIDAD 90D,SIN ACTIVIDAD 90D,,10+,0
DOC_000172,SANTIAGO,DEPARTAMENTO DE MATEMÁTICAS,ADJUNTO,POR HORAS,HABILITANTE,13,12,1,92.31,232,591,0,0,0,0.00024801461961475226,0.9997519853803852,Docente Sintético 000172,2,0,0,28,0,84.38,16.88888888888889,ALTO,SIN ACTIVIDAD 90D,SIN ACTIVIDAD 90D,,10+,0
DOC_000173,SANTIAGO,DEPARTAMENTO DE MATEMÁTICAS,ADJUNTO,POR HORAS,HABILITANTE,8,8,0,100.0,73,73,3,0,0,0.0159135079848215,0.9840864920151784,Docente Sintético 000173,2,3,8,8,8,89.31,6.571428571428571,ALTO,CON ACTIVIDAD 90D,CON ACTIVIDAD 90D,,7–9,3–5
DOC_000174,SANTIAGO,DEPARTAMENTO DE MATEMÁTICAS,ADJUNTO,POR HORAS,SIN_NIVEL,0,0,0,0.0,486,486,0,0,0,0.0002888088803213583,0.9997111911196788,Docente Sintético 000174,2,0,0,0,0,,,ALTO,SIN ACTIVIDAD 90D,SIN ACTIVIDAD 90D,≤50%,0–3,0
DOC_000175,SANTIAGO,DEPARTAMENTO DE MATEMÁTICAS,ADJUNTO,POR HORAS,HABILITANTE,9,9,0,100.0,351,456,0,0,0,0.001164234193019,0.9988357658069807,Docente Sintético 000175,2,0,0,12,0,87.67,11.727272727272728,ALTO,SIN ACTIVIDAD 90D,SIN ACTIVIDAD 90D,,7–9,0
DOC_000176,SANTIAGO,DEPARTAMENTO DE MATEMÁTICAS,ADJUNTO,POR HORAS,HABILITANTE,12,11,1,91.67,593,789,0,0,0,0.00012376974960717034,0.9998762302503929,Docente Sintético 000176,2,0,0,24,0,80.58,11.08695652173913,ALTO,SIN ACTIVIDAD 90D,SIN ACTIVIDAD 90D,,10+,0
DOC_000177,SANTIAGO,DEPARTAMENTO DE MATEMÁTICAS,ADJUNTO,POR HORAS,HABILITANTE,12,11,1,91.67,23,329,6,0,0,0.0148933507249447,0.9851066492750552,Docente Sintético 000177,2,2,4,24,13,82.02,19.565217391304348,ALTO,CON ACTIVIDAD 90D,CON ACTIVIDAD 90D,,10+,6+
DOC_000178,SANTIAGO,DERECHO,REGULAR,CONTRATADO,AVANZADO,20,18,2,90.0,106,241,0,0,0,0.01003113043428,0.98996886956572,Docente Sintético 000178,5,0,3,56,9,78.49,13.309090909090909,ALTO,SIN ACTIVIDAD 90D,SIN ACTIVIDAD 90D,,10+,0
DOC_000179,SANTIAGO,DERECHO,REGULAR,CONTRATADO,SIN_NIVEL,4,2,2,50.0,102,121,0,0,0,0.0004068370238248871,0.9995931629761752,Docente Sintético 000179,5,0,4,4,4,72.7,5.0,ALTO,SIN ACTIVIDAD 90D,SIN ACTIVIDAD 90D,,0–3,0
DOC_000180,SANTIAGO,DERECHO,REGULAR,CONTRATADO,HABILITANTE,11,9,2,81.82,69,215,3,0,0,0.01056198931145,0.98943801068855,Docente Sintético 000180,5,1,3,20,10,84.33,13.157894736842104,ALTO,CON ACTIVIDAD 90D,CON ACTIVIDAD 90D,,7–9,3–5
DOC_000181,SANTIAGO,DERECHO,REGULAR,CONTRATADO,SIN_NIVEL,0,0,0,0.0,0,0,0,0,0,0.0003618999272872301,0.9996381000727128,Docente Sintético 000181,5,0,0,0,0,,,ALTO,SIN ACTIVIDAD 90D,SIN ACTIVIDAD 90D,≤50%,0–3,0
DOC_000182,SANTIAGO,DERECHO,REGULAR,CONTRATADO,HABILITANTE,12,11,1,91.67,608,828,0,0,0,0.00012376974960717034,0.9998762302503929,Docente Sintético 000182,5,0,0,24,0,82.4,10.608695652173912,ALTO,SIN ACTIVIDAD 90D,SIN ACTIVIDAD 90D,,10+,0
DOC_000183,SANTIAGO,DERECHO,REGULAR,CONTRATADO,HABILITANTE,9,9,0,100.0,726,825,0,0,0,0.0072035870848122,0.9927964129151876,Docente Sintético 000183,5,0,0,12,0,90.14,11.272727272727272,ALTO,SIN ACTIVIDAD 90D,SIN ACTIVIDAD 90D,,7–9,0
DOC_000184,SANTIAGO,DERECHO,REGULAR,CONTRATADO,SIN_NIVEL,6,4,2,66.67,649,699,0,0,0,0.00026399863559876816,0.9997360013644012,Docente Sintético 000184,5,0,0,6,0,85.27,8.6,ALTO,SIN ACTIVIDAD 90D,SIN ACTIVIDAD 90D,,4–6,0
DOC_000185,SANTIAGO,DERECHO,ADJUNTO,POR HORAS,AVANZADO,20,19,1,95.0,97,233,0,0,0,0.0057264905354126,0.9942735094645874,Docente Sintético 000185,3,0,3,56,9,81.57,13.50909090909091,ALTO,SIN ACTIVIDAD 90D,SIN ACTIVIDAD 90D,,10+,0
DOC_000186,SANTIAGO,DERECHO,ADJUNTO,POR HORAS,HABILITANTE,10,9,1,90.0,690,828,0,0,0,0.00016143453303466563,0.9998385654669654,Docente Sintético 000186,3,0,0,16,0,84.13,10.8,ALTO,SIN ACTIVIDAD 90D,SIN ACTIVIDAD 90D,,7–9,0
DOC_000188,SANTIAGO,DERECHO,ADJUNTO,POR HORAS,HABILITANTE,12,10,2,83.33,614,828,0,0,0,0.00012376974960717034,0.9998762302503929,Docente Sintético 000188,3,0,0,24,0,81.31,10.347826086956522,ALTO,SIN ACTIVIDAD 90D,SIN ACTIVIDAD 90D,,10+,0
DOC_000189,SANTIAGO,DERECHO,ADJUNTO,POR HORAS,AVANZADO,17,17,0,100.0,5,139,3,0,0,0.4484951135969169,0.5515048864030831,Docente Sintético 000189,3,0,2,47,8,82.69,18.130434782608692,MEDIO,CON ACTIVIDAD 90D,CON ACTIVIDAD 90D,,10+,3–5
DOC_000190,SANTIAGO,DERECHO,ADJUNTO,POR HORAS,HABILITANTE,9,9,0,100.0,733,823,0,0,0,0.0005369204181455919,0.9994630795818544,Docente Sintético 000190,2,0,0,12,0,90.33,10.818181818181818,ALTO,SIN ACTIVIDAD 90D,SIN ACTIVIDAD 90D,,7–9,0
DOC_000191,SANTIAGO,DERECHO,ADJUNTO,POR HORAS,SIN_NIVEL,1,1,0,100.0,699,699,0,0,0,0.0006483464677162691,0.9993516535322836,Docente Sintético 000191,2,0,0,1,0,93.1,,ALTO,SIN ACTIVIDAD 90D,SIN ACTIVIDAD 90D,,0–3,0
DOC_000192,SANTIAGO,DERECHO,ADJUNTO,POR HORAS,INICIAL,17,16,1,94.12,252,461,0,0,0,0.0018267325043531,0.9981732674956468,Docente Sintético 000192,2,0,0,44,0,82.87,13.953488372093023,ALTO,SIN ACTIVIDAD 90D,SIN ACTIVIDAD 90D,,10+,0
DOC_000193,SANTIAGO,DERECHO,ADJUNTO,POR HORAS,INICIAL,13,13,0,100.0,0,193,2,0,0,0.2287567379565156,0.7712432620434844,Docente Sintético 000193,2,0,0,30,2,83.26,16.689655172413794,ALTO,CON ACTIVIDAD 90D,CON ACTIVIDAD 90D,,10+,1–2
DOC_000194,SANTIAGO,DERECHO,ADJUNTO,POR HORAS,HABILITANTE,10,10,0,100.0,494,631,0,0,0,0.0005934175932868349,0.9994065824067132,Docente Sintético 000194,2,0,0,16,0,87.44,12.733333333333333,ALTO,SIN ACTIVIDAD 90D,SIN ACTIVIDAD 90D,,10+,0
DOC_000195,SANTIAGO,DERECHO,ADJUNTO,POR HORAS,SIN_NIVEL,0,0,0,0.0,0,0,0,0,0,0.0003618999272872301,0.9996381000727128,Docente Sintético 000195,2,0,0,0,0,,,ALTO,SIN ACTIVIDAD 90D,SIN ACTIVIDAD 90D,≤50%,0–3,0
DOC_000196,SANTIAGO,DERECHO,ADJUNTO,POR HORAS,INICIAL,13,13,0,100.0,5,140,3,0,0,0.1923047620128964,0.8076952379871035,Docente Sintético 000196,2,0,1,31,7,85.41,22.53333333333333,ALTO,CON ACTIVIDAD 90D,CON ACTIVIDAD 90D,,10+,3–5
DOC_000197,SANTIAGO,DERECHO,ADJUNTO,POR HORAS,HABILITANTE,11,10,1,90.91,471,667,0,0,0,0.00016143453303466563,0.9998385654669654,Docente Sintético 000197,2,0,0,20,0,85.46,11.736842105263158,ALTO,SIN ACTIVIDAD 90D,SIN ACTIVIDAD 90D,,10+,0
DOC_000198,SANTIAGO,ENFERMERÍA,REGULAR,CONTRATADO,AVANZADO,19,18,1,94.74,51,135,5,0,0,0.0186111367850597,0.9813888632149402,Docente Sintético 000198,5,2,4,52,13,82.42,15.705882352941176,ALTO,CON ACTIVIDAD 90D,CON ACTIVIDAD 90D,,10+,3–5
DOC_000199,SANTIAGO,ENFERMERÍA,REGULAR,CONTRATADO,HABILITANTE,13,10,3,76.92,354,729,0,0,0,0.00012376974960717034,0.9998762302503929,Docente Sintético 000199,5,0,0,28,0,79.85,18.40740740740741,ALTO,SIN ACTIVIDAD 90D,SIN ACTIVIDAD 90D,,10+,0
DOC_000200,SANTIAGO,ENFERMERÍA,REGULAR,CONTRATADO,SIN_NIVEL,0,0,0,0.0,0,0,0,0,0,0.0003618999272872301,0.9996381000727128,Docente Sintético 000200,5,0,0,0,0,,,ALTO,SIN ACTIVIDAD 90D,SIN ACTIVIDAD 90D,≤50%,0–3,0
DOC_000201,SANTIAGO,ENFERMERÍA,REGULAR,CONTRATADO,AVANZADO,21,20,1,95.24,62,329,4,0,0,0.0092582127449968,0.9907417872550032,Docente Sintético 000201,5,1,4,60,14,79.35,13.23728813559322,ALTO,CON ACTIVIDAD 90D,CON ACTIVIDAD 90D,,10+,3–5
DOC_000202,SANTIAGO,ENFERMERÍA,REGULAR,CONTRATADO,SIN_NIVEL,0,0,0,0.0,121,121,0,0,0,0.0002888088803213583,0.9997111911196788,Docente Sintético 000202,5,0,0,0,0,,,ALTO,SIN ACTIVIDAD 90D,SIN ACTIVIDAD 90D,≤50%,0–3,0
DOC_000203,SANTIAGO,ENFERMERÍA,ADJUNTO,POR HORAS,HABILITANTE,11,10,1,90.91,45,228,4,0,0,0.0109066435644441,0.9890933564355558,Docente Sintético 000203,2,1,3,20,10,83.44,14.473684210526317,ALTO,CON ACTIVIDAD 90D,CON ACTIVIDAD 90D,,10+,3–5
DOC_000204,SANTIAGO,ENFERMERÍA,ADJUNTO,POR HORAS,SIN_NIVEL,3,2,1,66.67,83,699,1,0,0,0.0017141677659382,0.9982858322340618,Docente Sintético 000204,2,1,3,3,3,76.3,17.5,ALTO,CON ACTIVIDAD 90D,CON ACTIVIDAD 90D,,0–3,1–2
DOC_000205,SANTIAGO,ENFERMERÍA,ADJUNTO,POR HORAS,HABILITANTE,10,9,1,90.0,593,748,0,0,0,0.00024801461961475226,0.9997519853803852,Docente Sintético 000205,1,0,0,16,0,84.89,16.533333333333335,ALTO,SIN ACTIVIDAD 90D,SIN ACTIVIDAD 90D,,7–9,0
DOC_000206,SANTIAGO,ENFERMERÍA,ADJUNTO,POR HORAS,AVANZADO,18,17,1,94.44,89,221,1,0,0,0.0173407947792124,0.9826592052207876,Docente Sintético 000206,1,1,1,48,4,84.54,15.872340425531917,ALTO,CON ACTIVIDAD 90D,CON ACTIVIDAD 90D,,10+,1–2
DOC_000207,SANTIAGO,ENFERMERÍA,ADJUNTO,POR HORAS,SIN_NIVEL,4,3,1,75.0,313,486,0,0,0,0.00026399863559876816,0.9997360013644012,Docente Sintético 000207,1,0,0,4,0,88.4,6.333333333333333,ALTO,SIN ACTIVIDAD 90D,SIN ACTIVIDAD 90D,,0–3,0
DOC_000208,SANTIAGO,ENFERMERÍA,ADJUNTO,POR HORAS,SIN_NIVEL,0,0,0,0.0,0,0,0,0,0,0.0003618999272872301,0.9996381000727128,Docente Sintético 000208,1,0,0,0,0,,,ALTO,SIN ACTIVIDAD 90D,SIN ACTIVIDAD 90D,≤50%,0–3,0
DOC_000209,SANTIAGO,ENFERMERÍA,ADJUNTO,POR HORAS,INICIAL,15,14,1,93.33,499,579,0,0,0,0.0010552617309217,0.9989447382690784,Docente Sintético 000209,1,0,0,36,0,80.49,10.057142857142855,ALTO,SIN ACTIVIDAD 90D,SIN ACTIVIDAD 90D,,10+,0
DOC_000210,SANTIAGO,ENFERMERÍA,ADJUNTO,POR HORAS,SIN_NIVEL,1,0,1,0.0,472,486,0,0,0,0.00022633385217127292,0.9997736661478288,Docente Sintético 000210,1,0,0,1,0,67.6,,ALTO,SIN ACTIVIDAD 90D,SIN ACTIVIDAD 90D,≤50%,0–3,0
DOC_000211,SANTIAGO,ENFERMERÍA,ADJUNTO,POR HORAS,HABILITANTE,9,9,0,100.0,263,357,0,0,0,0.0015096636427963,0.9984903363572036,Docente Sintético 000211,1,0,0,12,0,86.89,19.818181818181817,ALTO,SIN ACTIVIDAD 90D,SIN ACTIVIDAD 90D,,7–9,0
DOC_000212,SANTIAGO,FONOAUDIOLOGÍA,REGULAR,CONTRATADO,SIN_NIVEL,3,1,2,33.33,311,486,0,0,0,0.00022633385217127292,0.9997736661478288,Docente Sintético 000212,5,0,0,3,0,79.8,8.5,ALTO,SIN ACTIVIDAD 90D,SIN ACTIVIDAD 90D,,0–3,0
DOC_000213,SANTIAGO,FONOAUDIOLOGÍA,REGULAR,CONTRATADO,SIN_NIVEL,0,0,0,0.0,333,333,0,0,0,0.0002888088803213583,0.9997111911196788,Docente Sintético 000213,5,0,0,0,0,,,ALTO,SIN ACTIVIDAD 90D,SIN ACTIVIDAD 90D,≤50%,0–3,0
DOC_000214,SANTIAGO,FONOAUDIOLOGÍA,REGULAR,CONTRATADO,HABILITANTE,12,11,1,91.67,323,631,0,0,0,0.00012376974960717034,0.9998762302503929,Docente Sintético 000214,5,0,0,24,0,83.18,15.956521739130435,ALTO,SIN ACTIVIDAD 90D,SIN ACTIVIDAD 90D,,10+,0
DOC_000215,SANTIAGO,FONOAUDIOLOGÍA,REGULAR,CONTRATADO,SIN_NIVEL,0,0,0,0.0,486,486,0,0,0,0.0002888088803213583,0.9997111911196788,Docente Sintético 000215,5,0,0,0,0,,,ALTO,SIN ACTIVIDAD 90D,SIN ACTIVIDAD 90D,≤50%,0–3,0
DOC_000216,SANTIAGO,FONOAUDIOLOGÍA,REGULAR,CONTRATADO,HABILITANTE,12,10,2,83.33,609,830,0,0,0,0.00012376974960717034,0.9998762302503929,Docente Sintético 000216,5,0,0,24,0,80.89,10.391304347826088,ALTO,SIN ACTIVIDAD 90D,SIN ACTIVIDAD 90D,,10+,0
DOC_000217,SANTIAGO,FONOAUDIOLOGÍA,REGULAR,CONTRATADO,AVANZADO,18,18,0,100.0,181,254,0,0,0,0.0189684874337773,0.9810315125662228,Docente Sintético 000217,5,0,0,48,0,81.07,11.02127659574468,ALTO,SIN ACTIVIDAD 90D,SIN ACTIVIDAD 90D,,10+,0
DOC_000218,SANTIAGO,FONOAUDIOLOGÍA,ADJUNTO,POR HORAS,HABILITANTE,13,11,2,84.62,341,721,0,0,0,0.00021034983618725692,0.9997896501638128,Docente Sintético 000218,1,0,0,28,0,81.92,18.77777777777778,ALTO,SIN ACTIVIDAD 90D,SIN ACTIVIDAD 90D,,10+,0
DOC_000219,SANTIAGO,FONOAUDIOLOGÍA,ADJUNTO,POR HORAS,AVANZADO,17,17,0,100.0,3,144,2,0,0,0.3739613195190942,0.6260386804809057,Docente Sintético 000219,1,0,2,46,7,82.79,15.22222222222222,ALTO,CON ACTIVIDAD 90D,CON ACTIVIDAD 90D,,10+,1–2
DOC_000220,SANTIAGO,FONOAUDIOLOGÍA,ADJUNTO,POR HORAS,SIN_NIVEL,0,0,0,0.0,121,121,0,0,0,0.0002888088803213583,0.9997111911196788,Docente Sintético 000220,1,0,0,0,0,,,ALTO,SIN ACTIVIDAD 90D,SIN ACTIVIDAD 90D,≤50%,0–3,0
DOC_000221,SANTIAGO,FONOAUDIOLOGÍA,ADJUNTO,POR HORAS,HABILITANTE,9,9,0,100.0,730,824,0,0,0,0.0010188481289889,0.998981151871011,Docente Sintético 000221,1,0,0,12,0,88.88,11.0,ALTO,SIN ACTIVIDAD 90D,SIN ACTIVIDAD 90D,,7–9,0
DOC_000222,SANTIAGO,FONOAUDIOLOGÍA,ADJUNTO,POR HORAS,SIN_NIVEL,8,3,5,37.5,442,852,0,0,0,0.00022633385217127292,0.9997736661478288,Docente Sintético 000222,1,0,0,8,0,81.6,6.0,ALTO,SIN ACTIVIDAD 90D,SIN ACTIVIDAD 90D,,0–3,0
DOC_000223,SANTIAGO,FONOAUDIOLOGÍA,ADJUNTO,POR HORAS,SIN_NIVEL,2,2,0,100.0,474,699,0,0,0,0.0010737770034183,0.9989262229965816,Docente Sintético 000223,1,0,0,2,0,94.75,10.0,ALTO,SIN ACTIVIDAD 90D,SIN ACTIVIDAD 90D,,0–3,0
DOC_000224,SANTIAGO,FONOAUDIOLOGÍA,ADJUNTO,POR HORAS,AVANZADO,19,19,0,100.0,26,218,7,1,0,0.3680914249645315,0.6319085750354685,Docente Sintético 000224,1,2,2,52,8,80.69,15.882352941176473,ALTO,CON ACTIVIDAD 90D,CON ACTIVIDAD 90D,,10+,6+
DOC_000225,SANTIAGO,FONOAUDIOLOGÍA,ADJUNTO,POR HORAS,SIN_NIVEL,1,1,0,100.0,482,486,0,0,0,0.0011882451930523,0.9988117548069476,Docente Sintético 000225,1,0,0,1,0,88.2,,ALTO,SIN ACTIVIDAD 90D,SIN ACTIVIDAD 90D,,0–3,0
DOC_000226,SANTIAGO,FONOAUDIOLOGÍA,ADJUNTO,POR HORAS,AVANZADO,17,17,0,100.0,1,158,2,1,1,0.544610469843546,0.455389530156454,Docente Sintético 000226,1,0,1,46,6,83.71,18.822222222222223,MEDIO,CON ACTIVIDAD 90D,CON ACTIVIDAD 90D,,10+,1–2
DOC_000227,SANTIAGO,FONOAUDIOLOGÍA,ADJUNTO,POR HORAS,SIN_NIVEL,0,0,0,0.0,333,333,0,0,0,0.0002888088803213583,0.9997111911196788,Docente Sintético 000227,1,0,0,0,0,,,ALTO,SIN ACTIVIDAD 90D,SIN ACTIVIDAD 90D,≤50%,0–3,0
DOC_000228,SANTIAGO,FONOAUDIOLOGÍA,ADJUNTO,POR HORAS,HABILITANTE,9,9,0,100.0,532,667,0,0,0,0.0011864564152413,0.9988135435847588,Docente Sintético 000228,1,0,0,12,0,84.57,14.727272727272728,ALTO,SIN ACTIVIDAD 90D,SIN ACTIVIDAD 90D,,7–9,0
DOC_000229,SANTIAGO,FORMACIÓN GENERAL,REGULAR,CONTRATADO,HABILITANTE,10,9,1,90.0,683,800,0,0,0,0.00025275873394790767,0.999747241266052,Docente Sintético 000229,7,0,0,16,0,83.54,11.266666666666667,ALTO,SIN ACTIVIDAD 90D,SIN ACTIVIDAD 90D,,7–9,0
DOC_000230,SANTIAGO,FORMACIÓN GENERAL,REGULAR,CONTRATADO,AVANZADO,18,18,0,100.0,2,100,4,1,0,0.3093742897406897,0.6906257102593103,Docente Sintético 000230,7,1,3,48,12,80.6,14.808510638297872,ALTO,CON ACTIVIDAD 90D,CON ACTIVIDAD 90D,,10+,3–5
DOC_000231,SANTIAGO,FORMACIÓN GENERAL,REGULAR,CONTRATADO,AVANZADO,20,18,2,90.0,0,150,11,0,0,0.0761025208712715,0.9238974791287284,Docente Sintético 000231,7,3,4,56,15,81.24,15.345454545454546,ALTO,CON ACTIVIDAD 90D,CON ACTIVIDAD 90D,,10+,6+
DOC_000232,SANTIAGO,FORMACIÓN GENERAL,REGULAR,CONTRATADO,SIN_NIVEL,5,3,2,60.0,312,333,0,0,0,0.0003176580530845149,0.9996823419469156,Docente Sintético 000232,7,0,0,5,0,80.32,4.25,ALTO,SIN ACTIVIDAD 90D,SIN ACTIVIDAD 90D,,0–3,0
DOC_000233,SANTIAGO,FORMACIÓN GENERAL,REGULAR,CONTRATADO,AVANZADO,18,17,1,94.44,179,253,0,0,0,0.002286431145377,0.9977135688546228,Docente Sintético 000233,7,0,1,48,1,80.11,10.936170212765957,ALTO,SIN ACTIVIDAD 90D,SIN ACTIVIDAD 90D,,10+,0
DOC_000234,SANTIAGO,FORMACIÓN GENERAL,REGULAR,CONTRATADO,SIN_NIVEL,7,4,3,57.14,437,486,0,0,0,0.00035532283651201014,0.999644677163488,Docente Sintético 000234,7,0,0,7,0,85.99,7.166666666666667,ALTO,SIN ACTIVIDAD 90D,SIN ACTIVIDAD 90D,,4–6,0
DOC_000236,SANTIAGO,FORMACIÓN GENERAL,REGULAR,CONTRATADO,SIN_NIVEL,4,2,2,50.0,456,486,0,0,0,0.0003176580530845149,0.9996823419469156,Docente Sintético 000236,7,0,0,4,0,76.12,6.0,ALTO,SIN ACTIVIDAD 90D,SIN ACTIVIDAD 90D,,0–3,0
DOC_000237,SANTIAGO,FORMACIÓN GENERAL,REGULAR,CONTRATADO,HABILITANTE,9,9,0,100.0,445,647,0,0,0,0.0016612676605111,0.9983387323394888,Docente Sintético 000237,7,0,0,12,0,89.87,22.818181818181817,ALTO,SIN ACTIVIDAD 90D,SIN ACTIVIDAD 90D,,7–9,0
DOC_000238,SANTIAGO,FORMACIÓN GENERAL,REGULAR,CONTRATADO,INICIAL,15,15,0,100.0,5,207,9,1,1,0.7260546397657673,0.2739453602342326,Docente Sintético 000238,7,2,2,39,11,81.15,12.526315789473683,BAJO,CON ACTIVIDAD 90D,CON ACTIVIDAD 90D,,10+,6+
DOC_000239,SANTIAGO,FORMACIÓN GENERAL,REGULAR,CONTRATADO,INICIAL,16,14,2,87.5,4,256,10,0,0,0.0687704690331968,0.9312295309668032,Docente Sintético 000239,7,3,3,40,12,80.78,21.71794871794872,ALTO,CON ACTIVIDAD 90D,CON ACTIVIDAD 90D,,10+,6+
DOC_000240,SANTIAGO,FORMACIÓN GENERAL,REGULAR,CONTRATADO,INICIAL,16,16,0,100.0,473,582,0,0,0,0.009648958324301,0.9903510416756988,Docente Sintético 000240,7,0,0,40,0,81.06,9.692307692307692,ALTO,SIN ACTIVIDAD 90D,SIN ACTIVIDAD 90D,,10+,0
DOC_000241,SANTIAGO,FORMACIÓN GENERAL,REGULAR,CONTRATADO,AVANZADO,21,20,1,95.24,269,438,0,0,0,0.0006624754067401565,0.99933752459326,Docente Sintético 000241,7,0,0,60,0,78.12,9.88135593220339,ALTO,SIN ACTIVIDAD 90D,SIN ACTIVIDAD 90D,,10+,0
DOC_000242,SANTIAGO,FORMACIÓN GENERAL,REGULAR,CONTRATADO,AVANZADO,18,17,1,94.44,91,157,0,0,0,0.00563906703337,0.99436093296663,Docente Sintético 000242,7,0,2,48,8,81.51,12.893617021276595,ALTO,SIN ACTIVIDAD 90D,SIN ACTIVIDAD 90D,,10+,0
DOC_000243,SANTIAGO,FORMACIÓN GENERAL,REGULAR,CONTRATADO,AVANZADO,19,19,0,100.0,229,352,0,0,0,0.0047205305759296,0.9952794694240704,Docente Sintético 000243,7,0,0,52,0,83.45,9.137254901960784,ALTO,SIN ACTIVIDAD 90D,SIN ACTIVIDAD 90D,,10+,0
DOC_000244,SANTIAGO,FORMACIÓN GENERAL,REGULAR,CONTRATADO,HABILITANTE,10,9,1,90.0,515,666,0,0,0,0.00025275873394790767,0.999747241266052,Docente Sintético 000244,7,0,0,16,0,83.82,12.066666666666666,ALTO,SIN ACTIVIDAD 90D,SIN ACTIVIDAD 90D,,7–9,0
DOC_000245,SANTIAGO,FORMACIÓN GENERAL,REGULAR,CONTRATADO,AVANZADO,17,17,0,100.0,32,32,5,0,0,0.0931563016415677,0.9068436983584324,Docente Sintético 000245,7,2,4,44,14,83.64,18.88372093023256,ALTO,CON ACTIVIDAD 90D,CON ACTIVIDAD 90D,,10+,3–5
DOC_000247,SANTIAGO,FORMACIÓN GENERAL,REGULAR,CONTRATADO,SIN_NIVEL,7,4,3,57.14,66,486,3,0,0,0.0020963561536436,0.9979036438463564,Docente Sintético 000247,7,3,7,7,7,83.09,7.0,ALTO,CON ACTIVIDAD 90D,CON ACTIVIDAD 90D,,4–6,3–5
DOC_000248,SANTIAGO,FORMACIÓN GENERAL,REGULAR,CONTRATADO,AVANZADO,18,18,0,100.0,183,252,0,0,0,0.0107833801623828,0.9892166198376172,Docente Sintético 000248,7,0,0,48,0,82.0,10.95744680851064,ALTO,SIN ACTIVIDAD 90D,SIN ACTIVIDAD 90D,,10+,0
DOC_000249,SANTIAGO,FORMACIÓN GENERAL,REGULAR,CONTRATADO,SIN_NIVEL,0,0,0,0.0,333,333,0,0,0,0.0003801330812346003,0.9996198669187654,Docente Sintético 000249,7,0,0,0,0,,,ALTO,SIN ACTIVIDAD 90D,SIN ACTIVIDAD 90D,≤50%,0–3,0
DOC_000250,SANTIAGO,FORMACIÓN GENERAL,ADJUNTO,POR HORAS,INICIAL,15,15,0,100.0,41,242,6,0,0,0.1141754203267813,0.8858245796732187,Docente Sintético 000250,4,2,2,36,8,84.08,22.942857142857143,ALTO,CON ACTIVIDAD 90D,CON ACTIVIDAD 90D,,10+,6+
DOC_000251,SANTIAGO,FORMACIÓN GENERAL,ADJUNTO,POR HORAS,INICIAL,13,13,0,100.0,9,190,1,0,0,0.1958176887849231,0.8041823112150769,Docente Sintético 000251,4,0,0,29,1,83.79,16.535714285714285,ALTO,CON ACTIVIDAD 90D,CON ACTIVIDAD 90D,,10+,1–2
DOC_000252,SANTIAGO,FORMACIÓN GENERAL,ADJUNTO,POR HORAS,HABILITANTE,12,12,0,100.0,416,642,0,0,0,0.0011666695050434,0.9988333304949566,Docente Sintético 000252,4,0,0,24,0,88.73,12.217391304347826,ALTO,SIN ACTIVIDAD 90D,SIN ACTIVIDAD 90D,,10+,0
DOC_000253,SANTIAGO,FORMACIÓN GENERAL,ADJUNTO,POR HORAS,INICIAL,16,16,0,100.0,385,569,0,0,0,0.0178323873840768,0.9821676126159232,Docente Sintético 000253,4,0,0,40,0,84.28,11.615384615384617,ALTO,SIN ACTIVIDAD 90D,SIN ACTIVIDAD 90D,,10+,0
DOC_000254,SANTIAGO,FORMACIÓN GENERAL,ADJUNTO,POR HORAS,INICIAL,17,15,2,88.24,35,329,5,0,0,0.0056035476855579,0.994396452314442,Docente Sintético 000254,4,2,4,44,14,80.06,18.837209302325583,ALTO,CON ACTIVIDAD 90D,CON ACTIVIDAD 90D,,10+,3–5
DOC_000255,SANTIAGO,FORMACIÓN GENERAL,ADJUNTO,POR HORAS,HABILITANTE,12,10,2,83.33,428,666,0,0,0,0.00021509395052041235,0.9997849060494796,Docente Sintético 000255,4,0,0,24,0,80.97,11.565217391304348,ALTO,SIN ACTIVIDAD 90D,SIN ACTIVIDAD 90D,,10+,0
DOC_000256,SANTIAGO,FORMACIÓN GENERAL,ADJUNTO,POR HORAS,HABILITANTE,12,11,1,91.67,509,782,0,0,0,0.00025275873394790767,0.999747241266052,Docente Sintético 000256,4,0,0,24,0,86.37,14.521739130434783,ALTO,SIN ACTIVIDAD 90D,SIN ACTIVIDAD 90D,,10+,0
DOC_000257,SANTIAGO,FORMACIÓN GENERAL,ADJUNTO,POR HORAS,HABILITANTE,13,12,1,92.31,180,431,0,0,0,0.000274091000667905,0.999725908999332,Docente Sintético 000257,4,0,1,28,1,83.35,11.185185185185183,ALTO,SIN ACTIVIDAD 90D,SIN ACTIVIDAD 90D,,10+,0
DOC_000258,SANTIAGO,FORMACIÓN GENERAL,ADJUNTO,POR HORAS,AVANZADO,18,18,0,100.0,0,65,8,0,0,0.3650610335378619,0.6349389664621381,Docente Sintético 000258,4,2,5,48,18,82.96,14.74468085106383,ALTO,CON ACTIVIDAD 90D,CON ACTIVIDAD 90D,,10+,6+
DOC_000259,SANTIAGO,FORMACIÓN GENERAL,ADJUNTO,POR HORAS,INICIAL,14,14,0,100.0,94,197,0,0,0,0.0173492360169697,0.9826507639830304,Docente Sintético 000259,3,0,1,32,4,81.33,12.516129032258064,ALTO,SIN ACTIVIDAD 90D,SIN ACTIVIDAD 90D,,10+,0
DOC_000260,SANTIAGO,FORMACIÓN GENERAL,ADJUNTO,POR HORAS,AVANZADO,17,17,0,100.0,2,135,2,0,0,0.3463137563587006,0.6536862436412993,Docente Sintético 000260,3,0,1,46,6,82.46,15.4,ALTO,CON ACTIVIDAD 90D,CON ACTIVIDAD 90D,,10+,1–2
DOC_000261,SANTIAGO,FORMACIÓN GENERAL,ADJUNTO,POR HORAS,SIN_NIVEL,5,3,2,60.0,312,333,0,0,0,0.0003176580530845149,0.9996823419469156,Docente Sintético 000261,3,0,0,5,0,81.3,3.75,ALTO,SIN ACTIVIDAD 90D,SIN ACTIVIDAD 90D,,0–3,0
DOC_000262,SANTIAGO,FORMACIÓN GENERAL,ADJUNTO,POR HORAS,HABILITANTE,12,11,1,91.67,327,643,0,0,0,0.00033933882052799425,0.999660661179472,Docente Sintético 000262,3,0,0,24,0,85.3,16.17391304347826,ALTO,SIN ACTIVIDAD 90D,SIN ACTIVIDAD 90D,,10+,0
DOC_000263,SANTIAGO,FORMACIÓN GENERAL,ADJUNTO,POR HORAS,HABILITANTE,10,10,0,100.0,508,649,0,0,0,0.0011666695050434,0.9988333304949566,Docente Sintético 000263,3,0,0,16,0,86.74,12.333333333333334,ALTO,SIN ACTIVIDAD 90D,SIN ACTIVIDAD 90D,,10+,0
DOC_000264,SANTIAGO,FORMACIÓN GENERAL,ADJUNTO,POR HORAS,SIN_NIVEL,5,3,2,60.0,100,121,0,0,0,0.000498161224738129,0.999501838775262,Docente Sintético 000264,3,0,5,5,5,79.42,3.75,ALTO,SIN ACTIVIDAD 90D,SIN ACTIVIDAD 90D,,0–3,0
DOC_000265,SANTIAGO,FORMACIÓN GENERAL,ADJUNTO,POR HORAS,SIN_NIVEL,0,0,0,0.0,0,0,0,0,0,0.0007865574615338054,0.9992134425384662,Docente Sintético 000265,3,0,0,0,0,,,ALTO,SIN ACTIVIDAD 90D,SIN ACTIVIDAD 90D,≤50%,0–3,0
DOC_000266,SANTIAGO,FORMACIÓN GENERAL,ADJUNTO,POR HORAS,AVANZADO,18,18,0,100.0,177,259,0,0,0,0.0182020958863677,0.9817979041136322,Docente Sintético 000266,3,0,1,48,1,83.52,11.0,ALTO,SIN ACTIVIDAD 90D,SIN ACTIVIDAD 90D,,10+,0
DOC_000267,SANTIAGO,FORMACIÓN GENERAL,ADJUNTO,POR HORAS,HABILITANTE,11,11,0,100.0,547,800,0,0,0,0.0080310273694013,0.9919689726305988,Docente Sintético 000267,3,0,0,20,0,90.17,16.0,ALTO,SIN ACTIVIDAD 90D,SIN ACTIVIDAD 90D,,10+,0
DOC_000268,SANTIAGO,FORMACIÓN GENERAL,ADJUNTO,POR HORAS,AVANZADO,20,20,0,100.0,297,438,0,0,0,0.0051659977806503,0.9948340022193496,Docente Sintético 000268,3,0,0,56,0,82.0,10.090909090909092,ALTO,SIN ACTIVIDAD 90D,SIN ACTIVIDAD 90D,,10+,0
DOC_000269,SANTIAGO,FORMACIÓN GENERAL,ADJUNTO,POR HORAS,HABILITANTE,12,11,1,91.67,440,660,0,0,0,0.00021509395052041235,0.9997849060494796,Docente Sintético 000269,3,0,0,24,0,80.86,11.0,ALTO,SIN ACTIVIDAD 90D,SIN ACTIVIDAD 90D,,10+,0
DOC_000270,SANTIAGO,FORMACIÓN GENERAL,ADJUNTO,POR HORAS,AVANZADO,20,20,0,100.0,196,333,0,0,0,0.0100191926093803,0.9899808073906196,Docente Sintético 000270,3,0,0,56,0,81.13,11.927272727272728,ALTO,SIN ACTIVIDAD 90D,SIN ACTIVIDAD 90D,,10+,0
DOC_000271,SANTIAGO,FORMACIÓN GENERAL,ADJUNTO,POR HORAS,AVANZADO,17,17,0,100.0,2,139,3,1,0,0.4173650125685311,0.5826349874314689,Docente Sintético 000271,3,0,1,47,7,82.16,15.08695652173913,MEDIO,CON ACTIVIDAD 90D,CON ACTIVIDAD 90D,,10+,3–5
DOC_000272,SANTIAGO,FORMACIÓN GENERAL,ADJUNTO,POR HORAS,AVANZADO,20,20,0,100.0,7,247,9,1,1,0.8286929285038338,0.1713070714961662,Docente Sintético 000272,3,3,3,56,12,80.63,15.145454545454545,BAJO,CON ACTIVIDAD 90D,CON ACTIVIDAD 90D,,10+,6+
DOC_000273,SANTIAGO,FORMACIÓN GENERAL,ADJUNTO,POR HORAS,HABILITANTE,11,8,3,72.73,472,665,0,0,0,0.00021509395052041235,0.9997849060494796,Docente Sintético 000273,3,0,0,20,0,82.8,11.578947368421051,ALTO,SIN ACTIVIDAD 90D,SIN ACTIVIDAD 90D,,7–9,0
DOC_000274,SANTIAGO,FORMACIÓN GENERAL,ADJUNTO,POR HORAS,SIN_NIVEL,0,0,0,0.0,0,0,0,0,0,0.0007865574615338054,0.9992134425384662,Docente Sintético 000274,3,0,0,0,0,,,ALTO,SIN ACTIVIDAD 90D,SIN ACTIVIDAD 90D,≤50%,0–3,0
DOC_000275,SANTIAGO,FORMACIÓN GENERAL,ADJUNTO,POR HORAS,INICIAL,13,13,0,100.0,3,200,3,1,0,0.4239767587391108,0.5760232412608892,Docente Sintético 000275,3,0,0,31,3,83.64,16.066666666666666,MEDIO,CON ACTIVIDAD 90D,CON ACTIVIDAD 90D,,10+,3–5
DOC_000276,SANTIAGO,FORMACIÓN GENERAL,ADJUNTO,POR HORAS,AVANZADO,21,19,2,90.48,60,325,4,0,0,0.0044773823699389,0.995522617630061,Docente Sintético 000276,3,1,4,60,13,81.23,13.372881355932204,ALTO,CON ACTIVIDAD 90D,CON ACTIVIDAD 90D,,10+,3–5
DOC_000277,SANTIAGO,FORMACIÓN GENERAL,ADJUNTO,POR HORAS,AVANZADO,20,20,0,100.0,6,125,10,1,1,0.8310673954720141,0.1689326045279858,Docente Sintético 000277,3,3,5,57,19,80.55,14.946428571428571,BAJO,CON ACTIVIDAD 90D,CON ACTIVIDAD 90D,,10+,6+
DOC_000278,SANTIAGO,FORMACIÓN GENERAL,ADJUNTO,POR HORAS,SIN_NIVEL,5,2,3,40.0,448,486,0,0,0,0.0003176580530845149,0.9996823419469156,Docente Sintético 000278,3,0,0,5,0,81.38,6.75,ALTO,SIN ACTIVIDAD 90D,SIN ACTIVIDAD 90D,,0–3,0
DOC_000279,SANTIAGO,FORMACIÓN GENERAL,ADJUNTO,POR HORAS,HABILITANTE,12,11,1,91.67,524,791,0,0,0,0.00025275873394790767,0.999747241266052,Docente Sintético 000279,3,0,0,24,0,85.13,13.956521739130435,ALTO,SIN ACTIVIDAD 90D,SIN ACTIVIDAD 90D,,10+,0
DOC_000281,SANTIAGO,FORMACIÓN GENERAL,ADJUNTO,POR HORAS,HABILITANTE,11,9,2,81.82,640,796,0,0,0,0.00021509395052041235,0.9997849060494796,Docente Sintético 000281,3,0,0,20,0,82.83,10.842105263157896,ALTO,SIN ACTIVIDAD 90D,SIN ACTIVIDAD 90D,,7–9,0
DOC_000282,SANTIAGO,FORMACIÓN GENERAL,ADJUNTO,POR HORAS,HABILITANTE,8,8,0,100.0,169,169,0,0,0,0.0028235329842344,0.9971764670157656,Docente Sintético 000282,3,0,1,8,1,89.32,21.142857142857142,ALTO,SIN ACTIVIDAD 90D,SIN ACTIVIDAD 90D,,7–9,0
DOC_000283,SANTIAGO,FORMACIÓN GENERAL,ADJUNTO,POR HORAS,HABILITANTE,13,12,1,92.31,19,286,8,0,0,0.034696363658261,0.965303636341739,Docente Sintético 000283,3,2,5,28,18,84.99,11.48148148148148,ALTO,CON ACTIVIDAD 90D,CON ACTIVIDAD 90D,,10+,6+
DOC_000285,SANTIAGO,FORMACIÓN GENERAL,ADJUNTO,POR HORAS,INICIAL,17,14,3,82.35,62,378,4,0,0,0.0116868306019245,0.9883131693980756,Docente Sintético 000285,3,1,4,44,13,81.15,14.744186046511627,ALTO,CON ACTIVIDAD 90D,CON ACTIVIDAD 90D,,10+,3–5
DOC_000286,SANTIAGO,FORMACIÓN GENERAL,ADJUNTO,POR HORAS,SIN_NIVEL,0,0,0,0.0,0,0,0,0,0,0.0007865574615338054,0.9992134425384662,Docente Sintético 000286,3,0,0,0,0,,,ALTO,SIN ACTIVIDAD 90D,SIN ACTIVIDAD 90D,≤50%,0–3,0
DOC_000287,SANTIAGO,FORMACIÓN GENERAL,ADJUNTO,POR HORAS,AVANZADO,19,19,0,100.0,318,427,0,0,0,0.0052301003447529,0.9947698996552472,Docente Sintético 000287,3,0,0,52,0,81.47,10.372549019607844,ALTO,SIN ACTIVIDAD 90D,SIN ACTIVIDAD 90D,,10+,0
DOC_000288,SANTIAGO,FORMACIÓN GENERAL,ADJUNTO,POR HORAS,HABILITANTE,10,9,1,90.0,314,429,0,0,0,0.00025275873394790767,0.999747241266052,Docente Sintético 000288,3,0,0,16,0,84.81,11.066666666666666,ALTO,SIN ACTIVIDAD 90D,SIN ACTIVIDAD 90D,,7–9,0
DOC_000289,SANTIAGO,INGENIERÍA CIVIL INDUSTRIAL,REGULAR,CONTRATADO,AVANZADO,20,19,1,95.0,195,353,0,0,0,0.0016321098928748,0.9983678901071252,Docente Sintético 000289,5,0,0,56,0,82.74,9.10909090909091,ALTO,SIN ACTIVIDAD 90D,SIN ACTIVIDAD 90D,,10+,0
DOC_000291,SANTIAGO,INGENIERÍA CIVIL INDUSTRIAL,REGULAR,CONTRATADO,SIN_NIVEL,6,4,2,66.67,97,333,0,0,0,0.00024577269347112206,0.9997542273065289,Docente Sintético 000291,5,0,6,6,6,81.85,3.4,ALTO,SIN ACTIVIDAD 90D,SIN ACTIVIDAD 90D,,4–6,0
DOC_000292,SANTIAGO,INGENIERÍA CIVIL INDUSTRIAL,REGULAR,CONTRATADO,HABILITANTE,10,9,1,90.0,684,784,0,0,0,0.00012376974960717034,0.9998762302503929,Docente Sintético 000292,5,0,0,16,0,83.25,10.533333333333331,ALTO,SIN ACTIVIDAD 90D,SIN ACTIVIDAD 90D,,7–9,0
DOC_000293,SANTIAGO,INGENIERÍA CIVIL INDUSTRIAL,REGULAR,CONTRATADO,SIN_NIVEL,0,0,0,0.0,0,0,0,0,0,0.0003618999272872301,0.9996381000727128,Docente Sintético 000293,5,0,0,0,0,,,ALTO,SIN ACTIVIDAD 90D,SIN ACTIVIDAD 90D,≤50%,0–3,0
DOC_000294,SANTIAGO,INGENIERÍA CIVIL INDUSTRIAL,REGULAR,CONTRATADO,AVANZADO,19,18,1,94.74,330,441,0,0,0,0.0005883054131219668,0.999411694586878,Docente Sintético 000294,5,0,0,52,0,82.12,10.235294117647058,ALTO,SIN ACTIVIDAD 90D,SIN ACTIVIDAD 90D,,10+,0
DOC_000295,SANTIAGO,INGENIERÍA CIVIL INDUSTRIAL,REGULAR,CONTRATADO,AVANZADO,18,18,0,100.0,171,335,0,0,0,0.0209718204076609,0.979028179592339,Docente Sintético 000295,5,0,1,48,2,83.22,14.48936170212766,ALTO,SIN ACTIVIDAD 90D,SIN ACTIVIDAD 90D,,10+,0
DOC_000297,SANTIAGO,INGENIERÍA CIVIL INDUSTRIAL,ADJUNTO,POR HORAS,SIN_NIVEL,8,5,3,62.5,306,333,0,0,0,0.00022633385217127292,0.9997736661478288,Docente Sintético 000297,2,0,0,8,0,81.74,3.571428571428572,ALTO,SIN ACTIVIDAD 90D,SIN ACTIVIDAD 90D,,4–6,0
DOC_000298,SANTIAGO,INGENIERÍA CIVIL INDUSTRIAL,ADJUNTO,POR HORAS,AVANZADO,20,19,1,95.0,194,350,0,0,0,0.0005529492431805074,0.9994470507568196,Docente Sintético 000298,2,0,0,56,0,80.44,9.090909090909092,ALTO,SIN ACTIVIDAD 90D,SIN ACTIVIDAD 90D,,10+,0
DOC_000299,SANTIAGO,INGENIERÍA CIVIL INDUSTRIAL,ADJUNTO,POR HORAS,AVANZADO,20,18,2,90.0,94,238,0,0,0,0.0043103411449267,0.9956896588550732,Docente Sintético 000299,2,0,3,56,10,81.18,13.563636363636364,ALTO,SIN ACTIVIDAD 90D,SIN ACTIVIDAD 90D,,10+,0
DOC_000300,SANTIAGO,INGENIERÍA CIVIL INDUSTRIAL,ADJUNTO,POR HORAS,HABILITANTE,11,10,1,90.91,560,671,0,0,0,0.00012376974960717034,0.9998762302503929,Docente Sintético 000300,1,0,0,20,0,85.39,7.315789473684211,ALTO,SIN ACTIVIDAD 90D,SIN ACTIVIDAD 90D,,10+,0
DOC_000301,SANTIAGO,INGENIERÍA CIVIL INDUSTRIAL,ADJUNTO,POR HORAS,AVANZADO,20,20,0,100.0,284,442,0,0,0,0.0061257641624238,0.9938742358375762,Docente Sintético 000301,1,0,0,56,0,82.9,10.272727272727272,ALTO,SIN ACTIVIDAD 90D,SIN ACTIVIDAD 90D,,10+,0
DOC_000302,SANTIAGO,INGENIERÍA CIVIL INDUSTRIAL,ADJUNTO,POR HORAS,SIN_NIVEL,3,3,0,100.0,111,333,0,0,0,0.0093808235558526,0.9906191764441472,Docente Sintético 000302,1,0,3,3,3,84.33,5.0,ALTO,SIN ACTIVIDAD 90D,SIN ACTIVIDAD 90D,,0–3,0
DOC_000303,SANTIAGO,INGENIERÍA CIVIL INDUSTRIAL,ADJUNTO,POR HORAS,INICIAL,14,14,0,100.0,452,489,0,0,0,0.0055445305555977,0.9944554694444022,Docente Sintético 000303,1,0,0,32,0,87.74,7.838709677419355,ALTO,SIN ACTIVIDAD 90D,SIN ACTIVIDAD 90D,,10+,0
DOC_000304,SANTIAGO,INGENIERÍA CIVIL INDUSTRIAL,ADJUNTO,POR HORAS,SIN_NIVEL,4,1,3,25.0,100,121,0,0,0,0.0004068370238248871,0.9995931629761752,Docente Sintético 000304,1,0,4,4,4,79.65,7.0,ALTO,SIN ACTIVIDAD 90D,SIN ACTIVIDAD 90D,,0–3,0
DOC_000305,SANTIAGO,INGENIERÍA CIVIL INDUSTRIAL,ADJUNTO,POR HORAS,INICIAL,13,13,0,100.0,5,97,2,0,0,0.4099097219765656,0.5900902780234344,Docente Sintético 000305,1,0,3,30,13,83.67,16.103448275862068,MEDIO,CON ACTIVIDAD 90D,CON ACTIVIDAD 90D,,10+,1–2
DOC_000306,SANTIAGO,INGENIERÍA CIVIL INDUSTRIAL,ADJUNTO,POR HORAS,HABILITANTE,10,9,1,90.0,680,817,0,0,0,0.00012376974960717034,0.9998762302503929,Docente Sintético 000306,1,0,0,16,0,81.85,11.2,ALTO,SIN ACTIVIDAD 90D,SIN ACTIVIDAD 90D,,7–9,0
DOC_000307,SANTIAGO,INGENIERÍA CIVIL INDUSTRIAL,ADJUNTO,POR HORAS,HABILITANTE,9,8,1,88.89,275,414,0,0,0,0.00021034983618725692,0.9997896501638128,Docente Sintético 000307,1,0,0,12,0,83.1,17.90909090909091,ALTO,SIN ACTIVIDAD 90D,SIN ACTIVIDAD 90D,,7–9,0
DOC_000308,SANTIAGO,INGENIERÍA CIVIL INDUSTRIAL,ADJUNTO,POR HORAS,HABILITANTE,10,10,0,100.0,682,801,0,0,0,0.00098118334556147,0.9990188166544384,Docente Sintético 000308,1,0,0,16,0,87.36,11.066666666666666,ALTO,SIN ACTIVIDAD 90D,SIN ACTIVIDAD 90D,,10+,0
DOC_000309,SANTIAGO,INGENIERÍA CIVIL INFORMÁTICA,REGULAR,CONTRATADO,HABILITANTE,12,10,2,83.33,315,643,0,0,0,0.00012376974960717034,0.9998762302503929,Docente Sintético 000309,5,0,0,24,0,80.52,16.47826086956522,ALTO,SIN ACTIVIDAD 90D,SIN ACTIVIDAD 90D,,10+,0
DOC_000311,SANTIAGO,INGENIERÍA CIVIL INFORMÁTICA,REGULAR,CONTRATADO,HABILITANTE,11,10,1,90.91,471,666,0,0,0,0.00016143453303466563,0.9998385654669654,Docente Sintético 000311,5,0,0,20,0,84.01,11.63157894736842,ALTO,SIN ACTIVIDAD 90D,SIN ACTIVIDAD 90D,,10+,0
DOC_000312,SANTIAGO,INGENIERÍA CIVIL INFORMÁTICA,REGULAR,CONTRATADO,HABILITANTE,9,9,0,100.0,349,461,0,0,0,0.001164234193019,0.9988357658069807,Docente Sintético 000312,5,0,0,12,0,89.94,12.181818181818182,ALTO,SIN ACTIVIDAD 90D,SIN ACTIVIDAD 90D,,7–9,0
DOC_000313,SANTIAGO,INGENIERÍA CIVIL INFORMÁTICA,REGULAR,CONTRATADO,HABILITANTE,12,11,1,91.67,427,667,0,0,0,0.00016143453303466563,0.9998385654669654,Docente Sintético 000313,5,0,0,24,0,84.52,11.521739130434783,ALTO,SIN ACTIVIDAD 90D,SIN ACTIVIDAD 90D,,10+,0
DOC_000315,SANTIAGO,INGENIERÍA CIVIL INFORMÁTICA,REGULAR,CONTRATADO,AVANZADO,18,18,0,100.0,74,209,3,0,0,0.0709547313703621,0.929045268629638,Docente Sintético 000315,5,1,1,48,4,81.8,16.382978723404257,ALTO,CON ACTIVIDAD 90D,CON ACTIVIDAD 90D,,10+,3–5
DOC_000316,SANTIAGO,INGENIERÍA CIVIL INFORMÁTICA,ADJUNTO,POR HORAS,HABILITANTE,10,9,1,90.0,112,394,0,0,0,0.0006204315831821582,0.999379568416818,Docente Sintético 000316,2,0,2,16,5,84.86,24.4,ALTO,SIN ACTIVIDAD 90D,SIN ACTIVIDAD 90D,,7–9,0
DOC_000317,SANTIAGO,INGENIERÍA CIVIL INFORMÁTICA,ADJUNTO,POR HORAS,SIN_NIVEL,0,0,0,0.0,486,486,0,0,0,0.0002888088803213583,0.9997111911196788,Docente Sintético 000317,2,0,0,0,0,,,ALTO,SIN ACTIVIDAD 90D,SIN ACTIVIDAD 90D,≤50%,0–3,0
DOC_000318,SANTIAGO,INGENIERÍA CIVIL INFORMÁTICA,ADJUNTO,POR HORAS,SIN_NIVEL,1,1,0,100.0,486,486,0,0,0,0.0006686526987815273,0.9993313473012184,Docente Sintético 000318,2,0,0,1,0,80.8,,ALTO,SIN ACTIVIDAD 90D,SIN ACTIVIDAD 90D,,0–3,0
DOC_000319,SANTIAGO,INGENIERÍA CIVIL INFORMÁTICA,ADJUNTO,POR HORAS,SIN_NIVEL,0,0,0,0.0,0,0,0,0,0,0.0003618999272872301,0.9996381000727128,Docente Sintético 000319,2,0,0,0,0,,,ALTO,SIN ACTIVIDAD 90D,SIN ACTIVIDAD 90D,≤50%,0–3,0
DOC_000320,SANTIAGO,INGENIERÍA CIVIL INFORMÁTICA,ADJUNTO,POR HORAS,SIN_NIVEL,1,0,1,0.0,477,486,0,0,0,0.00022633385217127292,0.9997736661478288,Docente Sintético 000320,2,0,0,1,0,66.9,,ALTO,SIN ACTIVIDAD 90D,SIN ACTIVIDAD 90D,≤50%,0–3,0
DOC_000321,SANTIAGO,INGENIERÍA CIVIL INFORMÁTICA,ADJUNTO,POR HORAS,AVANZADO,20,18,2,90.0,19,233,8,0,0,0.0522304379683986,0.9477695620316012,Docente Sintético 000321,2,2,3,56,12,79.72,14.981818181818182,ALTO,CON ACTIVIDAD 90D,CON ACTIVIDAD 90D,,10+,6+
DOC_000322,SANTIAGO,INGENIERÍA CIVIL INFORMÁTICA,ADJUNTO,POR HORAS,HABILITANTE,10,9,1,90.0,669,826,0,0,0,0.00016143453303466563,0.9998385654669654,Docente Sintético 000322,2,0,0,16,0,84.46,11.866666666666667,ALTO,SIN ACTIVIDAD 90D,SIN ACTIVIDAD 90D,,7–9,0
DOC_000323,SANTIAGO,INGENIERÍA CIVIL INFORMÁTICA,ADJUNTO,POR HORAS,AVANZADO,18,18,0,100.0,84,142,1,0,0,0.0935487957685349,0.9064512042314652,Docente Sintético 000323,2,1,3,48,9,82.46,16.04255319148936,ALTO,CON ACTIVIDAD 90D,CON ACTIVIDAD 90D,,10+,1–2
DOC_000324,SANTIAGO,INGENIERÍA CIVIL INFORMÁTICA,ADJUNTO,POR HORAS,SIN_NIVEL,0,0,0,0.0,121,121,0,0,0,0.0002888088803213583,0.9997111911196788,Docente Sintético 000324,2,0,0,0,0,,,ALTO,SIN ACTIVIDAD 90D,SIN ACTIVIDAD 90D,≤50%,0–3,0
DOC_000325,SANTIAGO,INGENIERÍA CIVIL INFORMÁTICA,ADJUNTO,POR HORAS,SIN_NIVEL,0,0,0,0.0,0,0,0,0,0,0.0003618999272872301,0.9996381000727128,Docente Sintético 000325,1,0,0,0,0,,,ALTO,SIN ACTIVIDAD 90D,SIN ACTIVIDAD 90D,≤50%,0–3,0
DOC_000326,SANTIAGO,INGENIERÍA CIVIL INFORMÁTICA,ADJUNTO,POR HORAS,INICIAL,15,14,1,93.33,399,555,0,0,0,0.0016541132485591,0.9983458867514408,Docente Sintético 000326,1,0,0,36,0,83.39,12.685714285714283,ALTO,SIN ACTIVIDAD 90D,SIN ACTIVIDAD 90D,,10+,0
DOC_000327,SANTIAGO,INGENIERÍA CIVIL INFORMÁTICA,ADJUNTO,POR HORAS,AVANZADO,19,19,0,100.0,35,218,6,0,0,0.0964916462611726,0.9035083537388274,Docente Sintético 000327,1,2,2,52,8,80.45,15.882352941176473,ALTO,CON ACTIVIDAD 90D,CON ACTIVIDAD 90D,,10+,6+
DOC_000328,SANTIAGO,INGENIERÍA CIVIL INFORMÁTICA,ADJUNTO,POR HORAS,AVANZADO,17,17,0,100.0,4,63,7,0,0,0.2014755569121166,0.7985244430878834,Docente Sintético 000328,1,1,3,47,15,86.81,14.91304347826087,ALTO,CON ACTIVIDAD 90D,CON ACTIVIDAD 90D,,10+,6+
DOC_000329,SANTIAGO,INGENIERÍA CIVIL QUÍMICA,REGULAR,CONTRATADO,INICIAL,15,14,1,93.33,10,171,7,0,0,0.089709474808666,0.910290525191334,Docente Sintético 000329,5,2,3,36,10,83.47,19.571428571428573,ALTO,CON ACTIVIDAD 90D,CON ACTIVIDAD 90D,,10+,6+
DOC_000330,SANTIAGO,INGENIERÍA CIVIL QUÍMICA,REGULAR,CONTRATADO,AVANZADO,17,17,0,100.0,5,149,2,0,0,0.3139663940057446,0.6860336059942553,Docente Sintético 000330,5,0,1,46,6,85.75,18.8,ALTO,CON ACTIVIDAD 90D,CON ACTIVIDAD 90D,,10+,1–2
DOC_000331,SANTIAGO,INGENIERÍA CIVIL QUÍMICA,REGULAR,CONTRATADO,AVANZADO,17,17,0,100.0,54,54,5,0,0,0.074420910034186,0.925579089965814,Docente Sintético 000331,5,2,4,44,14,84.81,14.69767441860465,ALTO,CON ACTIVIDAD 90D,CON ACTIVIDAD 90D,,10+,3–5
DOC_000332,SANTIAGO,INGENIERÍA CIVIL QUÍMICA,REGULAR,CONTRATADO,AVANZADO,20,20,0,100.0,91,247,0,0,0,0.0317625575346067,0.9682374424653932,Docente Sintético 000332,5,0,3,56,9,81.97,13.61818181818182,ALTO,SIN ACTIVIDAD 90D,SIN ACTIVIDAD 90D,,10+,0
DOC_000334,SANTIAGO,INGENIERÍA CIVIL QUÍMICA,REGULAR,CONTRATADO,SIN_NIVEL,8,5,3,62.5,307,333,0,0,0,0.00026399863559876816,0.9997360013644012,Docente Sintético 000334,5,0,0,8,0,86.39,3.7142857142857135,ALTO,SIN ACTIVIDAD 90D,SIN ACTIVIDAD 90D,,4–6,0
DOC_000335,SANTIAGO,INGENIERÍA CIVIL QUÍMICA,ADJUNTO,POR HORAS,AVANZADO,17,17,0,100.0,113,113,0,0,0,0.0572394930292893,0.9427605069707106,Docente Sintético 000335,2,0,2,44,8,81.35,16.697674418604652,ALTO,SIN ACTIVIDAD 90D,SIN ACTIVIDAD 90D,,10+,0
DOC_000336,SANTIAGO,INGENIERÍA CIVIL QUÍMICA,ADJUNTO,POR HORAS,SIN_NIVEL,2,2,0,100.0,325,333,0,0,0,0.0010737770034183,0.9989262229965816,Docente Sintético 000336,2,0,0,2,0,93.6,5.0,ALTO,SIN ACTIVIDAD 90D,SIN ACTIVIDAD 90D,,0–3,0
DOC_000337,SANTIAGO,INGENIERÍA CIVIL QUÍMICA,ADJUNTO,POR HORAS,SIN_NIVEL,0,0,0,0.0,0,0,0,0,0,0.0003618999272872301,0.9996381000727128,Docente Sintético 000337,1,0,0,0,0,,,ALTO,SIN ACTIVIDAD 90D,SIN ACTIVIDAD 90D,≤50%,0–3,0
DOC_000338,SANTIAGO,INGENIERÍA CIVIL QUÍMICA,ADJUNTO,POR HORAS,INICIAL,16,13,3,81.25,88,231,1,0,0,0.0045172002640823,0.9954827997359176,Docente Sintético 000338,1,1,2,40,8,78.12,15.538461538461538,ALTO,CON ACTIVIDAD 90D,CON ACTIVIDAD 90D,,10+,1–2
DOC_000339,SANTIAGO,INGENIERÍA CIVIL QUÍMICA,ADJUNTO,POR HORAS,AVANZADO,19,18,1,94.74,238,349,0,0,0,0.0011702331937977,0.9988297668062022,Docente Sintético 000339,1,0,0,52,0,79.4,11.96078431372549,ALTO,SIN ACTIVIDAD 90D,SIN ACTIVIDAD 90D,,10+,0
DOC_000340,SANTIAGO,INGENIERÍA CIVIL QUÍMICA,ADJUNTO,POR HORAS,SIN_NIVEL,0,0,0,0.0,0,0,0,0,0,0.0003618999272872301,0.9996381000727128,Docente Sintético 000340,1,0,0,0,0,,,ALTO,SIN ACTIVIDAD 90D,SIN ACTIVIDAD 90D,≤50%,0–3,0
DOC_000341,SANTIAGO,INGENIERÍA CIVIL QUÍMICA,ADJUNTO,POR HORAS,HABILITANTE,13,12,1,92.31,294,651,0,0,0,0.00016143453303466563,0.9998385654669654,Docente Sintético 000341,1,0,0,28,0,85.78,14.88888888888889,ALTO,SIN ACTIVIDAD 90D,SIN ACTIVIDAD 90D,,10+,0
DOC_000342,SANTIAGO,INGENIERÍA CIVIL QUÍMICA,ADJUNTO,POR HORAS,INICIAL,13,13,0,100.0,91,91,0,0,0,0.0149967600836049,0.985003239916395,Docente Sintético 000342,1,0,2,28,8,85.7,14.37037037037037,ALTO,SIN ACTIVIDAD 90D,SIN ACTIVIDAD 90D,,10+,0
DOC_000343,SANTIAGO,INGENIERÍA CIVIL QUÍMICA,ADJUNTO,POR HORAS,HABILITANTE,10,10,0,100.0,680,824,0,0,0,0.0010188481289889,0.998981151871011,Docente Sintético 000343,1,0,0,16,0,85.83,11.0,ALTO,SIN ACTIVIDAD 90D,SIN ACTIVIDAD 90D,,10+,0
DOC_000344,SANTIAGO,INGENIERÍA CIVIL QUÍMICA,ADJUNTO,POR HORAS,HABILITANTE,11,10,1,90.91,564,669,0,0,0,0.00012376974960717034,0.9998762302503929,Docente Sintético 000344,1,0,0,20,0,81.09,6.842105263157895,ALTO,SIN ACTIVIDAD 90D,SIN ACTIVIDAD 90D,,10+,0
DOC_000345,SANTIAGO,INGENIERÍA CIVIL QUÍMICA,ADJUNTO,POR HORAS,SIN_NIVEL,0,0,0,0.0,121,121,0,0,0,0.0002888088803213583,0.9997111911196788,Docente Sintético 000345,1,0,0,0,0,,,ALTO,SIN ACTIVIDAD 90D,SIN ACTIVIDAD 90D,≤50%,0–3,0
DOC_000346,SANTIAGO,INGENIERÍA COMERCIAL,REGULAR,CONTRATADO,HABILITANTE,10,9,1,90.0,412,642,0,0,0,0.0005614345330346655,0.9994385654669652,Docente Sintético 000346,5,0,0,16,0,84.67,18.866666666666667,ALTO,SIN ACTIVIDAD 90D,SIN ACTIVIDAD 90D,,7–9,0
DOC_000347,SANTIAGO,INGENIERÍA COMERCIAL,REGULAR,CONTRATADO,SIN_NIVEL,0,0,0,0.0,0,0,0,0,0,0.0003618999272872301,0.9996381000727128,Docente Sintético 000347,5,0,0,0,0,,,ALTO,SIN ACTIVIDAD 90D,SIN ACTIVIDAD 90D,≤50%,0–3,0
DOC_000348,SANTIAGO,INGENIERÍA COMERCIAL,REGULAR,CONTRATADO,SIN_NIVEL,0,0,0,0.0,0,0,0,0,0,0.0003618999272872301,0.9996381000727128,Docente Sintético 000348,5,0,0,0,0,,,ALTO,SIN ACTIVIDAD 90D,SIN ACTIVIDAD 90D,≤50%,0–3,0
DOC_000349,SANTIAGO,INGENIERÍA COMERCIAL,REGULAR,CONTRATADO,AVANZADO,17,17,0,100.0,58,58,4,0,0,0.051599729836621,0.9484002701633788,Docente Sintético 000349,5,1,4,44,13,81.02,14.69767441860465,ALTO,CON ACTIVIDAD 90D,CON ACTIVIDAD 90D,,10+,3–5
DOC_000350,SANTIAGO,INGENIERÍA COMERCIAL,REGULAR,CONTRATADO,AVANZADO,19,18,1,94.74,316,433,0,0,0,0.0005883054131219668,0.999411694586878,Docente Sintético 000350,5,0,0,52,0,82.25,10.411764705882351,ALTO,SIN ACTIVIDAD 90D,SIN ACTIVIDAD 90D,,10+,0
DOC_000351,SANTIAGO,INGENIERÍA COMERCIAL,REGULAR,CONTRATADO,INICIAL,15,15,0,100.0,320,561,0,0,0,0.0070021072525479,0.992997892747452,Docente Sintético 000351,5,0,0,36,0,86.21,15.17142857142857,ALTO,SIN ACTIVIDAD 90D,SIN ACTIVIDAD 90D,,10+,0
DOC_000352,SANTIAGO,INGENIERÍA COMERCIAL,REGULAR,CONTRATADO,AVANZADO,19,18,1,94.74,240,322,0,0,0,0.0023195015916343,0.9976804984083656,Docente Sintético 000352,5,0,0,52,0,78.01,11.980392156862743,ALTO,SIN ACTIVIDAD 90D,SIN ACTIVIDAD 90D,,10+,0
DOC_000353,SANTIAGO,INGENIERÍA COMERCIAL,ADJUNTO,POR HORAS,AVANZADO,17,17,0,100.0,42,42,7,0,0,0.0856177065988309,0.914382293401169,Docente Sintético 000353,2,2,4,44,14,84.19,18.627906976744185,ALTO,CON ACTIVIDAD 90D,CON ACTIVIDAD 90D,,10+,6+
DOC_000354,SANTIAGO,INGENIERÍA COMERCIAL,ADJUNTO,POR HORAS,HABILITANTE,12,11,1,91.67,514,671,0,0,0,0.00016143453303466563,0.9998385654669654,Docente Sintético 000354,2,0,0,24,0,83.75,7.826086956521739,ALTO,SIN ACTIVIDAD 90D,SIN ACTIVIDAD 90D,,10+,0
DOC_000355,SANTIAGO,INGENIERÍA COMERCIAL,ADJUNTO,POR HORAS,SIN_NIVEL,0,0,0,0.0,0,0,0,0,0,0.0003618999272872301,0.9996381000727128,Docente Sintético 000355,2,0,0,0,0,,,ALTO,SIN ACTIVIDAD 90D,SIN ACTIVIDAD 90D,≤50%,0–3,0
DOC_000356,SANTIAGO,INGENIERÍA COMERCIAL,ADJUNTO,POR HORAS,SIN_NIVEL,0,0,0,0.0,0,0,0,0,0,0.0003618999272872301,0.9996381000727128,Docente Sintético 000356,2,0,0,0,0,,,ALTO,SIN ACTIVIDAD 90D,SIN ACTIVIDAD 90D,≤50%,0–3,0
DOC_000357,SANTIAGO,INGENIERÍA COMERCIAL,ADJUNTO,POR HORAS,HABILITANTE,9,9,0,100.0,628,799,0,0,0,0.0015676346572891,0.9984323653427108,Docente Sintético 000357,2,0,0,12,0,87.76,20.181818181818183,ALTO,SIN ACTIVIDAD 90D,SIN ACTIVIDAD 90D,,7–9,0
DOC_000358,SANTIAGO,INGENIERÍA COMERCIAL,ADJUNTO,POR HORAS,SIN_NIVEL,0,0,0,0.0,121,121,0,0,0,0.0002888088803213583,0.9997111911196788,Docente Sintético 000358,1,0,0,0,0,,,ALTO,SIN ACTIVIDAD 90D,SIN ACTIVIDAD 90D,≤50%,0–3,0
DOC_000360,SANTIAGO,INGENIERÍA COMERCIAL,ADJUNTO,POR HORAS,HABILITANTE,10,10,0,100.0,320,457,0,0,0,0.0011077370178778,0.9988922629821222,Docente Sintético 000360,1,0,0,16,0,85.74,10.666666666666666,ALTO,SIN ACTIVIDAD 90D,SIN ACTIVIDAD 90D,,10+,0
DOC_000361,SANTIAGO,INGENIERÍA COMERCIAL,ADJUNTO,POR HORAS,SIN_NIVEL,0,0,0,0.0,333,333,0,0,0,0.0002888088803213583,0.9997111911196788,Docente Sintético 000361,1,0,0,0,0,,,ALTO,SIN ACTIVIDAD 90D,SIN ACTIVIDAD 90D,≤50%,0–3,0
DOC_000362,SANTIAGO,INGENIERÍA COMERCIAL,ADJUNTO,POR HORAS,SIN_NIVEL,0,0,0,0.0,121,121,0,0,0,0.0002888088803213583,0.9997111911196788,Docente Sintético 000362,1,0,0,0,0,,,ALTO,SIN ACTIVIDAD 90D,SIN ACTIVIDAD 90D,≤50%,0–3,0
DOC_000363,SANTIAGO,INGENIERÍA COMERCIAL,ADJUNTO,POR HORAS,INICIAL,16,16,0,100.0,8,183,10,1,1,0.7761751877884764,0.2238248122115236,Docente Sintético 000363,1,3,3,40,12,81.54,11.974358974358974,BAJO,CON ACTIVIDAD 90D,CON ACTIVIDAD 90D,,10+,6+
DOC_000364,SANTIAGO,INGENIERÍA COMERCIAL,ADJUNTO,POR HORAS,SIN_NIVEL,0,0,0,0.0,121,121,0,0,0,0.0002888088803213583,0.9997111911196788,Docente Sintético 000364,1,0,0,0,0,,,ALTO,SIN ACTIVIDAD 90D,SIN ACTIVIDAD 90D,≤50%,0–3,0
DOC_000366,SANTIAGO,INGENIERÍA EN ADMINISTRACIÓN,REGULAR,CONTRATADO,HABILITANTE,9,9,0,100.0,634,673,0,0,0,0.0010188481289889,0.998981151871011,Docente Sintético 000366,5,0,0,12,0,85.88,5.545454545454546,ALTO,SIN ACTIVIDAD 90D,SIN ACTIVIDAD 90D,,7–9,0
DOC_000367,SANTIAGO,INGENIERÍA EN ADMINISTRACIÓN,REGULAR,CONTRATADO,AVANZADO,17,17,0,100.0,3,54,8,0,0,0.3581353182226852,0.6418646817773148,Docente Sintético 000367,5,2,4,47,17,85.11,14.826086956521738,ALTO,CON ACTIVIDAD 90D,CON ACTIVIDAD 90D,,10+,6+
DOC_000368,SANTIAGO,INGENIERÍA EN ADMINISTRACIÓN,REGULAR,CONTRATADO,AVANZADO,18,17,1,94.44,83,235,2,0,0,0.0155594189140373,0.9844405810859628,Docente Sintético 000368,5,1,1,48,4,83.89,16.319148936170212,ALTO,CON ACTIVIDAD 90D,CON ACTIVIDAD 90D,,10+,1–2
DOC_000369,SANTIAGO,INGENIERÍA EN ADMINISTRACIÓN,REGULAR,CONTRATADO,HABILITANTE,10,10,0,100.0,694,822,0,0,0,0.0010188481289889,0.998981151871011,Docente Sintético 000369,5,0,0,16,0,88.16,10.333333333333334,ALTO,SIN ACTIVIDAD 90D,SIN ACTIVIDAD 90D,,10+,0
DOC_000370,SANTIAGO,INGENIERÍA EN ADMINISTRACIÓN,REGULAR,CONTRATADO,SIN_NIVEL,3,2,1,66.67,475,486,0,0,0,0.00026399863559876816,0.9997360013644012,Docente Sintético 000370,5,0,0,3,0,85.03,4.5,ALTO,SIN ACTIVIDAD 90D,SIN ACTIVIDAD 90D,,0–3,0
DOC_000371,SANTIAGO,INGENIERÍA EN ADMINISTRACIÓN,REGULAR,CONTRATADO,AVANZADO,20,19,1,95.0,78,296,2,0,0,0.0042175720120259,0.995782427987974,Docente Sintético 000371,5,1,3,56,9,80.42,13.981818181818182,ALTO,CON ACTIVIDAD 90D,CON ACTIVIDAD 90D,,10+,1–2
DOC_000372,SANTIAGO,INGENIERÍA EN ADMINISTRACIÓN,ADJUNTO,POR HORAS,HABILITANTE,9,9,0,100.0,529,664,0,0,0,0.0012753453041302,0.9987246546958698,Docente Sintético 000372,2,0,0,12,0,88.61,14.818181818181818,ALTO,SIN ACTIVIDAD 90D,SIN ACTIVIDAD 90D,,7–9,0
DOC_000373,SANTIAGO,INGENIERÍA EN ADMINISTRACIÓN,ADJUNTO,POR HORAS,AVANZADO,19,19,0,100.0,1,208,9,1,1,0.7530103489743756,0.2469896510256244,Docente Sintético 000373,2,2,2,54,10,83.68,15.81132075471698,BAJO,CON ACTIVIDAD 90D,CON ACTIVIDAD 90D,,10+,6+
DOC_000375,SANTIAGO,INGENIERÍA EN ADMINISTRACIÓN,ADJUNTO,POR HORAS,SIN_NIVEL,0,0,0,0.0,121,121,0,0,0,0.0002888088803213583,0.9997111911196788,Docente Sintético 000375,2,0,0,0,0,,,ALTO,SIN ACTIVIDAD 90D,SIN ACTIVIDAD 90D,≤50%,0–3,0
DOC_000376,SANTIAGO,INGENIERÍA EN ADMINISTRACIÓN,ADJUNTO,POR HORAS,INICIAL,14,13,1,92.86,363,484,0,0,0,0.0017783657873591,0.9982216342126408,Docente Sintético 000376,2,0,0,32,0,82.36,10.838709677419354,ALTO,SIN ACTIVIDAD 90D,SIN ACTIVIDAD 90D,,10+,0
DOC_000377,SANTIAGO,INGENIERÍA EN ADMINISTRACIÓN,ADJUNTO,POR HORAS,SIN_NIVEL,5,4,1,80.0,304,486,0,0,0,0.00026399863559876816,0.9997360013644012,Docente Sintético 000377,2,0,0,5,0,88.92,6.75,ALTO,SIN ACTIVIDAD 90D,SIN ACTIVIDAD 90D,,4–6,0
DOC_000378,SANTIAGO,INGENIERÍA EN ADMINISTRACIÓN,ADJUNTO,POR HORAS,SIN_NIVEL,8,2,6,25.0,61,486,4,0,0,0.0007074672647547343,0.9992925327352452,Docente Sintético 000378,1,4,8,8,8,79.72,6.857142857142857,ALTO,CON ACTIVIDAD 90D,CON ACTIVIDAD 90D,,0–3,3–5
DOC_000379,SANTIAGO,INGENIERÍA EN ADMINISTRACIÓN,ADJUNTO,POR HORAS,HABILITANTE,12,11,1,91.67,322,636,0,0,0,0.00024801461961475226,0.9997519853803852,Docente Sintético 000379,1,0,0,24,0,87.64,16.304347826086957,ALTO,SIN ACTIVIDAD 90D,SIN ACTIVIDAD 90D,,10+,0
DOC_000380,SANTIAGO,INGENIERÍA EN ADMINISTRACIÓN,ADJUNTO,POR HORAS,INICIAL,13,13,0,100.0,64,64,4,0,0,0.0465148024451677,0.9534851975548322,Docente Sintético 000380,1,1,3,28,11,84.41,23.074074074074076,ALTO,CON ACTIVIDAD 90D,CON ACTIVIDAD 90D,,10+,3–5
DOC_000381,SANTIAGO,INGENIERÍA EN ADMINISTRACIÓN,ADJUNTO,POR HORAS,HABILITANTE,10,8,2,80.0,589,675,0,0,0,0.00012376974960717034,0.9998762302503929,Docente Sintético 000381,1,0,0,16,0,81.85,7.066666666666666,ALTO,SIN ACTIVIDAD 90D,SIN ACTIVIDAD 90D,,7–9,0
DOC_000382,SANTIAGO,INGENIERÍA EN ADMINISTRACIÓN,ADJUNTO,POR HORAS,SIN_NIVEL,0,0,0,0.0,0,0,0,0,0,0.0003618999272872301,0.9996381000727128,Docente Sintético 000382,1,0,0,0,0,,,ALTO,SIN ACTIVIDAD 90D,SIN ACTIVIDAD 90D,≤50%,0–3,0
DOC_000383,SANTIAGO,INGENIERÍA EN CONSTRUCCIÓN,REGULAR,CONTRATADO,SIN_NIVEL,0,0,0,0.0,0,0,0,0,0,0.0003618999272872301,0.9996381000727128,Docente Sintético 000383,5,0,0,0,0,,,ALTO,SIN ACTIVIDAD 90D,SIN ACTIVIDAD 90D,≤50%,0–3,0
DOC_000384,SANTIAGO,INGENIERÍA EN CONSTRUCCIÓN,REGULAR,CONTRATADO,INICIAL,14,13,1,92.86,548,584,0,0,0,0.0020511465045843,0.9979488534954156,Docente Sintético 000384,5,0,0,32,0,82.61,9.774193548387096,ALTO,SIN ACTIVIDAD 90D,SIN ACTIVIDAD 90D,,10+,0
DOC_000385,SANTIAGO,INGENIERÍA EN CONSTRUCCIÓN,REGULAR,CONTRATADO,AVANZADO,20,19,1,95.0,98,242,0,0,0,0.0043543294147214,0.9956456705852784,Docente Sintético 000385,5,0,3,56,10,81.83,13.672727272727272,ALTO,SIN ACTIVIDAD 90D,SIN ACTIVIDAD 90D,,10+,0
DOC_000386,SANTIAGO,INGENIERÍA EN CONSTRUCCIÓN,REGULAR,CONTRATADO,HABILITANTE,9,8,1,88.89,272,437,0,0,0,0.0005614345330346655,0.9994385654669652,Docente Sintético 000386,5,0,0,12,0,85.33,19.272727272727277,ALTO,SIN ACTIVIDAD 90D,SIN ACTIVIDAD 90D,,7–9,0
DOC_000387,SANTIAGO,INGENIERÍA EN CONSTRUCCIÓN,REGULAR,CONTRATADO,HABILITANTE,9,8,1,88.89,259,430,0,0,0,0.0005614345330346655,0.9994385654669652,Docente Sintético 000387,5,0,0,12,0,86.38,20.454545454545453,ALTO,SIN ACTIVIDAD 90D,SIN ACTIVIDAD 90D,,7–9,0
DOC_000388,SANTIAGO,INGENIERÍA EN CONSTRUCCIÓN,REGULAR,CONTRATADO,SIN_NIVEL,6,5,1,83.33,101,333,0,0,0,0.0002834374768986174,0.9997165625231014,Docente Sintético 000388,5,0,6,6,6,90.1,3.8,ALTO,SIN ACTIVIDAD 90D,SIN ACTIVIDAD 90D,,4–6,0
DOC_000389,SANTIAGO,INGENIERÍA EN CONSTRUCCIÓN,ADJUNTO,POR HORAS,SIN_NIVEL,0,0,0,0.0,121,121,0,0,0,0.0002888088803213583,0.9997111911196788,Docente Sintético 000389,2,0,0,0,0,,,ALTO,SIN ACTIVIDAD 90D,SIN ACTIVIDAD 90D,≤50%,0–3,0
DOC_000390,SANTIAGO,INGENIERÍA EN CONSTRUCCIÓN,ADJUNTO,POR HORAS,AVANZADO,20,20,0,100.0,196,348,0,0,0,0.0048858812512984,0.9951141187487016,Docente Sintético 000390,2,0,0,56,0,82.58,9.127272727272729,ALTO,SIN ACTIVIDAD 90D,SIN ACTIVIDAD 90D,,10+,0
DOC_000391,SANTIAGO,INGENIERÍA EN CONSTRUCCIÓN,ADJUNTO,POR HORAS,SIN_NIVEL,5,5,0,100.0,60,486,2,0,0,0.0202646722452824,0.9797353277547176,Docente Sintético 000391,2,2,5,5,5,91.2,13.75,ALTO,CON ACTIVIDAD 90D,CON ACTIVIDAD 90D,,4–6,1–2
DOC_000392,SANTIAGO,INGENIERÍA EN CONSTRUCCIÓN,ADJUNTO,POR HORAS,AVANZADO,20,19,1,95.0,199,345,0,0,0,0.0021670893167431,0.9978329106832567,Docente Sintético 000392,2,0,0,56,0,82.92,11.836363636363636,ALTO,SIN ACTIVIDAD 90D,SIN ACTIVIDAD 90D,,10+,0
DOC_000393,SANTIAGO,INGENIERÍA EN CONSTRUCCIÓN,ADJUNTO,POR HORAS,HABILITANTE,9,9,0,100.0,539,637,0,0,0,0.0010753453041302,0.9989246546958698,Docente Sintético 000393,2,0,0,12,0,90.54,13.909090909090908,ALTO,SIN ACTIVIDAD 90D,SIN ACTIVIDAD 90D,,7–9,0
DOC_000394,SANTIAGO,INGENIERÍA EN CONSTRUCCIÓN,ADJUNTO,POR HORAS,INICIAL,13,13,0,100.0,1,229,3,0,0,0.2374120680361976,0.7625879319638024,Docente Sintético 000394,1,0,0,31,3,84.15,22.933333333333334,ALTO,CON ACTIVIDAD 90D,CON ACTIVIDAD 90D,,10+,3–5
DOC_000395,SANTIAGO,INGENIERÍA EN CONSTRUCCIÓN,ADJUNTO,POR HORAS,HABILITANTE,10,10,0,100.0,118,379,0,0,0,0.0059962830039965,0.9940037169960037,Docente Sintético 000395,1,0,2,16,6,92.21,23.866666666666667,ALTO,SIN ACTIVIDAD 90D,SIN ACTIVIDAD 90D,,10+,0
DOC_000396,SANTIAGO,INGENIERÍA EN CONSTRUCCIÓN,ADJUNTO,POR HORAS,SIN_NIVEL,0,0,0,0.0,121,121,0,0,0,0.0002888088803213583,0.9997111911196788,Docente Sintético 000396,1,0,0,0,0,,,ALTO,SIN ACTIVIDAD 90D,SIN ACTIVIDAD 90D,≤50%,0–3,0
DOC_000397,SANTIAGO,INGENIERÍA EN CONSTRUCCIÓN,ADJUNTO,POR HORAS,HABILITANTE,9,9,0,100.0,733,821,0,0,0,0.0010188481289889,0.998981151871011,Docente Sintético 000397,1,0,0,12,0,85.89,10.363636363636363,ALTO,SIN ACTIVIDAD 90D,SIN ACTIVIDAD 90D,,7–9,0
DOC_000398,SANTIAGO,INGENIERÍA EN CONSTRUCCIÓN,ADJUNTO,POR HORAS,INICIAL,15,15,0,100.0,45,273,6,0,0,0.1042916459084305,0.8957083540915695,Docente Sintético 000398,1,2,2,36,8,83.65,18.542857142857144,ALTO,CON ACTIVIDAD 90D,CON ACTIVIDAD 90D,,10+,6+
DOC_000399,SANTIAGO,INGENIERÍA EN CONSTRUCCIÓN,ADJUNTO,POR HORAS,HABILITANTE,13,11,2,84.62,277,633,0,0,0,0.00016143453303466563,0.9998385654669654,Docente Sintético 000399,1,0,0,28,0,85.72,15.444444444444445,ALTO,SIN ACTIVIDAD 90D,SIN ACTIVIDAD 90D,,10+,0
DOC_000400,SANTIAGO,KINESIOLOGÍA,REGULAR,CONTRATADO,AVANZADO,18,17,1,94.44,170,334,0,0,0,0.0017454270239935,0.9982545729760064,Docente Sintético 000400,5,0,1,48,2,82.08,14.361702127659576,ALTO,SIN ACTIVIDAD 90D,SIN ACTIVIDAD 90D,,10+,0
DOC_000401,SANTIAGO,KINESIOLOGÍA,REGULAR,CONTRATADO,SIN_NIVEL,0,0,0,0.0,0,0,0,0,0,0.0003618999272872301,0.9996381000727128,Docente Sintético 000401,5,0,0,0,0,,,ALTO,SIN ACTIVIDAD 90D,SIN ACTIVIDAD 90D,≤50%,0–3,0
DOC_000402,SANTIAGO,KINESIOLOGÍA,REGULAR,CONTRATADO,SIN_NIVEL,8,5,3,62.5,266,486,0,0,0,0.00026399863559876816,0.9997360013644012,Docente Sintético 000402,5,0,0,8,0,83.59,8.0,ALTO,SIN ACTIVIDAD 90D,SIN ACTIVIDAD 90D,,4–6,0
DOC_000403,SANTIAGO,KINESIOLOGÍA,REGULAR,CONTRATADO,HABILITANTE,12,11,1,91.67,592,785,0,0,0,0.00016143453303466563,0.9998385654669654,Docente Sintético 000403,5,0,0,24,0,86.38,10.695652173913045,ALTO,SIN ACTIVIDAD 90D,SIN ACTIVIDAD 90D,,10+,0
DOC_000404,SANTIAGO,KINESIOLOGÍA,REGULAR,CONTRATADO,SIN_NIVEL,0,0,0,0.0,0,0,0,0,0,0.0003618999272872301,0.9996381000727128,Docente Sintético 000404,5,0,0,0,0,,,ALTO,SIN ACTIVIDAD 90D,SIN ACTIVIDAD 90D,≤50%,0–3,0
DOC_000405,SANTIAGO,KINESIOLOGÍA,REGULAR,CONTRATADO,INICIAL,15,15,0,100.0,303,400,0,0,0,0.0059669695507436,0.9940330304492564,Docente Sintético 000405,5,0,0,36,0,84.58,11.17142857142857,ALTO,SIN ACTIVIDAD 90D,SIN ACTIVIDAD 90D,,10+,0
DOC_000406,SANTIAGO,KINESIOLOGÍA,ADJUNTO,POR HORAS,HABILITANTE,12,11,1,91.67,283,722,0,0,0,0.0006480146196147523,0.9993519853803852,Docente Sintético 000406,2,0,0,24,0,85.37,23.91304347826087,ALTO,SIN ACTIVIDAD 90D,SIN ACTIVIDAD 90D,,10+,0
DOC_000407,SANTIAGO,KINESIOLOGÍA,ADJUNTO,POR HORAS,HABILITANTE,9,8,1,88.89,365,426,0,0,0,0.00016143453303466563,0.9998385654669654,Docente Sintético 000407,1,0,0,12,0,89.79,10.727272727272728,ALTO,SIN ACTIVIDAD 90D,SIN ACTIVIDAD 90D,,7–9,0
DOC_000408,SANTIAGO,KINESIOLOGÍA,ADJUNTO,POR HORAS,HABILITANTE,11,8,3,72.73,549,670,0,0,0,0.00012376974960717034,0.9998762302503929,Docente Sintético 000408,1,0,0,20,0,78.99,7.526315789473684,ALTO,SIN ACTIVIDAD 90D,SIN ACTIVIDAD 90D,,7–9,0
DOC_000409,SANTIAGO,KINESIOLOGÍA,ADJUNTO,POR HORAS,SIN_NIVEL,0,0,0,0.0,0,0,0,0,0,0.0003618999272872301,0.9996381000727128,Docente Sintético 000409,1,0,0,0,0,,,ALTO,SIN ACTIVIDAD 90D,SIN ACTIVIDAD 90D,≤50%,0–3,0
DOC_000411,SANTIAGO,KINESIOLOGÍA,ADJUNTO,POR HORAS,HABILITANTE,12,10,2,83.33,517,669,0,0,0,0.00012376974960717034,0.9998762302503929,Docente Sintético 000411,1,0,0,24,0,82.15,7.695652173913044,ALTO,SIN ACTIVIDAD 90D,SIN ACTIVIDAD 90D,,10+,0
DOC_000412,SANTIAGO,KINESIOLOGÍA,ADJUNTO,POR HORAS,HABILITANTE,12,11,1,91.67,499,796,0,0,0,0.00016143453303466563,0.9998385654669654,Docente Sintético 000412,1,0,0,24,0,86.64,15.26086956521739,ALTO,SIN ACTIVIDAD 90D,SIN ACTIVIDAD 90D,,10+,0
DOC_000413,SANTIAGO,KINESIOLOGÍA,ADJUNTO,POR HORAS,HABILITANTE,12,11,1,91.67,222,434,0,0,0,0.00012376974960717034,0.9998762302503929,Docente Sintético 000413,1,0,0,24,0,81.8,11.130434782608695,ALTO,SIN ACTIVIDAD 90D,SIN ACTIVIDAD 90D,,10+,0
DOC_000414,SANTIAGO,KINESIOLOGÍA,ADJUNTO,POR HORAS,AVANZADO,17,17,0,100.0,1,153,3,1,0,0.4914622079823125,0.5085377920176875,Docente Sintético 000414,1,0,1,47,7,84.86,15.108695652173912,MEDIO,CON ACTIVIDAD 90D,CON ACTIVIDAD 90D,,10+,3–5
DOC_000415,SANTIAGO,KINESIOLOGÍA,ADJUNTO,POR HORAS,AVANZADO,18,17,1,94.44,1,58,8,0,0,0.0565464218784035,0.9434535781215964,Docente Sintético 000415,1,2,5,48,17,81.42,14.702127659574469,ALTO,CON ACTIVIDAD 90D,CON ACTIVIDAD 90D,,10+,6+
DOC_000416,SANTIAGO,KINESIOLOGÍA,ADJUNTO,POR HORAS,SIN_NIVEL,2,1,1,50.0,313,699,0,0,0,0.00022633385217127292,0.9997736661478288,Docente Sintético 000416,1,0,0,2,0,82.75,11.0,ALTO,SIN ACTIVIDAD 90D,SIN ACTIVIDAD 90D,,0–3,0
DOC_000417,SANTIAGO,LICENCIATURA EN ARTES VISUALES,REGULAR,CONTRATADO,SIN_NIVEL,0,0,0,0.0,0,0,0,0,0,0.0003618999272872301,0.9996381000727128,Docente Sintético 000417,5,0,0,0,0,,,ALTO,SIN ACTIVIDAD 90D,SIN ACTIVIDAD 90D,≤50%,0–3,0
DOC_000418,SANTIAGO,LICENCIATURA EN ARTES VISUALES,REGULAR,CONTRATADO,INICIAL,13,13,0,100.0,105,105,0,0,0,0.0265737757962697,0.9734262242037304,Docente Sintético 000418,5,0,2,28,8,84.89,14.037037037037036,ALTO,SIN ACTIVIDAD 90D,SIN ACTIVIDAD 90D,,10+,0
DOC_000419,SANTIAGO,LICENCIATURA EN ARTES VISUALES,REGULAR,CONTRATADO,AVANZADO,17,17,0,100.0,21,21,8,0,0,0.1158502474783324,0.8841497525216676,Docente Sintético 000419,5,2,4,44,14,80.66,19.093023255813957,ALTO,CON ACTIVIDAD 90D,CON ACTIVIDAD 90D,,10+,6+
DOC_000420,SANTIAGO,LICENCIATURA EN ARTES VISUALES,REGULAR,CONTRATADO,AVANZADO,17,17,0,100.0,4,152,3,1,0,0.4952706362058313,0.5047293637941688,Docente Sintético 000420,5,0,1,47,7,82.3,18.130434782608692,MEDIO,CON ACTIVIDAD 90D,CON ACTIVIDAD 90D,,10+,3–5
DOC_000421,SANTIAGO,LICENCIATURA EN ARTES VISUALES,REGULAR,CONTRATADO,SIN_NIVEL,0,0,0,0.0,121,121,0,0,0,0.0002888088803213583,0.9997111911196788,Docente Sintético 000421,5,0,0,0,0,,,ALTO,SIN ACTIVIDAD 90D,SIN ACTIVIDAD 90D,≤50%,0–3,0
DOC_000422,SANTIAGO,LICENCIATURA EN ARTES VISUALES,ADJUNTO,POR HORAS,HABILITANTE,10,10,0,100.0,30,344,4,0,0,0.006955953457912,0.993044046542088,Docente Sintético 000422,2,1,2,16,8,88.24,29.53333333333333,ALTO,CON ACTIVIDAD 90D,CON ACTIVIDAD 90D,,10+,3–5
DOC_000423,SANTIAGO,LICENCIATURA EN ARTES VISUALES,ADJUNTO,POR HORAS,HABILITANTE,9,9,0,100.0,366,454,0,0,0,0.0011077370178778,0.9988922629821222,Docente Sintético 000423,2,0,0,12,0,88.53,10.272727272727272,ALTO,SIN ACTIVIDAD 90D,SIN ACTIVIDAD 90D,,7–9,0
DOC_000424,SANTIAGO,LICENCIATURA EN ARTES VISUALES,ADJUNTO,POR HORAS,INICIAL,16,15,1,93.75,4,277,9,0,0,0.1074057629582866,0.8925942370417134,Docente Sintético 000424,2,3,3,40,12,81.98,17.666666666666668,ALTO,CON ACTIVIDAD 90D,CON ACTIVIDAD 90D,,10+,6+
DOC_000425,SANTIAGO,LICENCIATURA EN ARTES VISUALES,ADJUNTO,POR HORAS,INICIAL,16,16,0,100.0,0,298,11,1,1,0.8249904040410658,0.1750095959589341,Docente Sintético 000425,1,3,3,41,13,82.58,17.225,BAJO,CON ACTIVIDAD 90D,CON ACTIVIDAD 90D,,10+,6+
DOC_000426,SANTIAGO,LICENCIATURA EN ARTES VISUALES,ADJUNTO,POR HORAS,AVANZADO,21,20,1,95.24,74,245,3,0,0,0.0023523408391249,0.997647659160875,Docente Sintético 000426,1,1,4,60,13,79.3,10.59322033898305,ALTO,CON ACTIVIDAD 90D,CON ACTIVIDAD 90D,,10+,3–5
DOC_000427,SANTIAGO,LICENCIATURA EN ARTES VISUALES,ADJUNTO,POR HORAS,SIN_NIVEL,6,1,5,16.67,73,121,2,0,0,0.000828973386260856,0.9991710266137392,Docente Sintético 000427,1,2,6,6,6,73.58,8.6,ALTO,CON ACTIVIDAD 90D,CON ACTIVIDAD 90D,,0–3,1–2
DOC_000428,SANTIAGO,LICENCIATURA EN ARTES VISUALES,ADJUNTO,POR HORAS,SIN_NIVEL,1,0,1,0.0,333,333,0,0,0,0.00022633385217127292,0.9997736661478288,Docente Sintético 000428,1,0,0,1,0,78.7,,ALTO,SIN ACTIVIDAD 90D,SIN ACTIVIDAD 90D,≤50%,0–3,0
DOC_000429,SANTIAGO,LICENCIATURA EN ARTES VISUALES,ADJUNTO,POR HORAS,HABILITANTE,9,9,0,100.0,458,648,0,0,0,0.0015676346572891,0.9984323653427108,Docente Sintético 000429,1,0,0,12,0,85.41,21.63636363636364,ALTO,SIN ACTIVIDAD 90D,SIN ACTIVIDAD 90D,,7–9,0
DOC_000430,SANTIAGO,LICENCIATURA EN ARTES VISUALES,ADJUNTO,POR HORAS,HABILITANTE,9,9,0,100.0,348,451,0,0,0,0.001164234193019,0.9988357658069807,Docente Sintético 000430,1,0,0,12,0,89.98,11.909090909090908,ALTO,SIN ACTIVIDAD 90D,SIN ACTIVIDAD 90D,,7–9,0
DOC_000431,SANTIAGO,MEDICINA,REGULAR,CONTRATADO,SIN_NIVEL,2,2,0,100.0,108,852,0,0,0,0.0078421159194294,0.9921578840805704,Docente Sintético 000431,5,0,2,2,2,87.45,10.0,ALTO,SIN ACTIVIDAD 90D,SIN ACTIVIDAD 90D,,0–3,0
DOC_000432,SANTIAGO,MEDICINA,REGULAR,CONTRATADO,SIN_NIVEL,4,2,2,50.0,414,486,0,0,0,0.00022633385217127292,0.9997736661478288,Docente Sintético 000432,5,0,0,4,0,83.12,19.33333333333333,ALTO,SIN ACTIVIDAD 90D,SIN ACTIVIDAD 90D,,0–3,0
DOC_000433,SANTIAGO,MEDICINA,REGULAR,CONTRATADO,SIN_NIVEL,3,2,1,66.67,302,333,0,0,0,0.00026399863559876816,0.9997360013644012,Docente Sintético 000433,5,0,0,3,0,85.57,9.5,ALTO,SIN ACTIVIDAD 90D,SIN ACTIVIDAD 90D,,0–3,0
DOC_000434,SANTIAGO,MEDICINA,REGULAR,CONTRATADO,AVANZADO,20,20,0,100.0,6,144,9,1,1,0.7995901844532886,0.2004098155467114,Docente Sintético 000434,5,3,4,56,16,84.29,15.272727272727272,BAJO,CON ACTIVIDAD 90D,CON ACTIVIDAD 90D,,10+,6+
DOC_000436,SANTIAGO,MEDICINA,REGULAR,CONTRATADO,AVANZADO,17,17,0,100.0,6,105,3,0,0,0.3280165595979681,0.6719834404020318,Docente Sintético 000436,5,0,2,47,11,86.26,18.02173913043478,ALTO,CON ACTIVIDAD 90D,CON ACTIVIDAD 90D,,10+,3–5
DOC_000437,SANTIAGO,MEDICINA,ADJUNTO,POR HORAS,HABILITANTE,12,11,1,91.67,519,674,0,0,0,0.00016143453303466563,0.9998385654669654,Docente Sintético 000437,2,0,0,24,0,86.03,7.565217391304348,ALTO,SIN ACTIVIDAD 90D,SIN ACTIVIDAD 90D,,10+,0
DOC_000438,SANTIAGO,MEDICINA,ADJUNTO,POR HORAS,SIN_NIVEL,0,0,0,0.0,121,121,0,0,0,0.0002888088803213583,0.9997111911196788,Docente Sintético 000438,2,0,0,0,0,,,ALTO,SIN ACTIVIDAD 90D,SIN ACTIVIDAD 90D,≤50%,0–3,0
DOC_000439,SANTIAGO,MEDICINA,ADJUNTO,POR HORAS,HABILITANTE,9,8,1,88.89,730,832,0,0,0,0.00016143453303466563,0.9998385654669654,Docente Sintético 000439,2,0,0,12,0,88.31,10.909090909090908,ALTO,SIN ACTIVIDAD 90D,SIN ACTIVIDAD 90D,,7–9,0
DOC_000440,SANTIAGO,MEDICINA,ADJUNTO,POR HORAS,HABILITANTE,12,12,0,100.0,232,436,0,0,0,0.0012271814623222,0.9987728185376776,Docente Sintético 000440,2,0,0,24,0,86.08,10.826086956521738,ALTO,SIN ACTIVIDAD 90D,SIN ACTIVIDAD 90D,,10+,0
DOC_000441,SANTIAGO,MEDICINA,ADJUNTO,POR HORAS,SIN_NIVEL,0,0,0,0.0,0,0,0,0,0,0.0003618999272872301,0.9996381000727128,Docente Sintético 000441,1,0,0,0,0,,,ALTO,SIN ACTIVIDAD 90D,SIN ACTIVIDAD 90D,≤50%,0–3,0
DOC_000442,SANTIAGO,MEDICINA,ADJUNTO,POR HORAS,AVANZADO,18,17,1,94.44,361,444,0,0,0,0.0005060008863729957,0.999493999113627,Docente Sintético 000442,1,0,0,48,0,79.84,10.382978723404255,ALTO,SIN ACTIVIDAD 90D,SIN ACTIVIDAD 90D,,10+,0
DOC_000443,SANTIAGO,MEDICINA,ADJUNTO,POR HORAS,AVANZADO,18,18,0,100.0,360,445,0,0,0,0.0061898667265263,0.9938101332734736,Docente Sintético 000443,1,0,0,48,0,82.72,10.340425531914894,ALTO,SIN ACTIVIDAD 90D,SIN ACTIVIDAD 90D,,10+,0
DOC_000444,SANTIAGO,MEDICINA,ADJUNTO,POR HORAS,AVANZADO,19,19,0,100.0,38,221,7,0,0,0.141003312116381,0.8589966878836189,Docente Sintético 000444,1,2,2,52,8,80.25,15.882352941176473,ALTO,CON ACTIVIDAD 90D,CON ACTIVIDAD 90D,,10+,6+
DOC_000445,SANTIAGO,MEDICINA,ADJUNTO,POR HORAS,HABILITANTE,9,9,0,100.0,530,667,0,0,0,0.0011864564152413,0.9988135435847588,Docente Sintético 000445,1,0,0,12,0,86.87,14.818181818181818,ALTO,SIN ACTIVIDAD 90D,SIN ACTIVIDAD 90D,,7–9,0
DOC_000446,SANTIAGO,MEDICINA,ADJUNTO,POR HORAS,SIN_NIVEL,2,2,0,100.0,681,699,0,0,0,0.0010737770034183,0.9989262229965816,Docente Sintético 000446,1,0,0,2,0,96.85,5.0,ALTO,SIN ACTIVIDAD 90D,SIN ACTIVIDAD 90D,,0–3,0
DOC_000447,SANTIAGO,MEDICINA,ADJUNTO,POR HORAS,HABILITANTE,10,10,0,100.0,703,829,0,0,0,0.0010188481289889,0.998981151871011,Docente Sintético 000447,1,0,0,16,0,87.17,9.733333333333333,ALTO,SIN ACTIVIDAD 90D,SIN ACTIVIDAD 90D,,10+,0
DOC_000448,SANTIAGO,NUTRICIÓN Y DIETÉTICA,REGULAR,CONTRATADO,SIN_NIVEL,0,0,0,0.0,0,0,0,0,0,0.0136795285099334,0.9863204714900664,Docente Sintético 000448,5,0,0,0,0,,,ALTO,SIN ACTIVIDAD 90D,SIN ACTIVIDAD 90D,≤50%,0–3,0
DOC_000449,SANTIAGO,NUTRICIÓN Y DIETÉTICA,REGULAR,CONTRATADO,INICIAL,16,14,2,87.5,274,564,0,0,0,0.0013039413918343,0.9986960586081656,Docente Sintético 000449,5,0,0,40,0,80.38,14.58974358974359,ALTO,SIN ACTIVIDAD 90D,SIN ACTIVIDAD 90D,,10+,0
DOC_000450,SANTIAGO,NUTRICIÓN Y DIETÉTICA,REGULAR,CONTRATADO,HABILITANTE,11,9,2,81.82,658,823,0,0,0,0.00010806499892008752,0.99989193500108,Docente Sintético 000450,5,0,0,20,0,83.33,9.947368421052632,ALTO,SIN ACTIVIDAD 90D,SIN ACTIVIDAD 90D,,7–9,0
DOC_000451,SANTIAGO,NUTRICIÓN Y DIETÉTICA,REGULAR,CONTRATADO,SIN_NIVEL,0,0,0,0.0,0,0,0,0,0,0.0136795285099334,0.9863204714900664,Docente Sintético 000451,5,0,0,0,0,,,ALTO,SIN ACTIVIDAD 90D,SIN ACTIVIDAD 90D,≤50%,0–3,0
DOC_000452,SANTIAGO,NUTRICIÓN Y DIETÉTICA,REGULAR,CONTRATADO,SIN_NIVEL,8,5,3,62.5,99,121,0,0,0,0.0083216595343756,0.9916783404656244,Docente Sintético 000452,5,0,8,8,8,81.08,3.0,ALTO,SIN ACTIVIDAD 90D,SIN ACTIVIDAD 90D,,4–6,0
DOC_000453,SANTIAGO,NUTRICIÓN Y DIETÉTICA,ADJUNTO,POR HORAS,AVANZADO,20,20,0,100.0,8,231,10,1,1,0.8523375270573709,0.1476624729426291,Docente Sintético 000453,2,3,3,57,13,83.89,14.910714285714286,BAJO,CON ACTIVIDAD 90D,CON ACTIVIDAD 90D,,10+,6+
DOC_000454,SANTIAGO,NUTRICIÓN Y DIETÉTICA,ADJUNTO,POR HORAS,HABILITANTE,9,9,0,100.0,533,714,0,0,0,0.0015112720370285,0.9984887279629716,Docente Sintético 000454,2,0,0,12,0,88.2,27.181818181818183,ALTO,SIN ACTIVIDAD 90D,SIN ACTIVIDAD 90D,,7–9,0
DOC_000455,SANTIAGO,NUTRICIÓN Y DIETÉTICA,ADJUNTO,POR HORAS,INICIAL,15,15,0,100.0,517,579,0,0,0,0.0238592341529613,0.9761407658470388,Docente Sintético 000455,2,0,0,36,0,84.32,9.4,ALTO,SIN ACTIVIDAD 90D,SIN ACTIVIDAD 90D,,10+,0
DOC_000456,SANTIAGO,NUTRICIÓN Y DIETÉTICA,ADJUNTO,POR HORAS,SIN_NIVEL,6,4,2,66.67,20,852,4,0,0,0.0953000341552602,0.9046999658447398,Docente Sintético 000456,2,4,6,6,6,89.12,17.8,ALTO,CON ACTIVIDAD 90D,CON ACTIVIDAD 90D,,4–6,3–5
DOC_000457,SANTIAGO,NUTRICIÓN Y DIETÉTICA,ADJUNTO,POR HORAS,AVANZADO,17,17,0,100.0,1,120,1,1,1,0.6585381315854809,0.3414618684145191,Docente Sintético 000457,2,0,2,45,7,82.71,19.045454545454547,MEDIO,CON ACTIVIDAD 90D,CON ACTIVIDAD 90D,,10+,1–2
DOC_000458,SANTIAGO,NUTRICIÓN Y DIETÉTICA,ADJUNTO,POR HORAS,HABILITANTE,11,11,0,100.0,356,645,0,0,0,0.0151583405482274,0.9848416594517726,Docente Sintético 000458,1,0,0,20,0,88.06,17.894736842105264,ALTO,SIN ACTIVIDAD 90D,SIN ACTIVIDAD 90D,,10+,0
DOC_000459,SANTIAGO,NUTRICIÓN Y DIETÉTICA,ADJUNTO,POR HORAS,SIN_NIVEL,3,2,1,66.67,323,333,0,0,0,0.0012006748372926,0.9987993251627072,Docente Sintético 000459,1,0,0,3,0,85.0,3.5,ALTO,SIN ACTIVIDAD 90D,SIN ACTIVIDAD 90D,,0–3,0
DOC_000460,SANTIAGO,NUTRICIÓN Y DIETÉTICA,ADJUNTO,POR HORAS,AVANZADO,18,18,0,100.0,179,246,0,0,0,0.070526880506073,0.929473119493927,Docente Sintético 000460,1,0,1,48,1,82.74,10.97872340425532,ALTO,SIN ACTIVIDAD 90D,SIN ACTIVIDAD 90D,,10+,0
DOC_000461,SANTIAGO,NUTRICIÓN Y DIETÉTICA,ADJUNTO,POR HORAS,SIN_NIVEL,4,2,2,50.0,93,486,0,0,0,0.013602959484965,0.986397040515035,Docente Sintético 000461,1,0,4,4,4,82.1,5.333333333333333,ALTO,SIN ACTIVIDAD 90D,SIN ACTIVIDAD 90D,,0–3,0
DOC_000462,SANTIAGO,OBSTETRICIA Y PUERICULTURA,REGULAR,CONTRATADO,INICIAL,16,16,0,100.0,12,187,10,1,1,0.7957741846690632,0.2042258153309367,Docente Sintético 000462,5,3,3,40,12,83.01,12.102564102564102,BAJO,CON ACTIVIDAD 90D,CON ACTIVIDAD 90D,,10+,6+
DOC_000463,SANTIAGO,OBSTETRICIA Y PUERICULTURA,REGULAR,CONTRATADO,HABILITANTE,8,8,0,100.0,70,70,3,0,0,0.0075566435712176,0.9924433564287825,Docente Sintético 000463,5,3,8,8,8,84.74,6.714285714285714,ALTO,CON ACTIVIDAD 90D,CON ACTIVIDAD 90D,,7–9,3–5
DOC_000464,SANTIAGO,OBSTETRICIA Y PUERICULTURA,REGULAR,CONTRATADO,AVANZADO,20,19,1,95.0,98,238,0,0,0,0.0024245048533179,0.997575495146682,Docente Sintético 000464,5,0,3,56,10,78.68,13.472727272727273,ALTO,SIN ACTIVIDAD 90D,SIN ACTIVIDAD 90D,,10+,0
DOC_000465,SANTIAGO,OBSTETRICIA Y PUERICULTURA,REGULAR,CONTRATADO,HABILITANTE,13,10,3,76.92,374,646,0,0,0,0.00012376974960717034,0.9998762302503929,Docente Sintético 000465,5,0,0,28,0,80.52,11.703703703703704,ALTO,SIN ACTIVIDAD 90D,SIN ACTIVIDAD 90D,,10+,0
DOC_000466,SANTIAGO,OBSTETRICIA Y PUERICULTURA,REGULAR,CONTRATADO,SIN_NIVEL,0,0,0,0.0,0,0,0,0,0,0.0003618999272872301,0.9996381000727128,Docente Sintético 000466,5,0,0,0,0,,,ALTO,SIN ACTIVIDAD 90D,SIN ACTIVIDAD 90D,≤50%,0–3,0
DOC_000467,SANTIAGO,OBSTETRICIA Y PUERICULTURA,ADJUNTO,POR HORAS,HABILITANTE,8,8,0,100.0,5,209,1,0,0,0.0199265836259996,0.9800734163740004,Docente Sintético 000467,2,0,0,9,1,91.72,40.125,ALTO,CON ACTIVIDAD 90D,CON ACTIVIDAD 90D,,7–9,1–2
DOC_000468,SANTIAGO,OBSTETRICIA Y PUERICULTURA,ADJUNTO,POR HORAS,HABILITANTE,8,8,0,100.0,6,6,6,0,0,0.1927934859388611,0.8072065140611389,Docente Sintético 000468,1,6,8,8,8,91.41,15.857142857142858,ALTO,CON ACTIVIDAD 90D,CON ACTIVIDAD 90D,,7–9,6+
DOC_000469,SANTIAGO,OBSTETRICIA Y PUERICULTURA,ADJUNTO,POR HORAS,AVANZADO,19,19,0,100.0,316,433,0,0,0,0.0053348545752122,0.9946651454247878,Docente Sintético 000469,1,0,0,52,0,81.92,10.392156862745098,ALTO,SIN ACTIVIDAD 90D,SIN ACTIVIDAD 90D,,10+,0
DOC_000470,SANTIAGO,OBSTETRICIA Y PUERICULTURA,ADJUNTO,POR HORAS,SIN_NIVEL,0,0,0,0.0,0,0,0,0,0,0.0003618999272872301,0.9996381000727128,Docente Sintético 000470,1,0,0,0,0,,,ALTO,SIN ACTIVIDAD 90D,SIN ACTIVIDAD 90D,≤50%,0–3,0
DOC_000471,SANTIAGO,OBSTETRICIA Y PUERICULTURA,ADJUNTO,POR HORAS,HABILITANTE,8,8,0,100.0,6,59,7,0,0,0.0772066477916748,0.9227933522083251,Docente Sintético 000471,1,5,8,10,10,89.7,12.22222222222222,ALTO,CON ACTIVIDAD 90D,CON ACTIVIDAD 90D,,7–9,6+
DOC_000472,SANTIAGO,OBSTETRICIA Y PUERICULTURA,ADJUNTO,POR HORAS,SIN_NIVEL,5,4,1,80.0,86,333,1,0,0,0.000545217907968483,0.9994547820920316,Docente Sintético 000472,1,1,5,5,5,83.46,6.75,ALTO,CON ACTIVIDAD 90D,CON ACTIVIDAD 90D,,4–6,1–2
DOC_000473,SANTIAGO,OBSTETRICIA Y PUERICULTURA,ADJUNTO,POR HORAS,AVANZADO,17,17,0,100.0,2,113,3,1,1,0.5841481768239217,0.4158518231760783,Docente Sintético 000473,1,0,2,47,8,82.54,18.108695652173918,MEDIO,CON ACTIVIDAD 90D,CON ACTIVIDAD 90D,,10+,3–5
DOC_000474,SANTIAGO,OBSTETRICIA Y PUERICULTURA,ADJUNTO,POR HORAS,HABILITANTE,9,9,0,100.0,732,818,0,0,0,0.0010188481289889,0.998981151871011,Docente Sintético 000474,1,0,0,12,0,89.27,10.272727272727272,ALTO,SIN ACTIVIDAD 90D,SIN ACTIVIDAD 90D,,7–9,0
DOC_000475,SANTIAGO,OBSTETRICIA Y PUERICULTURA,ADJUNTO,POR HORAS,AVANZADO,19,19,0,100.0,40,232,6,0,0,0.1300913501945346,0.8699086498054653,Docente Sintético 000475,1,2,2,52,8,83.46,15.92156862745098,ALTO,CON ACTIVIDAD 90D,CON ACTIVIDAD 90D,,10+,6+
DOC_000476,SANTIAGO,ODONTOLOGÍA,REGULAR,CONTRATADO,SIN_NIVEL,7,4,3,57.14,430,486,0,0,0,0.00026399863559876816,0.9997360013644012,Docente Sintético 000476,7,0,0,7,0,85.87,8.0,ALTO,SIN ACTIVIDAD 90D,SIN ACTIVIDAD 90D,,4–6,0
DOC_000477,SANTIAGO,ODONTOLOGÍA,REGULAR,CONTRATADO,SIN_NIVEL,2,1,1,50.0,110,333,0,0,0,0.00032299568574626085,0.9996770043142538,Docente Sintético 000477,6,0,2,2,2,84.15,8.0,ALTO,SIN ACTIVIDAD 90D,SIN ACTIVIDAD 90D,,0–3,0
DOC_000478,SANTIAGO,ODONTOLOGÍA,ADJUNTO,POR HORAS,INICIAL,13,13,0,100.0,2,195,3,0,0,0.2265671812207246,0.7734328187792754,Docente Sintético 000478,3,0,0,31,3,85.23,15.666666666666666,ALTO,CON ACTIVIDAD 90D,CON ACTIVIDAD 90D,,10+,3–5
DOC_000479,SANTIAGO,ODONTOLOGÍA,ADJUNTO,POR HORAS,HABILITANTE,13,11,2,84.62,94,428,0,0,0,0.00035343208695197095,0.999646567913048,Docente Sintético 000479,3,0,3,28,10,82.56,14.296296296296296,ALTO,SIN ACTIVIDAD 90D,SIN ACTIVIDAD 90D,,10+,0
DOC_000480,SANTIAGO,ODONTOLOGÍA,ADJUNTO,POR HORAS,HABILITANTE,9,8,1,88.89,161,244,0,0,0,0.0002564676192181944,0.9997435323807818,Docente Sintético 000480,3,0,1,12,2,85.27,15.636363636363637,ALTO,SIN ACTIVIDAD 90D,SIN ACTIVIDAD 90D,,7–9,0
DOC_000481,SANTIAGO,ODONTOLOGÍA,ADJUNTO,POR HORAS,AVANZADO,17,17,0,100.0,1,33,8,1,1,0.5124334209440025,0.4875665790559975,Docente Sintético 000481,3,2,4,47,17,81.81,18.282608695652176,MEDIO,CON ACTIVIDAD 90D,CON ACTIVIDAD 90D,,10+,6+
DOC_000482,SANTIAGO,PEDAGOGÍA EN EDUCACIÓN BÁSICA MENCIÓN EN EDUCACIÓN MATEMÁTICA,REGULAR,CONTRATADO,SIN_NIVEL,7,4,3,57.14,15,333,5,0,0,0.0161582164278637,0.9838417835721364,Docente Sintético 000482,7,5,7,7,7,79.21,16.5,ALTO,CON ACTIVIDAD 90D,CON ACTIVIDAD 90D,,4–6,3–5
DOC_000483,SANTIAGO,PEDAGOGÍA EN EDUCACIÓN BÁSICA MENCIÓN EN EDUCACIÓN MATEMÁTICA,REGULAR,CONTRATADO,HABILITANTE,8,8,0,100.0,25,25,6,0,0,0.0689112319936289,0.9310887680063712,Docente Sintético 000483,7,6,8,8,8,90.68,11.428571428571429,ALTO,CON ACTIVIDAD 90D,CON ACTIVIDAD 90D,,7–9,6+
DOC_000484,SANTIAGO,PEDAGOGÍA EN EDUCACIÓN BÁSICA MENCIÓN EN EDUCACIÓN MATEMÁTICA,REGULAR,CONTRATADO,SIN_NIVEL,3,3,0,100.0,308,333,0,0,0,0.0010737770034183,0.9989262229965816,Docente Sintético 000484,6,0,0,3,0,96.67,7.5,ALTO,SIN ACTIVIDAD 90D,SIN ACTIVIDAD 90D,,0–3,0
DOC_000485,SANTIAGO,PEDAGOGÍA EN EDUCACIÓN BÁSICA MENCIÓN EN EDUCACIÓN MATEMÁTICA,REGULAR,CONTRATADO,AVANZADO,20,19,1,95.0,4,131,9,0,0,0.0653151959328195,0.9346848040671804,Docente Sintético 000485,6,3,4,56,16,82.78,12.581818181818182,ALTO,CON ACTIVIDAD 90D,CON ACTIVIDAD 90D,,10+,6+
DOC_000486,SANTIAGO,PEDAGOGÍA EN EDUCACIÓN BÁSICA MENCIÓN EN EDUCACIÓN MATEMÁTICA,REGULAR,CONTRATADO,AVANZADO,20,19,1,95.0,106,255,0,0,0,0.002391249301491,0.997608750698509,Docente Sintético 000486,6,0,2,56,8,80.18,10.745454545454546,ALTO,SIN ACTIVIDAD 90D,SIN ACTIVIDAD 90D,,10+,0
DOC_000488,SANTIAGO,PEDAGOGÍA EN EDUCACIÓN BÁSICA MENCIÓN EN EDUCACIÓN MATEMÁTICA,REGULAR,CONTRATADO,AVANZADO,17,17,0,100.0,4,105,1,1,1,0.6103653517334328,0.3896346482665672,Docente Sintético 000488,6,0,2,45,9,84.6,18.90909090909091,MEDIO,CON ACTIVIDAD 90D,CON ACTIVIDAD 90D,,10+,1–2
DOC_000489,SANTIAGO,PEDAGOGÍA EN EDUCACIÓN BÁSICA MENCIÓN EN EDUCACIÓN MATEMÁTICA,ADJUNTO,POR HORAS,SIN_NIVEL,5,3,2,60.0,317,486,0,0,0,0.00026399863559876816,0.9997360013644012,Docente Sintético 000489,3,0,0,5,0,87.16,3.5,ALTO,SIN ACTIVIDAD 90D,SIN ACTIVIDAD 90D,,0–3,0
DOC_000490,SANTIAGO,PEDAGOGÍA EN EDUCACIÓN BÁSICA MENCIÓN EN EDUCACIÓN MATEMÁTICA,ADJUNTO,POR HORAS,HABILITANTE,10,9,1,90.0,688,796,0,0,0,0.00012376974960717034,0.9998762302503929,Docente Sintético 000490,3,0,0,16,0,81.65,10.266666666666667,ALTO,SIN ACTIVIDAD 90D,SIN ACTIVIDAD 90D,,7–9,0
DOC_000491,SANTIAGO,PEDAGOGÍA EN EDUCACIÓN BÁSICA MENCIÓN EN EDUCACIÓN MATEMÁTICA,ADJUNTO,POR HORAS,SIN_NIVEL,0,0,0,0.0,0,0,0,0,0,0.0003618999272872301,0.9996381000727128,Docente Sintético 000491,3,0,0,0,0,,,ALTO,SIN ACTIVIDAD 90D,SIN ACTIVIDAD 90D,≤50%,0–3,0
DOC_000492,SANTIAGO,PEDAGOGÍA EN EDUCACIÓN BÁSICA MENCIÓN EN EDUCACIÓN MATEMÁTICA,ADJUNTO,POR HORAS,SIN_NIVEL,0,0,0,0.0,121,121,0,0,0,0.0002888088803213583,0.9997111911196788,Docente Sintético 000492,3,0,0,0,0,,,ALTO,SIN ACTIVIDAD 90D,SIN ACTIVIDAD 90D,≤50%,0–3,0
DOC_000493,SANTIAGO,PEDAGOGÍA EN EDUCACIÓN BÁSICA MENCIÓN EN EDUCACIÓN MATEMÁTICA,ADJUNTO,POR HORAS,SIN_NIVEL,1,1,0,100.0,471,486,0,0,0,0.0011302741785596,0.9988697258214404,Docente Sintético 000493,3,0,0,1,0,98.1,,ALTO,SIN ACTIVIDAD 90D,SIN ACTIVIDAD 90D,,0–3,0
DOC_000495,SANTIAGO,PEDAGOGÍA EN EDUCACIÓN BÁSICA MENCIÓN EN EDUCACIÓN MATEMÁTICA,ADJUNTO,POR HORAS,HABILITANTE,11,9,2,81.82,322,738,0,0,0,0.00021034983618725692,0.9997896501638128,Docente Sintético 000495,3,0,0,20,0,82.48,27.789473684210527,ALTO,SIN ACTIVIDAD 90D,SIN ACTIVIDAD 90D,,7–9,0
DOC_000496,SANTIAGO,PEDAGOGÍA EN EDUCACIÓN BÁSICA MENCIÓN EN EDUCACIÓN MATEMÁTICA,ADJUNTO,POR HORAS,HABILITANTE,8,8,0,100.0,7,224,2,0,0,0.0342176928798869,0.965782307120113,Docente Sintético 000496,3,0,0,10,2,88.35,36.11111111111112,ALTO,CON ACTIVIDAD 90D,CON ACTIVIDAD 90D,,7–9,1–2
DOC_000497,SANTIAGO,PEDAGOGÍA EN EDUCACIÓN BÁSICA MENCIÓN EN EDUCACIÓN MATEMÁTICA,ADJUNTO,POR HORAS,AVANZADO,17,17,0,100.0,5,51,7,0,0,0.2862159476351656,0.7137840523648343,Docente Sintético 000497,3,2,4,46,15,82.94,15.4,ALTO,CON ACTIVIDAD 90D,CON ACTIVIDAD 90D,,10+,6+
DOC_000498,SANTIAGO,PEDAGOGÍA EN EDUCACIÓN BÁSICA MENCIÓN EN EDUCACIÓN MATEMÁTICA,ADJUNTO,POR HORAS,HABILITANTE,11,9,2,81.82,472,665,0,0,0,0.00012376974960717034,0.9998762302503929,Docente Sintético 000498,3,0,0,20,0,81.73,11.63157894736842,ALTO,SIN ACTIVIDAD 90D,SIN ACTIVIDAD 90D,,7–9,0
DOC_000499,SANTIAGO,PEDAGOGÍA EN EDUCACIÓN BÁSICA MENCIÓN EN EDUCACIÓN MATEMÁTICA,ADJUNTO,POR HORAS,SIN_NIVEL,0,0,0,0.0,121,121,0,0,0,0.0002888088803213583,0.9997111911196788,Docente Sintético 000499,3,0,0,0,0,,,ALTO,SIN ACTIVIDAD 90D,SIN ACTIVIDAD 90D,≤50%,0–3,0
DOC_000500,SANTIAGO,PEDAGOGÍA EN EDUCACIÓN BÁSICA MENCIÓN EN EDUCACIÓN MATEMÁTICA,ADJUNTO,POR HORAS,AVANZADO,17,17,0,100.0,9,30,8,0,0,0.3347912396408706,0.6652087603591295,Docente Sintético 000500,3,2,4,46,15,82.39,14.911111111111111,ALTO,CON ACTIVIDAD 90D,CON ACTIVIDAD 90D,,10+,6+
DOC_000501,SANTIAGO,PEDAGOGÍA EN EDUCACIÓN BÁSICA MENCIÓN EN EDUCACIÓN MATEMÁTICA,ADJUNTO,POR HORAS,AVANZADO,20,20,0,100.0,3,154,8,1,1,0.7681750307727445,0.2318249692272554,Docente Sintético 000501,3,2,4,56,16,83.57,12.6,BAJO,CON ACTIVIDAD 90D,CON ACTIVIDAD 90D,,10+,6+
DOC_000502,SANTIAGO,PEDAGOGÍA EN EDUCACIÓN DIFERENCIAL,REGULAR,CONTRATADO,HABILITANTE,9,9,0,100.0,544,668,0,0,0,0.001164234193019,0.9988357658069807,Docente Sintético 000502,5,0,0,12,0,90.52,13.909090909090908,ALTO,SIN ACTIVIDAD 90D,SIN ACTIVIDAD 90D,,7–9,0
DOC_000503,SANTIAGO,PEDAGOGÍA EN EDUCACIÓN DIFERENCIAL,REGULAR,CONTRATADO,SIN_NIVEL,0,0,0,0.0,0,0,0,0,0,0.0003618999272872301,0.9996381000727128,Docente Sintético 000503,5,0,0,0,0,,,ALTO,SIN ACTIVIDAD 90D,SIN ACTIVIDAD 90D,≤50%,0–3,0
DOC_000504,SANTIAGO,PEDAGOGÍA EN EDUCACIÓN DIFERENCIAL,REGULAR,CONTRATADO,SIN_NIVEL,7,7,0,100.0,76,121,3,0,0,0.0327132148643296,0.9672867851356703,Docente Sintético 000504,5,3,7,7,7,92.29,6.333333333333333,ALTO,CON ACTIVIDAD 90D,CON ACTIVIDAD 90D,,7–9,3–5
DOC_000505,SANTIAGO,PEDAGOGÍA EN EDUCACIÓN DIFERENCIAL,REGULAR,CONTRATADO,HABILITANTE,12,10,2,83.33,420,630,0,0,0,0.00012376974960717034,0.9998762302503929,Docente Sintético 000505,5,0,0,24,0,79.54,11.521739130434783,ALTO,SIN ACTIVIDAD 90D,SIN ACTIVIDAD 90D,,10+,0
DOC_000506,SANTIAGO,PEDAGOGÍA EN EDUCACIÓN DIFERENCIAL,REGULAR,CONTRATADO,HABILITANTE,12,11,1,91.67,593,794,0,0,0,0.00012376974960717034,0.9998762302503929,Docente Sintético 000506,5,0,0,24,0,82.22,10.652173913043478,ALTO,SIN ACTIVIDAD 90D,SIN ACTIVIDAD 90D,,10+,0
DOC_000507,SANTIAGO,PEDAGOGÍA EN EDUCACIÓN DIFERENCIAL,REGULAR,CONTRATADO,AVANZADO,17,17,0,100.0,5,147,2,0,0,0.3283087862791374,0.6716912137208626,Docente Sintético 000507,5,0,1,46,6,84.74,15.266666666666667,ALTO,CON ACTIVIDAD 90D,CON ACTIVIDAD 90D,,10+,1–2
DOC_000509,SANTIAGO,PEDAGOGÍA EN EDUCACIÓN DIFERENCIAL,ADJUNTO,POR HORAS,AVANZADO,17,17,0,100.0,115,115,0,0,0,0.0727662015154053,0.9272337984845946,Docente Sintético 000509,2,0,2,44,7,82.31,16.697674418604652,ALTO,SIN ACTIVIDAD 90D,SIN ACTIVIDAD 90D,,10+,0
DOC_000510,SANTIAGO,PEDAGOGÍA EN EDUCACIÓN DIFERENCIAL,ADJUNTO,POR HORAS,INICIAL,15,14,1,93.33,50,287,5,0,0,0.0218713191062386,0.9781286808937614,Docente Sintético 000510,2,2,2,36,8,84.26,18.2,ALTO,CON ACTIVIDAD 90D,CON ACTIVIDAD 90D,,10+,3–5
DOC_000511,SANTIAGO,PEDAGOGÍA EN EDUCACIÓN DIFERENCIAL,ADJUNTO,POR HORAS,SIN_NIVEL,0,0,0,0.0,0,0,0,0,0,0.0003618999272872301,0.9996381000727128,Docente Sintético 000511,2,0,0,0,0,,,ALTO,SIN ACTIVIDAD 90D,SIN ACTIVIDAD 90D,≤50%,0–3,0
DOC_000512,SANTIAGO,PEDAGOGÍA EN EDUCACIÓN DIFERENCIAL,ADJUNTO,POR HORAS,HABILITANTE,12,9,3,75.0,59,299,4,0,0,0.0262215276578183,0.9737784723421816,Docente Sintético 000512,2,1,4,24,14,79.52,11.826086956521738,ALTO,CON ACTIVIDAD 90D,CON ACTIVIDAD 90D,,7–9,3–5
DOC_000513,SANTIAGO,PEDAGOGÍA EN EDUCACIÓN DIFERENCIAL,ADJUNTO,POR HORAS,SIN_NIVEL,7,5,2,71.43,76,333,3,0,0,0.0019572532603034,0.9980427467396964,Docente Sintético 000513,2,3,7,7,7,89.11,6.166666666666667,ALTO,CON ACTIVIDAD 90D,CON ACTIVIDAD 90D,,4–6,3–5
DOC_000514,SANTIAGO,PEDAGOGÍA EN EDUCACIÓN DIFERENCIAL,ADJUNTO,POR HORAS,SIN_NIVEL,0,0,0,0.0,333,333,0,0,0,0.0002888088803213583,0.9997111911196788,Docente Sintético 000514,2,0,0,0,0,,,ALTO,SIN ACTIVIDAD 90D,SIN ACTIVIDAD 90D,≤50%,0–3,0
DOC_000515,SANTIAGO,PEDAGOGÍA EN EDUCACIÓN DIFERENCIAL,ADJUNTO,POR HORAS,SIN_NIVEL,0,0,0,0.0,0,0,0,0,0,0.0003618999272872301,0.9996381000727128,Docente Sintético 000515,2,0,0,0,0,,,ALTO,SIN ACTIVIDAD 90D,SIN ACTIVIDAD 90D,≤50%,0–3,0
DOC_000516,SANTIAGO,PEDAGOGÍA EN EDUCACIÓN DIFERENCIAL,ADJUNTO,POR HORAS,HABILITANTE,13,12,1,92.31,475,786,0,0,0,0.00012376974960717034,0.9998762302503929,Docente Sintético 000516,1,0,0,28,0,81.95,13.444444444444445,ALTO,SIN ACTIVIDAD 90D,SIN ACTIVIDAD 90D,,10+,0
DOC_000517,SANTIAGO,PEDAGOGÍA EN EDUCACIÓN DIFERENCIAL,ADJUNTO,POR HORAS,SIN_NIVEL,6,3,3,50.0,81,121,2,0,0,0.000828973386260856,0.9991710266137392,Docente Sintético 000517,1,2,6,6,6,78.42,6.8,ALTO,CON ACTIVIDAD 90D,CON ACTIVIDAD 90D,,0–3,1–2
DOC_000518,SANTIAGO,PEDAGOGÍA EN EDUCACIÓN DIFERENCIAL,ADJUNTO,POR HORAS,AVANZADO,18,18,0,100.0,94,155,0,0,0,0.0406168379942611,0.9593831620057388,Docente Sintético 000518,1,0,2,48,8,81.6,12.595744680851064,ALTO,SIN ACTIVIDAD 90D,SIN ACTIVIDAD 90D,,10+,0
DOC_000519,SANTIAGO,PEDAGOGÍA EN EDUCACIÓN DIFERENCIAL,ADJUNTO,POR HORAS,AVANZADO,17,17,0,100.0,104,104,0,0,0,0.0578745843136795,0.9421254156863204,Docente Sintético 000519,1,0,2,44,6,79.68,17.302325581395348,ALTO,SIN ACTIVIDAD 90D,SIN ACTIVIDAD 90D,,10+,0
DOC_000520,SANTIAGO,PEDAGOGÍA EN EDUCACIÓN DIFERENCIAL,ADJUNTO,POR HORAS,INICIAL,14,14,0,100.0,458,488,0,0,0,0.0023659392293048,0.9976340607706952,Docente Sintético 000520,1,0,0,32,0,80.69,7.741935483870968,ALTO,SIN ACTIVIDAD 90D,SIN ACTIVIDAD 90D,,10+,0
DOC_000521,SANTIAGO,PEDAGOGÍA EN EDUCACIÓN DIFERENCIAL,ADJUNTO,POR HORAS,HABILITANTE,13,10,3,76.92,363,711,0,0,0,0.00021034983618725692,0.9997896501638128,Docente Sintético 000521,1,0,0,28,0,80.68,17.666666666666668,ALTO,SIN ACTIVIDAD 90D,SIN ACTIVIDAD 90D,,10+,0
DOC_000522,SANTIAGO,PEDAGOGÍA EN EDUCACIÓN FÍSICA,REGULAR,CONTRATADO,HABILITANTE,9,9,0,100.0,627,795,0,0,0,0.001472189322482,0.998527810677518,Docente Sintético 000522,5,0,0,12,0,88.82,20.0,ALTO,SIN ACTIVIDAD 90D,SIN ACTIVIDAD 90D,,7–9,0
DOC_000523,SANTIAGO,PEDAGOGÍA EN EDUCACIÓN FÍSICA,REGULAR,CONTRATADO,AVANZADO,20,17,3,85.0,14,150,10,0,0,0.0549331877803105,0.9450668122196896,Docente Sintético 000523,5,3,4,56,16,78.4,15.21818181818182,ALTO,CON ACTIVIDAD 90D,CON ACTIVIDAD 90D,,10+,6+
DOC_000524,SANTIAGO,PEDAGOGÍA EN EDUCACIÓN FÍSICA,REGULAR,CONTRATADO,SIN_NIVEL,8,5,3,62.5,305,333,0,0,0,0.00021746860394432257,0.9997825313960556,Docente Sintético 000524,5,0,0,8,0,82.6,3.7142857142857135,ALTO,SIN ACTIVIDAD 90D,SIN ACTIVIDAD 90D,,4–6,0
DOC_000525,SANTIAGO,PEDAGOGÍA EN EDUCACIÓN FÍSICA,REGULAR,CONTRATADO,INICIAL,16,14,2,87.5,3,199,9,0,0,0.1038054030675679,0.8961945969324321,Docente Sintético 000525,5,3,3,40,12,83.62,12.025641025641026,ALTO,CON ACTIVIDAD 90D,CON ACTIVIDAD 90D,,10+,6+
DOC_000527,SANTIAGO,PEDAGOGÍA EN EDUCACIÓN FÍSICA,REGULAR,CONTRATADO,SIN_NIVEL,0,0,0,0.0,121,121,0,0,0,0.000279943632094408,0.9997200563679056,Docente Sintético 000527,5,0,0,0,0,,,ALTO,SIN ACTIVIDAD 90D,SIN ACTIVIDAD 90D,≤50%,0–3,0
DOC_000528,SANTIAGO,PEDAGOGÍA EN EDUCACIÓN FÍSICA,REGULAR,CONTRATADO,INICIAL,15,14,1,93.33,302,462,0,0,0,0.0032301654411751,0.9967698345588248,Docente Sintético 000528,5,0,0,36,0,85.77,15.714285714285714,ALTO,SIN ACTIVIDAD 90D,SIN ACTIVIDAD 90D,,10+,0
DOC_000529,SANTIAGO,PEDAGOGÍA EN EDUCACIÓN FÍSICA,ADJUNTO,POR HORAS,SIN_NIVEL,8,5,3,62.5,102,121,0,0,0,0.0007334902893694831,0.9992665097106304,Docente Sintético 000529,2,0,8,8,8,86.98,2.7142857142857144,ALTO,SIN ACTIVIDAD 90D,SIN ACTIVIDAD 90D,,4–6,0
DOC_000530,SANTIAGO,PEDAGOGÍA EN EDUCACIÓN FÍSICA,ADJUNTO,POR HORAS,SIN_NIVEL,7,1,6,14.29,1,121,5,0,0,0.0121098033632586,0.9878901966367414,Docente Sintético 000530,2,5,7,7,7,71.5,17.0,ALTO,CON ACTIVIDAD 90D,CON ACTIVIDAD 90D,,0–3,3–5
DOC_000531,SANTIAGO,PEDAGOGÍA EN EDUCACIÓN FÍSICA,ADJUNTO,POR HORAS,HABILITANTE,12,10,2,83.33,426,661,0,0,0,0.00011490450138021998,0.9998850954986198,Docente Sintético 000531,2,0,0,24,0,80.58,11.565217391304348,ALTO,SIN ACTIVIDAD 90D,SIN ACTIVIDAD 90D,,10+,0
DOC_000532,SANTIAGO,PEDAGOGÍA EN EDUCACIÓN FÍSICA,ADJUNTO,POR HORAS,INICIAL,15,15,0,100.0,331,486,0,0,0,0.0045289559660011,0.9954710440339988,Docente Sintético 000532,2,0,0,36,0,83.22,10.514285714285714,ALTO,SIN ACTIVIDAD 90D,SIN ACTIVIDAD 90D,,10+,0
DOC_000533,SANTIAGO,PEDAGOGÍA EN EDUCACIÓN FÍSICA,ADJUNTO,POR HORAS,AVANZADO,17,17,0,100.0,122,122,0,0,0,0.0594688618876167,0.9405311381123832,Docente Sintético 000533,2,0,2,44,8,84.01,16.837209302325583,ALTO,SIN ACTIVIDAD 90D,SIN ACTIVIDAD 90D,,10+,0
DOC_000534,SANTIAGO,PEDAGOGÍA EN EDUCACIÓN FÍSICA,ADJUNTO,POR HORAS,HABILITANTE,10,8,2,80.0,597,669,0,0,0,0.0001525692848077153,0.9998474307151924,Docente Sintético 000534,2,0,0,16,0,86.06,6.533333333333333,ALTO,SIN ACTIVIDAD 90D,SIN ACTIVIDAD 90D,,7–9,0
DOC_000535,SANTIAGO,PEDAGOGÍA EN EDUCACIÓN FÍSICA,ADJUNTO,POR HORAS,HABILITANTE,12,12,0,100.0,502,773,0,0,0,0.0013859245003477,0.9986140754996524,Docente Sintético 000535,1,0,0,24,0,86.08,14.608695652173912,ALTO,SIN ACTIVIDAD 90D,SIN ACTIVIDAD 90D,,10+,0
DOC_000536,SANTIAGO,PEDAGOGÍA EN EDUCACIÓN FÍSICA,ADJUNTO,POR HORAS,INICIAL,15,13,2,86.67,191,423,0,0,0,0.0011032872053038,0.9988967127946962,Docente Sintético 000536,1,0,0,36,0,79.6,18.8,ALTO,SIN ACTIVIDAD 90D,SIN ACTIVIDAD 90D,,10+,0
DOC_000537,SANTIAGO,PEDAGOGÍA EN EDUCACIÓN FÍSICA,ADJUNTO,POR HORAS,HABILITANTE,11,9,2,81.82,136,342,0,0,0,0.0026974420411698,0.99730255795883,Docente Sintético 000537,1,0,2,20,5,83.65,17.36842105263158,ALTO,SIN ACTIVIDAD 90D,SIN ACTIVIDAD 90D,,7–9,0
DOC_000538,SANTIAGO,PEDAGOGÍA EN EDUCACIÓN FÍSICA,ADJUNTO,POR HORAS,AVANZADO,17,17,0,100.0,6,160,3,0,0,0.3433400933787168,0.6566599066212833,Docente Sintético 000538,1,0,1,47,7,83.58,14.956521739130435,ALTO,CON ACTIVIDAD 90D,CON ACTIVIDAD 90D,,10+,3–5
DOC_000539,SANTIAGO,PEDAGOGÍA EN EDUCACIÓN FÍSICA,ADJUNTO,POR HORAS,HABILITANTE,13,12,1,92.31,460,815,0,0,0,0.0001525692848077153,0.9998474307151924,Docente Sintético 000539,1,0,0,28,0,84.3,14.51851851851852,ALTO,SIN ACTIVIDAD 90D,SIN ACTIVIDAD 90D,,10+,0
DOC_000540,SANTIAGO,PEDAGOGÍA EN EDUCACIÓN FÍSICA,ADJUNTO,POR HORAS,AVANZADO,20,17,3,85.0,179,340,0,0,0,0.0015116073457293,0.9984883926542706,Docente Sintético 000540,1,0,1,56,1,79.68,12.0,ALTO,SIN ACTIVIDAD 90D,SIN ACTIVIDAD 90D,,10+,0
DOC_000541,SANTIAGO,PEDAGOGÍA EN EDUCACIÓN FÍSICA,ADJUNTO,POR HORAS,SIN_NIVEL,8,4,4,50.0,286,699,0,0,0,0.00021746860394432257,0.9997825313960556,Docente Sintético 000541,1,0,0,8,0,83.35,6.428571428571429,ALTO,SIN ACTIVIDAD 90D,SIN ACTIVIDAD 90D,,4–6,0
DOC_000542,SANTIAGO,PEDAGOGÍA EN EDUCACIÓN PARVULARIA,REGULAR,CONTRATADO,HABILITANTE,10,9,1,90.0,687,816,0,0,0,0.00016143453303466563,0.9998385654669654,Docente Sintético 000542,5,0,0,16,0,83.9,10.6,ALTO,SIN ACTIVIDAD 90D,SIN ACTIVIDAD 90D,,7–9,0
DOC_000543,SANTIAGO,PEDAGOGÍA EN EDUCACIÓN PARVULARIA,REGULAR,CONTRATADO,AVANZADO,17,17,0,100.0,67,67,4,0,0,0.0654785315225829,0.934521468477417,Docente Sintético 000543,5,1,4,44,14,83.2,14.69767441860465,ALTO,CON ACTIVIDAD 90D,CON ACTIVIDAD 90D,,10+,3–5
DOC_000544,SANTIAGO,PEDAGOGÍA EN EDUCACIÓN PARVULARIA,REGULAR,CONTRATADO,AVANZADO,17,17,0,100.0,9,63,5,0,0,0.2559074437868684,0.7440925562131315,Docente Sintético 000544,5,1,3,45,13,85.28,15.431818181818182,ALTO,CON ACTIVIDAD 90D,CON ACTIVIDAD 90D,,10+,3–5
DOC_000545,SANTIAGO,PEDAGOGÍA EN EDUCACIÓN PARVULARIA,REGULAR,CONTRATADO,SIN_NIVEL,2,1,1,50.0,100,333,0,0,0,0.00028533090231876564,0.9997146690976813,Docente Sintético 000545,5,0,2,2,2,74.2,9.0,ALTO,SIN ACTIVIDAD 90D,SIN ACTIVIDAD 90D,,0–3,0
DOC_000546,SANTIAGO,PEDAGOGÍA EN EDUCACIÓN PARVULARIA,REGULAR,CONTRATADO,AVANZADO,18,18,0,100.0,81,251,2,0,0,0.084141005234489,0.915858994765511,Docente Sintético 000546,5,1,1,48,4,83.13,16.25531914893617,ALTO,CON ACTIVIDAD 90D,CON ACTIVIDAD 90D,,10+,1–2
DOC_000547,SANTIAGO,PEDAGOGÍA EN EDUCACIÓN PARVULARIA,REGULAR,CONTRATADO,HABILITANTE,11,9,2,81.82,272,427,0,0,0,0.00012376974960717034,0.9998762302503929,Docente Sintético 000547,5,0,0,20,0,80.39,11.210526315789474,ALTO,SIN ACTIVIDAD 90D,SIN ACTIVIDAD 90D,,7–9,0
DOC_000548,SANTIAGO,PEDAGOGÍA EN EDUCACIÓN PARVULARIA,REGULAR,CONTRATADO,HABILITANTE,10,9,1,90.0,500,642,0,0,0,0.00012376974960717034,0.9998762302503929,Docente Sintético 000548,5,0,0,16,0,80.99,12.933333333333334,ALTO,SIN ACTIVIDAD 90D,SIN ACTIVIDAD 90D,,7–9,0
DOC_000549,SANTIAGO,PEDAGOGÍA EN EDUCACIÓN PARVULARIA,ADJUNTO,POR HORAS,INICIAL,13,13,0,100.0,2,244,1,0,0,0.1161000257824435,0.8838999742175564,Docente Sintético 000549,1,0,0,29,1,87.52,24.642857142857142,ALTO,CON ACTIVIDAD 90D,CON ACTIVIDAD 90D,,10+,1–2
DOC_000550,SANTIAGO,PEDAGOGÍA EN EDUCACIÓN PARVULARIA,ADJUNTO,POR HORAS,HABILITANTE,11,10,1,90.91,98,270,0,0,0,0.0002819412412675769,0.9997180587587324,Docente Sintético 000550,1,0,3,20,10,82.29,11.63157894736842,ALTO,SIN ACTIVIDAD 90D,SIN ACTIVIDAD 90D,,10+,0
DOC_000551,SANTIAGO,PEDAGOGÍA EN EDUCACIÓN PARVULARIA,ADJUNTO,POR HORAS,SIN_NIVEL,3,2,1,66.67,302,333,0,0,0,0.00022633385217127292,0.9997736661478288,Docente Sintético 000551,1,0,0,3,0,82.0,10.0,ALTO,SIN ACTIVIDAD 90D,SIN ACTIVIDAD 90D,,0–3,0
DOC_000552,SANTIAGO,PEDAGOGÍA EN EDUCACIÓN PARVULARIA,ADJUNTO,POR HORAS,AVANZADO,17,17,0,100.0,4,125,1,1,1,0.5506632701549167,0.4493367298450833,Docente Sintético 000552,1,0,2,45,8,82.19,19.227272727272727,MEDIO,CON ACTIVIDAD 90D,CON ACTIVIDAD 90D,,10+,1–2
DOC_000553,SANTIAGO,PEDAGOGÍA EN EDUCACIÓN PARVULARIA,ADJUNTO,POR HORAS,SIN_NIVEL,5,5,0,100.0,299,333,0,0,0,0.0010737770034183,0.9989262229965816,Docente Sintético 000553,1,0,0,5,0,90.16,6.75,ALTO,SIN ACTIVIDAD 90D,SIN ACTIVIDAD 90D,,4–6,0
DOC_000554,SANTIAGO,PEDAGOGÍA EN EDUCACIÓN PARVULARIA,ADJUNTO,POR HORAS,HABILITANTE,12,10,2,83.33,424,645,0,0,0,0.00012376974960717034,0.9998762302503929,Docente Sintético 000554,1,0,0,24,0,82.49,11.956521739130435,ALTO,SIN ACTIVIDAD 90D,SIN ACTIVIDAD 90D,,10+,0
DOC_000555,SANTIAGO,PEDAGOGÍA EN EDUCACIÓN PARVULARIA,ADJUNTO,POR HORAS,SIN_NIVEL,0,0,0,0.0,0,0,0,0,0,0.0003618999272872301,0.9996381000727128,Docente Sintético 000555,1,0,0,0,0,,,ALTO,SIN ACTIVIDAD 90D,SIN ACTIVIDAD 90D,≤50%,0–3,0
DOC_000556,SANTIAGO,PEDAGOGÍA EN EDUCACIÓN PARVULARIA,ADJUNTO,POR HORAS,AVANZADO,18,17,1,94.44,268,339,0,0,0,0.0072196159098471,0.9927803840901528,Docente Sintético 000556,1,0,0,48,0,81.31,9.148936170212766,ALTO,SIN ACTIVIDAD 90D,SIN ACTIVIDAD 90D,,10+,0
DOC_000557,SANTIAGO,PEDAGOGÍA EN EDUCACIÓN PARVULARIA,ADJUNTO,POR HORAS,HABILITANTE,8,8,0,100.0,4,47,8,0,0,0.0632057672117572,0.9367942327882428,Docente Sintético 000557,1,5,8,11,11,88.46,11.1,ALTO,CON ACTIVIDAD 90D,CON ACTIVIDAD 90D,,7–9,6+
DOC_000558,SANTIAGO,PEDAGOGÍA EN EDUCACIÓN PARVULARIA,ADJUNTO,POR HORAS,SIN_NIVEL,0,0,0,0.0,121,121,0,0,0,0.0002888088803213583,0.9997111911196788,Docente Sintético 000558,1,0,0,0,0,,,ALTO,SIN ACTIVIDAD 90D,SIN ACTIVIDAD 90D,≤50%,0–3,0
DOC_000559,SANTIAGO,PEDAGOGÍA EN EDUCACIÓN PARVULARIA,ADJUNTO,POR HORAS,SIN_NIVEL,7,5,2,71.43,216,333,0,0,0,0.0003505787221788548,0.9996494212778212,Docente Sintético 000559,1,0,0,7,0,86.63,18.166666666666668,ALTO,SIN ACTIVIDAD 90D,SIN ACTIVIDAD 90D,,4–6,0
DOC_000560,SANTIAGO,PEDAGOGÍA EN EDUCACIÓN PARVULARIA,ADJUNTO,POR HORAS,SIN_NIVEL,0,0,0,0.0,333,333,0,0,0,0.0002888088803213583,0.9997111911196788,Docente Sintético 000560,1,0,0,0,0,,,ALTO,SIN ACTIVIDAD 90D,SIN ACTIVIDAD 90D,≤50%,0–3,0
DOC_000561,SANTIAGO,PEDAGOGÍA EN EDUCACIÓN PARVULARIA,ADJUNTO,POR HORAS,INICIAL,13,13,0,100.0,1,105,2,0,0,0.1926353174370632,0.8073646825629368,Docente Sintético 000561,1,0,3,30,11,85.73,16.724137931034484,ALTO,CON ACTIVIDAD 90D,CON ACTIVIDAD 90D,,10+,1–2
DOC_000562,SANTIAGO,"PEDAGOGÍA EN HISTORIA, GEOGRAFÍA Y CIENCIAS SOCIALES",REGULAR,CONTRATADO,SIN_NIVEL,7,7,0,100.0,13,852,5,1,1,0.7065347581559078,0.2934652418440922,Docente Sintético 000562,5,5,7,7,7,90.4,14.833333333333334,BAJO,CON ACTIVIDAD 90D,CON ACTIVIDAD 90D,,7–9,3–5
DOC_000563,SANTIAGO,"PEDAGOGÍA EN HISTORIA, GEOGRAFÍA Y CIENCIAS SOCIALES",REGULAR,CONTRATADO,AVANZADO,21,19,2,90.48,254,428,0,0,0,0.0006352537699294786,0.9993647462300704,Docente Sintético 000563,5,0,0,60,0,79.97,10.05084745762712,ALTO,SIN ACTIVIDAD 90D,SIN ACTIVIDAD 90D,,10+,0
DOC_000564,SANTIAGO,"PEDAGOGÍA EN HISTORIA, GEOGRAFÍA Y CIENCIAS SOCIALES",REGULAR,CONTRATADO,SIN_NIVEL,7,6,1,85.71,588,852,0,0,0,0.0265973319689321,0.973402668031068,Docente Sintético 000564,5,0,0,7,0,93.21,16.5,ALTO,SIN ACTIVIDAD 90D,SIN ACTIVIDAD 90D,,4–6,0
DOC_000565,SANTIAGO,"PEDAGOGÍA EN HISTORIA, GEOGRAFÍA Y CIENCIAS SOCIALES",REGULAR,CONTRATADO,SIN_NIVEL,0,0,0,0.0,121,121,0,0,0,0.0136221422136546,0.9863778577863452,Docente Sintético 000565,5,0,0,0,0,,,ALTO,SIN ACTIVIDAD 90D,SIN ACTIVIDAD 90D,≤50%,0–3,0
DOC_000566,SANTIAGO,"PEDAGOGÍA EN HISTORIA, GEOGRAFÍA Y CIENCIAS SOCIALES",REGULAR,CONTRATADO,AVANZADO,19,19,0,100.0,9,147,8,1,1,0.6997296865117176,0.3002703134882823,Docente Sintético 000566,5,2,3,55,15,81.31,12.537037037037036,MEDIO,CON ACTIVIDAD 90D,CON ACTIVIDAD 90D,,10+,6+
DOC_000567,SANTIAGO,"PEDAGOGÍA EN HISTORIA, GEOGRAFÍA Y CIENCIAS SOCIALES",REGULAR,CONTRATADO,INICIAL,15,13,2,86.67,320,484,0,0,0,0.0013280424481469,0.998671957551853,Docente Sintético 000567,5,0,0,36,0,80.87,10.742857142857142,ALTO,SIN ACTIVIDAD 90D,SIN ACTIVIDAD 90D,,10+,0
DOC_000568,SANTIAGO,"PEDAGOGÍA EN HISTORIA, GEOGRAFÍA Y CIENCIAS SOCIALES",REGULAR,CONTRATADO,HABILITANTE,10,9,1,90.0,311,426,0,0,0,0.0081614345330346,0.9918385654669654,Docente Sintético 000568,5,0,0,16,0,84.68,11.6,ALTO,SIN ACTIVIDAD 90D,SIN ACTIVIDAD 90D,,7–9,0
DOC_000569,SANTIAGO,"PEDAGOGÍA EN HISTORIA, GEOGRAFÍA Y CIENCIAS SOCIALES",ADJUNTO,POR HORAS,AVANZADO,20,20,0,100.0,190,340,0,0,0,0.0099278684084671,0.9900721315915328,Docente Sintético 000569,2,0,0,56,0,80.14,11.872727272727271,ALTO,SIN ACTIVIDAD 90D,SIN ACTIVIDAD 90D,,10+,0
DOC_000570,SANTIAGO,"PEDAGOGÍA EN HISTORIA, GEOGRAFÍA Y CIENCIAS SOCIALES",ADJUNTO,POR HORAS,AVANZADO,20,19,1,95.0,2,141,9,0,0,0.070242057602089,0.929757942397911,Docente Sintético 000570,2,3,5,56,17,80.68,15.327272727272728,ALTO,CON ACTIVIDAD 90D,CON ACTIVIDAD 90D,,10+,6+
DOC_000571,SANTIAGO,"PEDAGOGÍA EN HISTORIA, GEOGRAFÍA Y CIENCIAS SOCIALES",ADJUNTO,POR HORAS,SIN_NIVEL,0,0,0,0.0,0,0,0,0,0,0.0070285665939538,0.992971433406046,Docente Sintético 000571,2,0,0,0,0,,,ALTO,SIN ACTIVIDAD 90D,SIN ACTIVIDAD 90D,≤50%,0–3,0
DOC_000572,SANTIAGO,"PEDAGOGÍA EN HISTORIA, GEOGRAFÍA Y CIENCIAS SOCIALES",ADJUNTO,POR HORAS,HABILITANTE,9,9,0,100.0,712,823,0,0,0,0.0089664837043957,0.9910335162956044,Docente Sintético 000572,2,0,0,12,0,88.99,12.545454545454543,ALTO,SIN ACTIVIDAD 90D,SIN ACTIVIDAD 90D,,7–9,0
DOC_000573,SANTIAGO,"PEDAGOGÍA EN HISTORIA, GEOGRAFÍA Y CIENCIAS SOCIALES",ADJUNTO,POR HORAS,HABILITANTE,10,9,1,90.0,592,673,0,0,0,0.0014947678663679,0.998505232133632,Docente Sintético 000573,2,0,0,16,0,84.95,7.133333333333334,ALTO,SIN ACTIVIDAD 90D,SIN ACTIVIDAD 90D,,7–9,0
DOC_000575,SANTIAGO,"PEDAGOGÍA EN HISTORIA, GEOGRAFÍA Y CIENCIAS SOCIALES",ADJUNTO,POR HORAS,HABILITANTE,9,8,1,88.89,732,822,0,0,0,0.0014947678663679,0.998505232133632,Docente Sintético 000575,2,0,0,12,0,85.86,10.545454545454543,ALTO,SIN ACTIVIDAD 90D,SIN ACTIVIDAD 90D,,7–9,0
DOC_000576,SANTIAGO,"PEDAGOGÍA EN HISTORIA, GEOGRAFÍA Y CIENCIAS SOCIALES",ADJUNTO,POR HORAS,HABILITANTE,13,10,3,76.92,489,672,0,0,0,0.0014571030829405,0.9985428969170594,Docente Sintético 000576,2,0,0,28,0,78.8,7.74074074074074,ALTO,SIN ACTIVIDAD 90D,SIN ACTIVIDAD 90D,,10+,0
DOC_000577,SANTIAGO,"PEDAGOGÍA EN HISTORIA, GEOGRAFÍA Y CIENCIAS SOCIALES",ADJUNTO,POR HORAS,SIN_NIVEL,4,3,1,75.0,88,121,1,0,0,0.0155632757536125,0.9844367242463876,Docente Sintético 000577,2,1,4,4,4,89.5,8.0,ALTO,CON ACTIVIDAD 90D,CON ACTIVIDAD 90D,,0–3,1–2
DOC_000578,SANTIAGO,"PEDAGOGÍA EN HISTORIA, GEOGRAFÍA Y CIENCIAS SOCIALES",ADJUNTO,POR HORAS,INICIAL,13,13,0,100.0,2,205,3,0,0,0.3392586597523744,0.6607413402476255,Docente Sintético 000578,2,0,0,31,3,82.72,15.7,ALTO,CON ACTIVIDAD 90D,CON ACTIVIDAD 90D,,10+,3–5
DOC_000579,SANTIAGO,"PEDAGOGÍA EN HISTORIA, GEOGRAFÍA Y CIENCIAS SOCIALES",ADJUNTO,POR HORAS,SIN_NIVEL,0,0,0,0.0,121,121,0,0,0,0.0002888088803213583,0.9997111911196788,Docente Sintético 000579,2,0,0,0,0,,,ALTO,SIN ACTIVIDAD 90D,SIN ACTIVIDAD 90D,≤50%,0–3,0
DOC_000580,SANTIAGO,"PEDAGOGÍA EN HISTORIA, GEOGRAFÍA Y CIENCIAS SOCIALES",ADJUNTO,POR HORAS,SIN_NIVEL,4,3,1,75.0,449,852,0,0,0,0.0015596671855046,0.9984403328144954,Docente Sintético 000580,1,0,0,4,0,83.18,8.333333333333334,ALTO,SIN ACTIVIDAD 90D,SIN ACTIVIDAD 90D,,0–3,0
DOC_000581,SANTIAGO,"PEDAGOGÍA EN HISTORIA, GEOGRAFÍA Y CIENCIAS SOCIALES",ADJUNTO,POR HORAS,AVANZADO,17,17,0,100.0,4,153,3,0,0,0.3509042088167909,0.6490957911832091,Docente Sintético 000581,1,0,1,47,7,85.04,18.17391304347826,ALTO,CON ACTIVIDAD 90D,CON ACTIVIDAD 90D,,10+,3–5
DOC_000582,SANTIAGO,PEDAGOGÍA EN INGLÉS,REGULAR,CONTRATADO,SIN_NIVEL,0,0,0,0.0,333,333,0,0,0,0.00024304228993234228,0.9997569577100676,Docente Sintético 000582,5,0,0,0,0,,,ALTO,SIN ACTIVIDAD 90D,SIN ACTIVIDAD 90D,≤50%,0–3,0
DOC_000583,SANTIAGO,PEDAGOGÍA EN INGLÉS,REGULAR,CONTRATADO,AVANZADO,20,20,0,100.0,5,155,9,1,1,0.8394824741833637,0.1605175258166362,Docente Sintético 000583,5,3,4,56,16,82.59,15.4,BAJO,CON ACTIVIDAD 90D,CON ACTIVIDAD 90D,,10+,6+
DOC_000584,SANTIAGO,PEDAGOGÍA EN INGLÉS,REGULAR,CONTRATADO,HABILITANTE,11,11,0,100.0,453,644,0,0,0,0.0005099862194703235,0.9994900137805296,Docente Sintético 000584,5,0,0,20,0,82.15,12.526315789473683,ALTO,SIN ACTIVIDAD 90D,SIN ACTIVIDAD 90D,,10+,0
DOC_000586,SANTIAGO,PEDAGOGÍA EN INGLÉS,REGULAR,CONTRATADO,SIN_NIVEL,0,0,0,0.0,121,121,0,0,0,0.00024304228993234228,0.9997569577100676,Docente Sintético 000586,5,0,0,0,0,,,ALTO,SIN ACTIVIDAD 90D,SIN ACTIVIDAD 90D,≤50%,0–3,0
DOC_000587,SANTIAGO,PEDAGOGÍA EN INGLÉS,REGULAR,CONTRATADO,HABILITANTE,11,10,1,90.91,287,449,0,0,0,0.00016143453303466563,0.9998385654669654,Docente Sintético 000587,5,0,0,20,0,85.83,10.105263157894736,ALTO,SIN ACTIVIDAD 90D,SIN ACTIVIDAD 90D,,10+,0
DOC_000588,SANTIAGO,PEDAGOGÍA EN INGLÉS,REGULAR,CONTRATADO,HABILITANTE,11,10,1,90.91,237,593,0,0,0,0.0005614345330346655,0.9994385654669652,Docente Sintético 000588,5,0,0,20,0,84.55,23.36842105263158,ALTO,SIN ACTIVIDAD 90D,SIN ACTIVIDAD 90D,,10+,0
DOC_000589,SANTIAGO,PEDAGOGÍA EN INGLÉS,ADJUNTO,POR HORAS,SIN_NIVEL,0,0,0,0.0,333,333,0,0,0,0.00024304228993234228,0.9997569577100676,Docente Sintético 000589,2,0,0,0,0,,,ALTO,SIN ACTIVIDAD 90D,SIN ACTIVIDAD 90D,≤50%,0–3,0
DOC_000590,SANTIAGO,PEDAGOGÍA EN INGLÉS,ADJUNTO,POR HORAS,SIN_NIVEL,5,4,1,80.0,76,333,2,0,0,0.0007769111827397139,0.9992230888172604,Docente Sintético 000590,2,2,5,5,5,90.78,8.25,ALTO,CON ACTIVIDAD 90D,CON ACTIVIDAD 90D,,4–6,1–2
DOC_000591,SANTIAGO,PEDAGOGÍA EN INGLÉS,ADJUNTO,POR HORAS,SIN_NIVEL,0,0,0,0.0,333,333,0,0,0,0.00024304228993234228,0.9997569577100676,Docente Sintético 000591,2,0,0,0,0,,,ALTO,SIN ACTIVIDAD 90D,SIN ACTIVIDAD 90D,≤50%,0–3,0
DOC_000592,SANTIAGO,PEDAGOGÍA EN INGLÉS,ADJUNTO,POR HORAS,SIN_NIVEL,0,0,0,0.0,121,121,0,0,0,0.00024304228993234228,0.9997569577100676,Docente Sintético 000592,2,0,0,0,0,,,ALTO,SIN ACTIVIDAD 90D,SIN ACTIVIDAD 90D,≤50%,0–3,0
DOC_000593,SANTIAGO,PEDAGOGÍA EN INGLÉS,ADJUNTO,POR HORAS,AVANZADO,20,20,0,100.0,95,243,0,0,0,0.0475747828628398,0.9524252171371602,Docente Sintético 000593,2,0,3,56,9,79.78,13.61818181818182,ALTO,SIN ACTIVIDAD 90D,SIN ACTIVIDAD 90D,,10+,0
DOC_000594,SANTIAGO,PEDAGOGÍA EN INGLÉS,ADJUNTO,POR HORAS,SIN_NIVEL,0,0,0,0.0,0,0,0,0,0,0.000316133336898214,0.9996838666631018,Docente Sintético 000594,2,0,0,0,0,,,ALTO,SIN ACTIVIDAD 90D,SIN ACTIVIDAD 90D,≤50%,0–3,0
DOC_000595,SANTIAGO,PEDAGOGÍA EN INGLÉS,ADJUNTO,POR HORAS,HABILITANTE,9,8,1,88.89,452,628,0,0,0,0.0006480146196147523,0.9993519853803852,Docente Sintético 000595,2,0,0,12,0,86.53,21.363636363636363,ALTO,SIN ACTIVIDAD 90D,SIN ACTIVIDAD 90D,,7–9,0
DOC_000596,SANTIAGO,PEDAGOGÍA EN INGLÉS,ADJUNTO,POR HORAS,SIN_NIVEL,7,4,3,57.14,101,333,0,0,0,0.0014578939055923,0.9985421060944076,Docente Sintético 000596,2,0,7,7,7,77.7,2.5,ALTO,SIN ACTIVIDAD 90D,SIN ACTIVIDAD 90D,,4–6,0
DOC_000598,SANTIAGO,PEDAGOGÍA EN INGLÉS,ADJUNTO,POR HORAS,SIN_NIVEL,7,3,4,42.86,460,486,0,0,0,0.00022633385217127292,0.9997736661478288,Docente Sintético 000598,2,0,0,7,0,79.7,3.5,ALTO,SIN ACTIVIDAD 90D,SIN ACTIVIDAD 90D,,0–3,0
DOC_000599,SANTIAGO,PEDAGOGÍA EN INGLÉS,ADJUNTO,POR HORAS,INICIAL,14,13,1,92.86,168,286,0,0,0,0.0109490822013452,0.9890509177986548,Docente Sintético 000599,2,0,1,32,2,83.07,16.93548387096774,ALTO,SIN ACTIVIDAD 90D,SIN ACTIVIDAD 90D,,10+,0
DOC_000600,SANTIAGO,PEDAGOGÍA EN INGLÉS,ADJUNTO,POR HORAS,INICIAL,15,14,1,93.33,223,472,0,0,0,0.0080025120115054,0.9919974879884946,Docente Sintético 000600,2,0,0,36,0,80.99,17.685714285714287,ALTO,SIN ACTIVIDAD 90D,SIN ACTIVIDAD 90D,,10+,0
DOC_000601,SANTIAGO,PEDAGOGÍA EN INGLÉS,ADJUNTO,POR HORAS,HABILITANTE,11,9,2,81.82,189,428,0,0,0,0.00012376974960717034,0.9998762302503929,Docente Sintético 000601,2,0,0,20,0,81.86,15.63157894736842,ALTO,SIN ACTIVIDAD 90D,SIN ACTIVIDAD 90D,,7–9,0
DOC_000602,SANTIAGO,PEDAGOGÍA EN LENGUA CASTELLANA Y COMUNICACIÓN,REGULAR,CONTRATADO,SIN_NIVEL,6,4,2,66.67,230,486,0,0,0,0.00022633385217127292,0.9997736661478288,Docente Sintético 000602,5,0,0,6,0,82.43,18.8,ALTO,SIN ACTIVIDAD 90D,SIN ACTIVIDAD 90D,,4–6,0
DOC_000603,SANTIAGO,PEDAGOGÍA EN LENGUA CASTELLANA Y COMUNICACIÓN,REGULAR,CONTRATADO,HABILITANTE,12,10,2,83.33,241,460,0,0,0,0.00012376974960717034,0.9998762302503929,Docente Sintético 000603,5,0,0,24,0,77.08,10.565217391304348,ALTO,SIN ACTIVIDAD 90D,SIN ACTIVIDAD 90D,,10+,0
DOC_000604,SANTIAGO,PEDAGOGÍA EN LENGUA CASTELLANA Y COMUNICACIÓN,REGULAR,CONTRATADO,AVANZADO,17,17,0,100.0,22,22,5,0,0,0.0972053271409683,0.9027946728590316,Docente Sintético 000604,5,2,4,44,15,81.84,19.186046511627907,ALTO,CON ACTIVIDAD 90D,CON ACTIVIDAD 90D,,10+,3–5
DOC_000605,SANTIAGO,PEDAGOGÍA EN LENGUA CASTELLANA Y COMUNICACIÓN,REGULAR,CONTRATADO,SIN_NIVEL,0,0,0,0.0,333,333,0,0,0,0.0002888088803213583,0.9997111911196788,Docente Sintético 000605,5,0,0,0,0,,,ALTO,SIN ACTIVIDAD 90D,SIN ACTIVIDAD 90D,≤50%,0–3,0
DOC_000606,SANTIAGO,PEDAGOGÍA EN LENGUA CASTELLANA Y COMUNICACIÓN,REGULAR,CONTRATADO,AVANZADO,19,19,0,100.0,331,430,0,0,0,0.0046292063750163,0.9953707936249836,Docente Sintético 000606,5,0,0,52,0,83.33,10.196078431372548,ALTO,SIN ACTIVIDAD 90D,SIN ACTIVIDAD 90D,,10+,0
DOC_000607,SANTIAGO,PEDAGOGÍA EN LENGUA CASTELLANA Y COMUNICACIÓN,REGULAR,CONTRATADO,AVANZADO,17,17,0,100.0,4,104,1,1,1,0.6164424005341201,0.3835575994658798,Docente Sintético 000607,5,0,2,45,9,82.06,19.09090909090909,MEDIO,CON ACTIVIDAD 90D,CON ACTIVIDAD 90D,,10+,1–2
DOC_000608,SANTIAGO,PEDAGOGÍA EN LENGUA CASTELLANA Y COMUNICACIÓN,REGULAR,CONTRATADO,AVANZADO,19,19,0,100.0,6,230,9,0,1,0.7231621167833583,0.2768378832166417,Docente Sintético 000608,5,2,2,55,11,82.86,15.51851851851852,BAJO,CON ACTIVIDAD 90D,CON ACTIVIDAD 90D,,10+,6+
DOC_000609,SANTIAGO,PEDAGOGÍA EN LENGUA CASTELLANA Y COMUNICACIÓN,ADJUNTO,POR HORAS,SIN_NIVEL,0,0,0,0.0,0,0,0,0,0,0.0003618999272872301,0.9996381000727128,Docente Sintético 000609,3,0,0,0,0,,,ALTO,SIN ACTIVIDAD 90D,SIN ACTIVIDAD 90D,≤50%,0–3,0
DOC_000610,SANTIAGO,PEDAGOGÍA EN LENGUA CASTELLANA Y COMUNICACIÓN,ADJUNTO,POR HORAS,SIN_NIVEL,0,0,0,0.0,121,121,0,0,0,0.0002888088803213583,0.9997111911196788,Docente Sintético 000610,3,0,0,0,0,,,ALTO,SIN ACTIVIDAD 90D,SIN ACTIVIDAD 90D,≤50%,0–3,0
DOC_000611,SANTIAGO,PEDAGOGÍA EN LENGUA CASTELLANA Y COMUNICACIÓN,ADJUNTO,POR HORAS,SIN_NIVEL,2,0,2,0.0,113,333,0,0,0,0.00028533090231876564,0.9997146690976813,Docente Sintético 000611,2,0,2,2,2,64.1,3.0,ALTO,SIN ACTIVIDAD 90D,SIN ACTIVIDAD 90D,≤50%,0–3,0
DOC_000612,SANTIAGO,PEDAGOGÍA EN LENGUA CASTELLANA Y COMUNICACIÓN,ADJUNTO,POR HORAS,INICIAL,14,13,1,92.86,256,393,0,0,0,0.0017783657873591,0.9982216342126408,Docente Sintético 000612,2,0,0,32,0,81.09,14.064516129032258,ALTO,SIN ACTIVIDAD 90D,SIN ACTIVIDAD 90D,,10+,0
DOC_000613,SANTIAGO,PEDAGOGÍA EN LENGUA CASTELLANA Y COMUNICACIÓN,ADJUNTO,POR HORAS,SIN_NIVEL,6,4,2,66.67,75,486,3,0,0,0.0007451320481822296,0.9992548679518176,Docente Sintético 000613,2,3,6,6,6,84.7,7.0,ALTO,CON ACTIVIDAD 90D,CON ACTIVIDAD 90D,,4–6,3–5
DOC_000614,SANTIAGO,PEDAGOGÍA EN LENGUA CASTELLANA Y COMUNICACIÓN,ADJUNTO,POR HORAS,AVANZADO,19,19,0,100.0,136,260,0,0,0,0.0261914279712887,0.9738085720287112,Docente Sintético 000614,2,0,2,52,6,80.44,10.92156862745098,ALTO,SIN ACTIVIDAD 90D,SIN ACTIVIDAD 90D,,10+,0
DOC_000615,SANTIAGO,PEDAGOGÍA EN LENGUA CASTELLANA Y COMUNICACIÓN,ADJUNTO,POR HORAS,HABILITANTE,9,8,1,88.89,634,671,0,0,0,0.00016143453303466563,0.9998385654669654,Docente Sintético 000615,2,0,0,12,0,86.46,5.363636363636363,ALTO,SIN ACTIVIDAD 90D,SIN ACTIVIDAD 90D,,7–9,0
DOC_000616,SANTIAGO,PEDAGOGÍA EN LENGUA CASTELLANA Y COMUNICACIÓN,ADJUNTO,POR HORAS,HABILITANTE,10,10,0,100.0,5,351,9,0,0,0.1267513936045749,0.873248606395425,Docente Sintético 000616,2,2,2,19,11,91.23,25.77777777777778,ALTO,CON ACTIVIDAD 90D,CON ACTIVIDAD 90D,,10+,6+
DOC_000617,SANTIAGO,PEDAGOGÍA EN LENGUA CASTELLANA Y COMUNICACIÓN,ADJUNTO,POR HORAS,HABILITANTE,12,11,1,91.67,234,434,0,0,0,0.00012376974960717034,0.9998762302503929,Docente Sintético 000617,2,0,0,24,0,82.32,10.73913043478261,ALTO,SIN ACTIVIDAD 90D,SIN ACTIVIDAD 90D,,10+,0
DOC_000618,SANTIAGO,PEDAGOGÍA EN LENGUA CASTELLANA Y COMUNICACIÓN,ADJUNTO,POR HORAS,HABILITANTE,9,9,0,100.0,532,658,0,0,0,0.0011864564152413,0.9988135435847588,Docente Sintético 000618,2,0,0,12,0,87.47,14.909090909090908,ALTO,SIN ACTIVIDAD 90D,SIN ACTIVIDAD 90D,,7–9,0
DOC_000620,SANTIAGO,PEDAGOGÍA EN LENGUA CASTELLANA Y COMUNICACIÓN,ADJUNTO,POR HORAS,HABILITANTE,12,11,1,91.67,596,793,0,0,0,0.00016143453303466563,0.9998385654669654,Docente Sintético 000620,2,0,0,24,0,84.35,10.91304347826087,ALTO,SIN ACTIVIDAD 90D,SIN ACTIVIDAD 90D,,10+,0
DOC_000621,SANTIAGO,PEDAGOGÍA EN LENGUA CASTELLANA Y COMUNICACIÓN,ADJUNTO,POR HORAS,INICIAL,16,15,1,93.75,1,192,11,0,0,0.1262393425767457,0.8737606574232543,Docente Sintético 000621,2,3,3,42,14,79.57,11.707317073170731,ALTO,CON ACTIVIDAD 90D,CON ACTIVIDAD 90D,,10+,6+
DOC_000622,SANTIAGO,PERIODISMO,REGULAR,CONTRATADO,SIN_NIVEL,4,2,2,50.0,66,852,2,0,0,0.009916041042926,0.990083958957074,Docente Sintético 000622,5,2,4,4,4,79.62,12.666666666666666,ALTO,CON ACTIVIDAD 90D,CON ACTIVIDAD 90D,,0–3,1–2
DOC_000623,SANTIAGO,PERIODISMO,REGULAR,CONTRATADO,HABILITANTE,10,8,2,80.0,412,635,0,0,0,0.00012376974960717034,0.9998762302503929,Docente Sintético 000623,5,0,0,16,0,81.15,19.0,ALTO,SIN ACTIVIDAD 90D,SIN ACTIVIDAD 90D,,7–9,0
DOC_000624,SANTIAGO,PERIODISMO,REGULAR,CONTRATADO,AVANZADO,17,17,0,100.0,2,103,3,1,1,0.6075112624276819,0.392488737572318,Docente Sintético 000624,5,0,2,47,10,84.76,18.41304347826087,MEDIO,CON ACTIVIDAD 90D,CON ACTIVIDAD 90D,,10+,3–5
DOC_000625,SANTIAGO,PERIODISMO,REGULAR,CONTRATADO,AVANZADO,17,17,0,100.0,7,131,1,1,1,0.5295758348987376,0.4704241651012624,Docente Sintético 000625,5,0,2,45,7,80.63,18.90909090909091,MEDIO,CON ACTIVIDAD 90D,CON ACTIVIDAD 90D,,10+,1–2
DOC_000626,SANTIAGO,PERIODISMO,REGULAR,CONTRATADO,HABILITANTE,12,12,0,100.0,295,739,0,0,0,0.001481054570709,0.998518945429291,Docente Sintético 000626,5,0,0,24,0,83.76,23.782608695652176,ALTO,SIN ACTIVIDAD 90D,SIN ACTIVIDAD 90D,,10+,0
DOC_000627,SANTIAGO,PERIODISMO,REGULAR,CONTRATADO,INICIAL,16,15,1,93.75,463,581,0,0,0,0.001134036359794,0.998865963640206,Docente Sintético 000627,5,0,0,40,0,80.41,9.974358974358974,ALTO,SIN ACTIVIDAD 90D,SIN ACTIVIDAD 90D,,10+,0
DOC_000628,SANTIAGO,PERIODISMO,REGULAR,CONTRATADO,AVANZADO,17,17,0,100.0,2,117,3,1,1,0.6075112624276819,0.392488737572318,Docente Sintético 000628,5,0,2,47,10,84.88,18.26086956521739,MEDIO,CON ACTIVIDAD 90D,CON ACTIVIDAD 90D,,10+,3–5
DOC_000629,SANTIAGO,PERIODISMO,ADJUNTO,POR HORAS,HABILITANTE,11,10,1,90.91,294,436,0,0,0,0.00016143453303466563,0.9998385654669654,Docente Sintético 000629,2,0,0,20,0,85.55,10.105263157894736,ALTO,SIN ACTIVIDAD 90D,SIN ACTIVIDAD 90D,,10+,0
DOC_000630,SANTIAGO,PERIODISMO,ADJUNTO,POR HORAS,HABILITANTE,9,8,1,88.89,728,792,0,0,0,0.00016143453303466563,0.9998385654669654,Docente Sintético 000630,2,0,0,12,0,85.99,11.0,ALTO,SIN ACTIVIDAD 90D,SIN ACTIVIDAD 90D,,7–9,0
DOC_000631,SANTIAGO,PERIODISMO,ADJUNTO,POR HORAS,SIN_NIVEL,1,0,1,0.0,108,486,0,0,0,0.00028533090231876564,0.9997146690976813,Docente Sintético 000631,2,0,1,1,1,65.7,,ALTO,SIN ACTIVIDAD 90D,SIN ACTIVIDAD 90D,≤50%,0–3,0
DOC_000632,SANTIAGO,PERIODISMO,ADJUNTO,POR HORAS,AVANZADO,20,18,2,90.0,2,232,9,0,0,0.0637882302412718,0.9362117697587282,Docente Sintético 000632,2,3,3,56,12,79.76,15.236363636363636,ALTO,CON ACTIVIDAD 90D,CON ACTIVIDAD 90D,,10+,6+
DOC_000634,SANTIAGO,PERIODISMO,ADJUNTO,POR HORAS,HABILITANTE,9,8,1,88.89,544,641,0,0,0,0.00016143453303466563,0.9998385654669654,Docente Sintético 000634,2,0,0,12,0,89.33,13.727272727272728,ALTO,SIN ACTIVIDAD 90D,SIN ACTIVIDAD 90D,,7–9,0
DOC_000635,SANTIAGO,PERIODISMO,ADJUNTO,POR HORAS,AVANZADO,19,18,1,94.74,43,164,5,0,0,0.0140982040356147,0.9859017959643852,Docente Sintético 000635,1,2,3,52,10,81.28,12.823529411764708,ALTO,CON ACTIVIDAD 90D,CON ACTIVIDAD 90D,,10+,3–5
DOC_000636,SANTIAGO,PERIODISMO,ADJUNTO,POR HORAS,SIN_NIVEL,8,5,3,62.5,273,699,0,0,0,0.00022633385217127292,0.9997736661478288,Docente Sintético 000636,1,0,0,8,0,81.25,8.285714285714286,ALTO,SIN ACTIVIDAD 90D,SIN ACTIVIDAD 90D,,4–6,0
DOC_000637,SANTIAGO,PERIODISMO,ADJUNTO,POR HORAS,AVANZADO,17,17,0,100.0,1,36,7,0,0,0.2604921983706315,0.7395078016293686,Docente Sintético 000637,1,2,4,46,16,82.79,15.4,ALTO,CON ACTIVIDAD 90D,CON ACTIVIDAD 90D,,10+,6+
DOC_000638,SANTIAGO,PERIODISMO,ADJUNTO,POR HORAS,HABILITANTE,12,11,1,91.67,231,432,0,0,0,0.00016143453303466563,0.9998385654669654,Docente Sintético 000638,1,0,0,24,0,84.07,11.043478260869565,ALTO,SIN ACTIVIDAD 90D,SIN ACTIVIDAD 90D,,10+,0
DOC_000639,SANTIAGO,PERIODISMO,ADJUNTO,POR HORAS,SIN_NIVEL,0,0,0,0.0,333,333,0,0,0,0.0002888088803213583,0.9997111911196788,Docente Sintético 000639,1,0,0,0,0,,,ALTO,SIN ACTIVIDAD 90D,SIN ACTIVIDAD 90D,≤50%,0–3,0
DOC_000640,SANTIAGO,PERIODISMO,ADJUNTO,POR HORAS,SIN_NIVEL,0,0,0,0.0,0,0,0,0,0,0.0003618999272872301,0.9996381000727128,Docente Sintético 000640,1,0,0,0,0,,,ALTO,SIN ACTIVIDAD 90D,SIN ACTIVIDAD 90D,≤50%,0–3,0
DOC_000641,SANTIAGO,PERIODISMO,ADJUNTO,POR HORAS,SIN_NIVEL,3,2,1,66.67,83,699,1,0,0,0.0017141677659382,0.9982858322340618,Docente Sintético 000641,1,1,3,3,3,80.47,9.5,ALTO,CON ACTIVIDAD 90D,CON ACTIVIDAD 90D,,0–3,1–2
DOC_000642,SANTIAGO,PSICOLOGÍA,REGULAR,CONTRATADO,SIN_NIVEL,0,0,0,0.0,121,121,0,0,0,0.0002888088803213583,0.9997111911196788,Docente Sintético 000642,5,0,0,0,0,,,ALTO,SIN ACTIVIDAD 90D,SIN ACTIVIDAD 90D,≤50%,0–3,0
DOC_000643,SANTIAGO,PSICOLOGÍA,REGULAR,CONTRATADO,SIN_NIVEL,3,2,1,66.67,95,333,0,0,0,0.00028533090231876564,0.9997146690976813,Docente Sintético 000643,5,0,3,3,3,81.8,8.0,ALTO,SIN ACTIVIDAD 90D,SIN ACTIVIDAD 90D,,0–3,0
DOC_000644,SANTIAGO,PSICOLOGÍA,REGULAR,CONTRATADO,INICIAL,16,16,0,100.0,2,295,11,1,1,0.8985269106690399,0.1014730893309601,Docente Sintético 000644,5,3,3,41,13,82.09,17.175,BAJO,CON ACTIVIDAD 90D,CON ACTIVIDAD 90D,,10+,6+
DOC_000645,SANTIAGO,PSICOLOGÍA,REGULAR,CONTRATADO,SIN_NIVEL,2,0,2,0.0,477,486,0,0,0,0.00022633385217127292,0.9997736661478288,Docente Sintético 000645,5,0,0,2,0,73.05,4.0,ALTO,SIN ACTIVIDAD 90D,SIN ACTIVIDAD 90D,≤50%,0–3,0
DOC_000646,SANTIAGO,PSICOLOGÍA,REGULAR,CONTRATADO,AVANZADO,17,17,0,100.0,2,45,6,1,0,0.3070879088412422,0.6929120911587578,Docente Sintético 000646,5,1,4,46,15,80.36,15.22222222222222,ALTO,CON ACTIVIDAD 90D,CON ACTIVIDAD 90D,,10+,6+
DOC_000647,SANTIAGO,PSICOLOGÍA,REGULAR,CONTRATADO,HABILITANTE,11,9,2,81.82,546,673,0,0,0,0.00016143453303466563,0.9998385654669654,Docente Sintético 000647,5,0,0,20,0,85.22,8.052631578947368,ALTO,SIN ACTIVIDAD 90D,SIN ACTIVIDAD 90D,,7–9,0
DOC_000648,SANTIAGO,PSICOLOGÍA,REGULAR,CONTRATADO,INICIAL,15,15,0,100.0,126,361,0,0,0,0.0429594143939008,0.9570405856060992,Docente Sintético 000648,5,0,2,36,5,82.58,16.02857142857143,ALTO,SIN ACTIVIDAD 90D,SIN ACTIVIDAD 90D,,10+,0
DOC_000649,SANTIAGO,PSICOLOGÍA,ADJUNTO,POR HORAS,SIN_NIVEL,0,0,0,0.0,0,0,0,0,0,0.0003618999272872301,0.9996381000727128,Docente Sintético 000649,3,0,0,0,0,,,ALTO,SIN ACTIVIDAD 90D,SIN ACTIVIDAD 90D,≤50%,0–3,0
DOC_000650,SANTIAGO,PSICOLOGÍA,ADJUNTO,POR HORAS,SIN_NIVEL,1,1,0,100.0,333,333,0,0,0,0.0011302741785596,0.9988697258214404,Docente Sintético 000650,2,0,0,1,0,84.6,,ALTO,SIN ACTIVIDAD 90D,SIN ACTIVIDAD 90D,,0–3,0
DOC_000651,SANTIAGO,PSICOLOGÍA,ADJUNTO,POR HORAS,HABILITANTE,9,8,1,88.89,367,415,0,0,0,0.00016143453303466563,0.9998385654669654,Docente Sintético 000651,2,0,0,12,0,86.2,9.909090909090908,ALTO,SIN ACTIVIDAD 90D,SIN ACTIVIDAD 90D,,7–9,0
DOC_000652,SANTIAGO,PSICOLOGÍA,ADJUNTO,POR HORAS,SIN_NIVEL,2,2,0,100.0,328,699,0,0,0,0.0010737770034183,0.9989262229965816,Docente Sintético 000652,2,0,0,2,0,93.95,4.0,ALTO,SIN ACTIVIDAD 90D,SIN ACTIVIDAD 90D,,0–3,0
DOC_000653,SANTIAGO,PSICOLOGÍA,ADJUNTO,POR HORAS,HABILITANTE,12,12,0,100.0,222,434,0,0,0,0.0012271814623222,0.9987728185376776,Docente Sintético 000653,2,0,0,24,0,86.59,11.478260869565217,ALTO,SIN ACTIVIDAD 90D,SIN ACTIVIDAD 90D,,10+,0
DOC_000654,SANTIAGO,PSICOLOGÍA,ADJUNTO,POR HORAS,SIN_NIVEL,0,0,0,0.0,333,333,0,0,0,0.0002888088803213583,0.9997111911196788,Docente Sintético 000654,2,0,0,0,0,,,ALTO,SIN ACTIVIDAD 90D,SIN ACTIVIDAD 90D,≤50%,0–3,0
DOC_000655,SANTIAGO,PSICOLOGÍA,ADJUNTO,POR HORAS,INICIAL,16,15,1,93.75,291,395,0,0,0,0.0008612556425688952,0.9991387443574312,Docente Sintético 000655,2,0,0,40,0,80.74,10.282051282051285,ALTO,SIN ACTIVIDAD 90D,SIN ACTIVIDAD 90D,,10+,0
DOC_000656,SANTIAGO,PSICOLOGÍA,ADJUNTO,POR HORAS,HABILITANTE,12,11,1,91.67,33,360,5,0,0,0.0129988658313441,0.987001134168656,Docente Sintético 000656,2,2,3,24,12,86.91,19.47826086956522,ALTO,CON ACTIVIDAD 90D,CON ACTIVIDAD 90D,,10+,3–5
DOC_000657,SANTIAGO,PSICOLOGÍA,ADJUNTO,POR HORAS,SIN_NIVEL,7,3,4,42.86,307,486,0,0,0,0.00022633385217127292,0.9997736661478288,Docente Sintético 000657,2,0,0,7,0,81.13,4.333333333333333,ALTO,SIN ACTIVIDAD 90D,SIN ACTIVIDAD 90D,,0–3,0
DOC_000658,SANTIAGO,PSICOLOGÍA,ADJUNTO,POR HORAS,INICIAL,16,16,0,100.0,7,289,8,1,1,0.7844390818181296,0.2155609181818704,Docente Sintético 000658,2,2,3,40,12,82.1,17.46153846153846,BAJO,CON ACTIVIDAD 90D,CON ACTIVIDAD 90D,,10+,6+
DOC_000659,SANTIAGO,PSICOLOGÍA,ADJUNTO,POR HORAS,INICIAL,16,16,0,100.0,13,297,10,1,1,0.8886555576204813,0.1113444423795186,Docente Sintético 000659,2,3,3,40,12,82.31,17.23076923076923,BAJO,CON ACTIVIDAD 90D,CON ACTIVIDAD 90D,,10+,6+
DOC_000660,SANTIAGO,PSICOLOGÍA,ADJUNTO,POR HORAS,AVANZADO,17,17,0,100.0,4,32,6,0,0,0.3168707347318739,0.683129265268126,Docente Sintético 000660,2,2,3,45,13,84.78,15.704545454545457,ALTO,CON ACTIVIDAD 90D,CON ACTIVIDAD 90D,,10+,6+
DOC_000661,SANTIAGO,PSICOLOGÍA,ADJUNTO,POR HORAS,AVANZADO,21,20,1,95.24,71,261,3,0,0,0.0122325536637441,0.987767446336256,Docente Sintético 000661,2,1,4,60,13,80.37,10.52542372881356,ALTO,CON ACTIVIDAD 90D,CON ACTIVIDAD 90D,,10+,3–5
DOC_000662,SANTIAGO,PUBLICIDAD Y COMUNICACIÓN INTEGRAL,REGULAR,CONTRATADO,SIN_NIVEL,8,6,2,75.0,431,486,0,0,0,0.00022633385217127292,0.9997736661478288,Docente Sintético 000662,5,0,0,8,0,83.4,7.0,ALTO,SIN ACTIVIDAD 90D,SIN ACTIVIDAD 90D,,4–6,0
DOC_000663,SANTIAGO,PUBLICIDAD Y COMUNICACIÓN INTEGRAL,REGULAR,CONTRATADO,HABILITANTE,9,8,1,88.89,726,828,0,0,0,0.00016143453303466563,0.9998385654669654,Docente Sintético 000663,5,0,0,12,0,83.68,11.363636363636363,ALTO,SIN ACTIVIDAD 90D,SIN ACTIVIDAD 90D,,7–9,0
DOC_000664,SANTIAGO,PUBLICIDAD Y COMUNICACIÓN INTEGRAL,REGULAR,CONTRATADO,HABILITANTE,10,9,1,90.0,589,674,0,0,0,0.00016143453303466563,0.9998385654669654,Docente Sintético 000664,5,0,0,16,0,83.88,7.2,ALTO,SIN ACTIVIDAD 90D,SIN ACTIVIDAD 90D,,7–9,0
DOC_000665,SANTIAGO,PUBLICIDAD Y COMUNICACIÓN INTEGRAL,REGULAR,CONTRATADO,AVANZADO,19,19,0,100.0,332,439,0,0,0,0.0052210806705886,0.9947789193294112,Docente Sintético 000665,5,0,0,52,0,81.79,10.098039215686274,ALTO,SIN ACTIVIDAD 90D,SIN ACTIVIDAD 90D,,10+,0
DOC_000666,SANTIAGO,PUBLICIDAD Y COMUNICACIÓN INTEGRAL,REGULAR,CONTRATADO,HABILITANTE,12,12,0,100.0,516,674,0,0,0,0.0011077370178778,0.9988922629821222,Docente Sintético 000666,5,0,0,24,0,87.51,7.956521739130435,ALTO,SIN ACTIVIDAD 90D,SIN ACTIVIDAD 90D,,10+,0
DOC_000667,SANTIAGO,PUBLICIDAD Y COMUNICACIÓN INTEGRAL,REGULAR,CONTRATADO,HABILITANTE,10,10,0,100.0,9,354,7,0,0,0.0665717734383849,0.9334282265616152,Docente Sintético 000667,5,2,2,16,8,86.84,30.866666666666667,ALTO,CON ACTIVIDAD 90D,CON ACTIVIDAD 90D,,10+,6+
DOC_000668,SANTIAGO,PUBLICIDAD Y COMUNICACIÓN INTEGRAL,ADJUNTO,POR HORAS,SIN_NIVEL,0,0,0,0.0,121,121,0,0,0,0.0002888088803213583,0.9997111911196788,Docente Sintético 000668,2,0,0,0,0,,,ALTO,SIN ACTIVIDAD 90D,SIN ACTIVIDAD 90D,≤50%,0–3,0
DOC_000669,SANTIAGO,PUBLICIDAD Y COMUNICACIÓN INTEGRAL,ADJUNTO,POR HORAS,SIN_NIVEL,0,0,0,0.0,121,121,0,0,0,0.0002888088803213583,0.9997111911196788,Docente Sintético 000669,2,0,0,0,0,,,ALTO,SIN ACTIVIDAD 90D,SIN ACTIVIDAD 90D,≤50%,0–3,0
DOC_000670,SANTIAGO,PUBLICIDAD Y COMUNICACIÓN INTEGRAL,ADJUNTO,POR HORAS,HABILITANTE,9,8,1,88.89,357,429,0,0,0,0.00016143453303466563,0.9998385654669654,Docente Sintético 000670,2,0,0,12,0,84.21,11.181818181818182,ALTO,SIN ACTIVIDAD 90D,SIN ACTIVIDAD 90D,,7–9,0
DOC_000671,SANTIAGO,PUBLICIDAD Y COMUNICACIÓN INTEGRAL,ADJUNTO,POR HORAS,SIN_NIVEL,0,0,0,0.0,0,0,0,0,0,0.0003618999272872301,0.9996381000727128,Docente Sintético 000671,2,0,0,0,0,,,ALTO,SIN ACTIVIDAD 90D,SIN ACTIVIDAD 90D,≤50%,0–3,0
DOC_000672,SANTIAGO,PUBLICIDAD Y COMUNICACIÓN INTEGRAL,ADJUNTO,POR HORAS,INICIAL,15,15,0,100.0,502,582,0,0,0,0.0056892611077995,0.9943107388922005,Docente Sintético 000672,2,0,0,36,0,81.04,9.8,ALTO,SIN ACTIVIDAD 90D,SIN ACTIVIDAD 90D,,10+,0
DOC_000673,SANTIAGO,PUBLICIDAD Y COMUNICACIÓN INTEGRAL,ADJUNTO,POR HORAS,INICIAL,13,13,0,100.0,3,98,3,0,0,0.201142217956684,0.798857782043316,Docente Sintético 000673,2,0,2,31,11,86.87,15.666666666666666,ALTO,CON ACTIVIDAD 90D,CON ACTIVIDAD 90D,,10+,3–5
DOC_000674,SANTIAGO,PUBLICIDAD Y COMUNICACIÓN INTEGRAL,ADJUNTO,POR HORAS,AVANZADO,17,17,0,100.0,115,115,0,0,0,0.0484688321217642,0.9515311678782356,Docente Sintético 000674,1,0,2,44,8,81.74,13.325581395348838,ALTO,SIN ACTIVIDAD 90D,SIN ACTIVIDAD 90D,,10+,0
DOC_000675,SANTIAGO,PUBLICIDAD Y COMUNICACIÓN INTEGRAL,ADJUNTO,POR HORAS,AVANZADO,17,17,0,100.0,4,130,3,0,0,0.472166792063195,0.5278332079368049,Docente Sintético 000675,1,0,2,47,9,84.26,18.32608695652174,MEDIO,CON ACTIVIDAD 90D,CON ACTIVIDAD 90D,,10+,3–5
DOC_000676,SANTIAGO,PUBLICIDAD Y COMUNICACIÓN INTEGRAL,ADJUNTO,POR HORAS,SIN_NIVEL,5,4,1,80.0,290,486,0,0,0,0.00026399863559876816,0.9997360013644012,Docente Sintético 000676,1,0,0,5,0,85.86,8.25,ALTO,SIN ACTIVIDAD 90D,SIN ACTIVIDAD 90D,,4–6,0
DOC_000679,SANTIAGO,QUÍMICA Y FARMACIA,REGULAR,CONTRATADO,HABILITANTE,9,8,1,88.89,358,571,0,0,0,0.0005536554587445062,0.9994463445412556,Docente Sintético 000679,5,0,0,12,0,88.91,30.727272727272727,ALTO,SIN ACTIVIDAD 90D,SIN ACTIVIDAD 90D,,7–9,0
DOC_000680,SANTIAGO,QUÍMICA Y FARMACIA,REGULAR,CONTRATADO,SIN_NIVEL,0,0,0,0.0,0,0,0,0,0,0.00035412085299707063,0.999645879147003,Docente Sintético 000680,5,0,0,0,0,,,ALTO,SIN ACTIVIDAD 90D,SIN ACTIVIDAD 90D,≤50%,0–3,0
DOC_000681,SANTIAGO,QUÍMICA Y FARMACIA,REGULAR,CONTRATADO,SIN_NIVEL,7,4,3,57.14,303,486,0,0,0,0.0002562195613086087,0.9997437804386914,Docente Sintético 000681,5,0,0,7,0,83.69,4.166666666666667,ALTO,SIN ACTIVIDAD 90D,SIN ACTIVIDAD 90D,,4–6,0
DOC_000682,SANTIAGO,QUÍMICA Y FARMACIA,REGULAR,CONTRATADO,INICIAL,16,16,0,100.0,190,467,0,0,0,0.019853571086147,0.980146428913853,Docente Sintético 000682,5,0,0,40,0,80.16,16.743589743589745,ALTO,SIN ACTIVIDAD 90D,SIN ACTIVIDAD 90D,,10+,0
DOC_000683,SANTIAGO,QUÍMICA Y FARMACIA,REGULAR,CONTRATADO,SIN_NIVEL,0,0,0,0.0,0,0,0,0,0,0.00035412085299707063,0.999645879147003,Docente Sintético 000683,5,0,0,0,0,,,ALTO,SIN ACTIVIDAD 90D,SIN ACTIVIDAD 90D,≤50%,0–3,0
DOC_000684,SANTIAGO,QUÍMICA Y FARMACIA,ADJUNTO,POR HORAS,SIN_NIVEL,0,0,0,0.0,0,0,0,0,0,0.00035412085299707063,0.999645879147003,Docente Sintético 000684,2,0,0,0,0,,,ALTO,SIN ACTIVIDAD 90D,SIN ACTIVIDAD 90D,≤50%,0–3,0
DOC_000685,SANTIAGO,QUÍMICA Y FARMACIA,ADJUNTO,POR HORAS,AVANZADO,17,17,0,100.0,2,2,8,0,0,0.3004670125040569,0.6995329874959431,Docente Sintético 000685,2,2,4,44,14,81.69,19.46511627906977,ALTO,CON ACTIVIDAD 90D,CON ACTIVIDAD 90D,,10+,6+
DOC_000686,SANTIAGO,QUÍMICA Y FARMACIA,ADJUNTO,POR HORAS,SIN_NIVEL,0,0,0,0.0,333,333,0,0,0,0.0002810298060311989,0.9997189701939688,Docente Sintético 000686,1,0,0,0,0,,,ALTO,SIN ACTIVIDAD 90D,SIN ACTIVIDAD 90D,≤50%,0–3,0
DOC_000687,SANTIAGO,QUÍMICA Y FARMACIA,ADJUNTO,POR HORAS,AVANZADO,17,17,0,100.0,54,54,5,0,0,0.052543931712743,0.9474560682872568,Docente Sintético 000687,1,2,4,44,13,83.46,14.790697674418604,ALTO,CON ACTIVIDAD 90D,CON ACTIVIDAD 90D,,10+,3–5
DOC_000688,SANTIAGO,QUÍMICA Y FARMACIA,ADJUNTO,POR HORAS,AVANZADO,17,17,0,100.0,2,121,3,0,1,0.5333841538247864,0.4666158461752135,Docente Sintético 000688,1,0,2,47,9,84.18,18.369565217391305,MEDIO,CON ACTIVIDAD 90D,CON ACTIVIDAD 90D,,10+,3–5
DOC_000689,SANTIAGO,QUÍMICA Y FARMACIA,ADJUNTO,POR HORAS,HABILITANTE,9,8,1,88.89,447,633,0,0,0,0.0006402355453245928,0.9993597644546754,Docente Sintético 000689,1,0,0,12,0,85.5,22.363636363636363,ALTO,SIN ACTIVIDAD 90D,SIN ACTIVIDAD 90D,,7–9,0
DOC_000690,SANTIAGO,QUÍMICA Y FARMACIA,ADJUNTO,POR HORAS,SIN_NIVEL,4,2,2,50.0,81,486,1,0,0,0.0005374388336783236,0.9994625611663216,Docente Sintético 000690,1,1,4,4,4,84.8,10.333333333333334,ALTO,CON ACTIVIDAD 90D,CON ACTIVIDAD 90D,,0–3,1–2
DOC_000691,SANTIAGO,QUÍMICA Y FARMACIA,ADJUNTO,POR HORAS,SIN_NIVEL,0,0,0,0.0,0,0,0,0,0,0.00035412085299707063,0.999645879147003,Docente Sintético 000691,1,0,0,0,0,,,ALTO,SIN ACTIVIDAD 90D,SIN ACTIVIDAD 90D,≤50%,0–3,0
DOC_000692,SANTIAGO,QUÍMICA Y FARMACIA,ADJUNTO,POR HORAS,SIN_NIVEL,0,0,0,0.0,333,333,0,0,0,0.0002810298060311989,0.9997189701939688,Docente Sintético 000692,1,0,0,0,0,,,ALTO,SIN ACTIVIDAD 90D,SIN ACTIVIDAD 90D,≤50%,0–3,0
DOC_000693,SANTIAGO,TERAPIA OCUPACIONAL,REGULAR,CONTRATADO,SIN_NIVEL,0,0,0,0.0,0,0,0,0,0,0.0003618999272872301,0.9996381000727128,Docente Sintético 000693,5,0,0,0,0,,,ALTO,SIN ACTIVIDAD 90D,SIN ACTIVIDAD 90D,≤50%,0–3,0
DOC_000694,SANTIAGO,TERAPIA OCUPACIONAL,REGULAR,CONTRATADO,SIN_NIVEL,0,0,0,0.0,0,0,0,0,0,0.0003618999272872301,0.9996381000727128,Docente Sintético 000694,5,0,0,0,0,,,ALTO,SIN ACTIVIDAD 90D,SIN ACTIVIDAD 90D,≤50%,0–3,0
DOC_000696,SANTIAGO,TERAPIA OCUPACIONAL,REGULAR,CONTRATADO,INICIAL,17,15,2,88.24,50,423,5,0,0,0.0243293562439525,0.9756706437560476,Docente Sintético 000696,5,2,4,44,14,82.48,18.41860465116279,ALTO,CON ACTIVIDAD 90D,CON ACTIVIDAD 90D,,10+,3–5
DOC_000697,SANTIAGO,TERAPIA OCUPACIONAL,REGULAR,CONTRATADO,SIN_NIVEL,6,5,1,83.33,15,486,4,0,0,0.0491243317174588,0.9508756682825412,Docente Sintético 000697,5,4,6,6,6,88.57,18.2,ALTO,CON ACTIVIDAD 90D,CON ACTIVIDAD 90D,,4–6,3–5
DOC_000698,SANTIAGO,TERAPIA OCUPACIONAL,ADJUNTO,POR HORAS,HABILITANTE,10,10,0,100.0,316,434,0,0,0,0.0004992556347180966,0.999500744365282,Docente Sintético 000698,2,0,0,16,0,83.25,11.0,ALTO,SIN ACTIVIDAD 90D,SIN ACTIVIDAD 90D,,10+,0
DOC_000699,SANTIAGO,TERAPIA OCUPACIONAL,ADJUNTO,POR HORAS,AVANZADO,18,18,0,100.0,362,428,0,0,0,0.0051387761438397,0.9948612238561604,Docente Sintético 000699,2,0,0,48,0,80.37,10.340425531914894,ALTO,SIN ACTIVIDAD 90D,SIN ACTIVIDAD 90D,,10+,0
DOC_000700,SANTIAGO,TERAPIA OCUPACIONAL,ADJUNTO,POR HORAS,HABILITANTE,11,10,1,90.91,554,791,0,0,0,0.00016143453303466563,0.9998385654669654,Docente Sintético 000700,2,0,0,20,0,84.3,15.0,ALTO,SIN ACTIVIDAD 90D,SIN ACTIVIDAD 90D,,10+,0
DOC_000701,SANTIAGO,TERAPIA OCUPACIONAL,ADJUNTO,POR HORAS,INICIAL,16,13,3,81.25,3,195,10,0,0,0.0756580600459128,0.9243419399540872,Docente Sintético 000701,2,3,3,40,12,78.69,12.102564102564102,ALTO,CON ACTIVIDAD 90D,CON ACTIVIDAD 90D,,10+,6+
DOC_000702,SANTIAGO,TERAPIA OCUPACIONAL,ADJUNTO,POR HORAS,INICIAL,16,16,0,100.0,371,553,0,0,0,0.0104863623284627,0.9895136376715372,Docente Sintético 000702,2,0,0,40,0,84.09,12.282051282051285,ALTO,SIN ACTIVIDAD 90D,SIN ACTIVIDAD 90D,,10+,0
DOC_000703,SANTIAGO,TERAPIA OCUPACIONAL,ADJUNTO,POR HORAS,AVANZADO,21,20,1,95.24,62,240,4,0,0,0.0109916503600134,0.9890083496399864,Docente Sintético 000703,1,1,3,60,12,81.29,13.33898305084746,ALTO,CON ACTIVIDAD 90D,CON ACTIVIDAD 90D,,10+,3–5
DOC_000705,SANTIAGO,TERAPIA OCUPACIONAL,ADJUNTO,POR HORAS,HABILITANTE,13,11,2,84.62,200,429,0,0,0,0.00012376974960717034,0.9998762302503929,Docente Sintético 000705,1,0,0,28,0,80.82,10.37037037037037,ALTO,SIN ACTIVIDAD 90D,SIN ACTIVIDAD 90D,,10+,0
DOC_000706,SANTIAGO,TERAPIA OCUPACIONAL,ADJUNTO,POR HORAS,AVANZADO,17,17,0,100.0,5,144,2,0,0,0.329418252751641,0.6705817472483591,Docente Sintético 000706,1,0,2,46,7,83.19,15.11111111111111,ALTO,CON ACTIVIDAD 90D,CON ACTIVIDAD 90D,,10+,1–2
DOC_000707,SANTIAGO,TRABAJO SOCIAL,REGULAR,CONTRATADO,INICIAL,17,16,1,94.12,148,479,0,0,0,0.0037527913663422,0.9962472086336576,Docente Sintético 000707,5,0,1,44,4,80.75,16.209302325581394,ALTO,SIN ACTIVIDAD 90D,SIN ACTIVIDAD 90D,,10+,0
DOC_000708,SANTIAGO,TRABAJO SOCIAL,REGULAR,CONTRATADO,HABILITANTE,10,10,0,100.0,702,824,0,0,0,0.0075801129511233,0.9924198870488766,Docente Sintético 000708,5,0,0,16,0,89.46,9.733333333333333,ALTO,SIN ACTIVIDAD 90D,SIN ACTIVIDAD 90D,,10+,0
DOC_000709,SANTIAGO,TRABAJO SOCIAL,REGULAR,CONTRATADO,HABILITANTE,10,10,0,100.0,500,665,0,0,0,0.0009699434595979292,0.999030056540402,Docente Sintético 000709,5,0,0,16,0,85.0,12.8,ALTO,SIN ACTIVIDAD 90D,SIN ACTIVIDAD 90D,,10+,0
DOC_000710,SANTIAGO,TRABAJO SOCIAL,REGULAR,CONTRATADO,AVANZADO,18,18,0,100.0,90,250,1,0,0,0.065788681609546,0.934211318390454,Docente Sintético 000710,5,1,1,48,4,83.01,16.02127659574468,ALTO,CON ACTIVIDAD 90D,CON ACTIVIDAD 90D,,10+,1–2
DOC_000711,SANTIAGO,TRABAJO SOCIAL,REGULAR,CONTRATADO,HABILITANTE,11,9,2,81.82,560,669,0,0,0,0.00012376974960717034,0.9998762302503929,Docente Sintético 000711,5,0,0,20,0,82.63,7.157894736842105,ALTO,SIN ACTIVIDAD 90D,SIN ACTIVIDAD 90D,,7–9,0
DOC_000712,SANTIAGO,TRABAJO SOCIAL,REGULAR,CONTRATADO,HABILITANTE,12,10,2,83.33,140,431,0,0,0,0.0068494334664213,0.9931505665335788,Docente Sintético 000712,5,0,1,24,4,82.11,14.91304347826087,ALTO,SIN ACTIVIDAD 90D,SIN ACTIVIDAD 90D,,10+,0
DOC_000713,SANTIAGO,TRABAJO SOCIAL,REGULAR,CONTRATADO,HABILITANTE,10,10,0,100.0,225,350,0,0,0,0.0033341946673273,0.9966658053326726,Docente Sintético 000713,5,0,0,16,0,84.18,16.0,ALTO,SIN ACTIVIDAD 90D,SIN ACTIVIDAD 90D,,10+,0
DOC_000714,SANTIAGO,TRABAJO SOCIAL,ADJUNTO,POR HORAS,HABILITANTE,12,11,1,91.67,246,457,0,0,0,0.00012376974960717034,0.9998762302503929,Docente Sintético 000714,2,0,0,24,0,81.88,10.26086956521739,ALTO,SIN ACTIVIDAD 90D,SIN ACTIVIDAD 90D,,10+,0
DOC_000715,SANTIAGO,TRABAJO SOCIAL,ADJUNTO,POR HORAS,SIN_NIVEL,8,5,3,62.5,95,121,0,0,0,0.0051867999820408,0.9948132000179593,Docente Sintético 000715,2,0,8,8,8,85.82,3.0,ALTO,SIN ACTIVIDAD 90D,SIN ACTIVIDAD 90D,,4–6,0
DOC_000716,SANTIAGO,TRABAJO SOCIAL,ADJUNTO,POR HORAS,SIN_NIVEL,7,5,2,71.43,306,333,0,0,0,0.00022633385217127292,0.9997736661478288,Docente Sintético 000716,1,0,0,7,0,82.64,3.6666666666666665,ALTO,SIN ACTIVIDAD 90D,SIN ACTIVIDAD 90D,,4–6,0
DOC_000717,SANTIAGO,TRABAJO SOCIAL,ADJUNTO,POR HORAS,HABILITANTE,12,11,1,91.67,225,427,0,0,0,0.00012376974960717034,0.9998762302503929,Docente Sintético 000717,1,0,0,24,0,83.24,10.869565217391305,ALTO,SIN ACTIVIDAD 90D,SIN ACTIVIDAD 90D,,10+,0
DOC_000718,SANTIAGO,TRABAJO SOCIAL,ADJUNTO,POR HORAS,HABILITANTE,10,9,1,90.0,403,632,0,0,0,0.0024325720584094,0.9975674279415904,Docente Sintético 000718,1,0,0,16,0,82.58,18.866666666666667,ALTO,SIN ACTIVIDAD 90D,SIN ACTIVIDAD 90D,,7–9,0
DOC_000719,SANTIAGO,TRABAJO SOCIAL,ADJUNTO,POR HORAS,INICIAL,16,15,1,93.75,475,581,0,0,0,0.0008612556425688952,0.9991387443574312,Docente Sintético 000719,1,0,0,40,0,80.39,9.512820512820513,ALTO,SIN ACTIVIDAD 90D,SIN ACTIVIDAD 90D,,10+,0
DOC_000720,SANTIAGO,TRABAJO SOCIAL,ADJUNTO,POR HORAS,AVANZADO,19,19,0,100.0,4,186,8,1,1,0.6830887214884269,0.3169112785115731,Docente Sintético 000720,1,2,2,55,11,81.91,15.703703703703704,MEDIO,CON ACTIVIDAD 90D,CON ACTIVIDAD 90D,,10+,6+
DOC_000721,SANTIAGO,TRABAJO SOCIAL,ADJUNTO,POR HORAS,AVANZADO,19,17,2,89.47,336,446,0,0,0,0.0005529492431805074,0.9994470507568196,Docente Sintético 000721,1,0,0,52,0,81.84,10.117647058823527,ALTO,SIN ACTIVIDAD 90D,SIN ACTIVIDAD 90D,,10+,0
DOC_000722,SANTIAGO,TRABAJO SOCIAL,ADJUNTO,POR HORAS,SIN_NIVEL,0,0,0,0.0,0,0,0,0,0,0.0003618999272872301,0.9996381000727128,Docente Sintético 000722,1,0,0,0,0,,,ALTO,SIN ACTIVIDAD 90D,SIN ACTIVIDAD 90D,≤50%,0–3,0
DOC_000723,SANTIAGO,TRABAJO SOCIAL,ADJUNTO,POR HORAS,SIN_NIVEL,5,5,0,100.0,291,333,0,0,0,0.0076350418255527,0.9923649581744473,Docente Sintético 000723,1,0,0,5,0,91.56,7.75,ALTO,SIN ACTIVIDAD 90D,SIN ACTIVIDAD 90D,,4–6,0
DOC_000724,SANTIAGO,TRABAJO SOCIAL,ADJUNTO,POR HORAS,AVANZADO,17,17,0,100.0,17,17,7,0,0,0.173433309115419,0.826566690884581,Docente Sintético 000724,1,2,4,44,14,81.66,15.488372093023257,ALTO,CON ACTIVIDAD 90D,CON ACTIVIDAD 90D,,10+,6+
DOC_000725,SANTIAGO,TRABAJO SOCIAL,ADJUNTO,POR HORAS,SIN_NIVEL,1,1,0,100.0,116,333,0,0,0,0.0027029170032224,0.9972970829967776,Docente Sintético 000725,1,0,1,1,1,93.4,,ALTO,SIN ACTIVIDAD 90D,SIN ACTIVIDAD 90D,,0–3,0
DOC_000726,SANTIAGO,TRABAJO SOCIAL,ADJUNTO,POR HORAS,AVANZADO,17,17,0,100.0,2,148,3,1,1,0.5294323176327667,0.4705676823672333,Docente Sintético 000726,1,0,1,47,7,82.27,18.456521739130437,MEDIO,CON ACTIVIDAD 90D,CON ACTIVIDAD 90D,,10+,3–5
DOC_000727,TALCA,DEPARTAMENTO DE ANÁLISIS DE DATOS,ADJUNTO,POR HORAS,HABILITANTE,12,12,0,100.0,50,282,5,0,0,0.0547655155923934,0.9452344844076066,Docente Sintético 000727,3,2,4,24,15,85.03,11.956521739130435,ALTO,CON ACTIVIDAD 90D,CON ACTIVIDAD 90D,,10+,3–5
DOC_000728,TALCA,DEPARTAMENTO DE CIENCIAS BIOLÓGICAS,REGULAR,CONTRATADO,AVANZADO,19,19,0,100.0,127,318,0,0,0,0.0255009202497254,0.9744990797502746,Docente Sintético 000728,5,0,2,52,5,83.37,13.941176470588236,ALTO,SIN ACTIVIDAD 90D,SIN ACTIVIDAD 90D,,10+,0
DOC_000729,TALCA,DEPARTAMENTO DE CIENCIAS BIOLÓGICAS,REGULAR,CONTRATADO,HABILITANTE,9,8,1,88.89,94,189,0,0,0,0.0006564676192181943,0.9993435323807818,Docente Sintético 000729,5,0,1,12,4,87.6,20.818181818181817,ALTO,SIN ACTIVIDAD 90D,SIN ACTIVIDAD 90D,,7–9,0
DOC_000730,TALCA,DEPARTAMENTO DE CIENCIAS BIOLÓGICAS,REGULAR,CONTRATADO,HABILITANTE,12,10,2,83.33,67,278,4,0,0,0.005552965259434,0.994447034740566,Docente Sintético 000730,5,1,3,24,12,80.05,11.478260869565217,ALTO,CON ACTIVIDAD 90D,CON ACTIVIDAD 90D,,10+,3–5
DOC_000731,TALCA,DEPARTAMENTO DE CIENCIAS BIOLÓGICAS,REGULAR,CONTRATADO,SIN_NIVEL,2,1,1,50.0,476,486,0,0,0,0.00022633385217127292,0.9997736661478288,Docente Sintético 000731,5,0,0,2,0,83.4,6.0,ALTO,SIN ACTIVIDAD 90D,SIN ACTIVIDAD 90D,,0–3,0
DOC_000733,TALCA,DEPARTAMENTO DE CIENCIAS BIOLÓGICAS,REGULAR,CONTRATADO,SIN_NIVEL,0,0,0,0.0,121,121,0,0,0,0.0002888088803213583,0.9997111911196788,Docente Sintético 000733,5,0,0,0,0,,,ALTO,SIN ACTIVIDAD 90D,SIN ACTIVIDAD 90D,≤50%,0–3,0
DOC_000734,TALCA,DEPARTAMENTO DE CIENCIAS BIOLÓGICAS,REGULAR,CONTRATADO,SIN_NIVEL,1,1,0,100.0,118,486,0,0,0,0.0013493589587414,0.9986506410412586,Docente Sintético 000734,5,0,1,1,1,96.9,,ALTO,SIN ACTIVIDAD 90D,SIN ACTIVIDAD 90D,,0–3,0
DOC_000735,TALCA,DEPARTAMENTO DE CIENCIAS BIOLÓGICAS,ADJUNTO,POR HORAS,HABILITANTE,10,9,1,90.0,687,827,0,0,0,0.00016143453303466563,0.9998385654669654,Docente Sintético 000735,2,0,0,16,0,83.83,10.8,ALTO,SIN ACTIVIDAD 90D,SIN ACTIVIDAD 90D,,7–9,0
DOC_000736,TALCA,DEPARTAMENTO DE CIENCIAS BIOLÓGICAS,ADJUNTO,POR HORAS,HABILITANTE,9,9,0,100.0,445,652,0,0,0,0.0018166112762123,0.9981833887237876,Docente Sintético 000736,2,0,0,12,0,87.13,22.181818181818183,ALTO,SIN ACTIVIDAD 90D,SIN ACTIVIDAD 90D,,7–9,0
DOC_000737,TALCA,DEPARTAMENTO DE CIENCIAS BIOLÓGICAS,ADJUNTO,POR HORAS,HABILITANTE,10,10,0,100.0,219,414,0,0,0,0.0015220131207446,0.9984779868792554,Docente Sintético 000737,2,0,0,16,0,86.4,16.933333333333334,ALTO,SIN ACTIVIDAD 90D,SIN ACTIVIDAD 90D,,10+,0
DOC_000738,TALCA,DEPARTAMENTO DE CIENCIAS BIOLÓGICAS,ADJUNTO,POR HORAS,HABILITANTE,11,11,0,100.0,553,669,0,0,0,0.0013872691923566,0.9986127308076432,Docente Sintético 000738,2,0,0,20,0,86.69,7.421052631578948,ALTO,SIN ACTIVIDAD 90D,SIN ACTIVIDAD 90D,,10+,0
DOC_000739,TALCA,DEPARTAMENTO DE CIENCIAS BIOLÓGICAS,ADJUNTO,POR HORAS,SIN_NIVEL,5,3,2,60.0,470,486,0,0,0,0.00022633385217127292,0.9997736661478288,Docente Sintético 000739,2,0,0,5,0,81.4,3.25,ALTO,SIN ACTIVIDAD 90D,SIN ACTIVIDAD 90D,,0–3,0
DOC_000740,TALCA,DEPARTAMENTO DE CIENCIAS BIOLÓGICAS,ADJUNTO,POR HORAS,SIN_NIVEL,0,0,0,0.0,121,121,0,0,0,0.0002888088803213583,0.9997111911196788,Docente Sintético 000740,2,0,0,0,0,,,ALTO,SIN ACTIVIDAD 90D,SIN ACTIVIDAD 90D,≤50%,0–3,0
DOC_000741,TALCA,DEPARTAMENTO DE CIENCIAS BIOLÓGICAS,ADJUNTO,POR HORAS,SIN_NIVEL,3,1,2,33.33,310,333,0,0,0,0.00026399863559876816,0.9997360013644012,Docente Sintético 000741,2,0,0,3,0,85.17,9.5,ALTO,SIN ACTIVIDAD 90D,SIN ACTIVIDAD 90D,,0–3,0
DOC_000742,TALCA,DEPARTAMENTO DE CIENCIAS BIOLÓGICAS,ADJUNTO,POR HORAS,SIN_NIVEL,6,3,3,50.0,287,486,0,0,0,0.00022633385217127292,0.9997736661478288,Docente Sintético 000742,2,0,0,6,0,80.03,6.8,ALTO,SIN ACTIVIDAD 90D,SIN ACTIVIDAD 90D,,0–3,0
DOC_000743,TALCA,DEPARTAMENTO DE CIENCIAS BIOLÓGICAS,ADJUNTO,POR HORAS,AVANZADO,19,18,1,94.74,225,347,0,0,0,0.0005529492431805074,0.9994470507568196,Docente Sintético 000743,2,0,0,52,0,78.34,9.215686274509803,ALTO,SIN ACTIVIDAD 90D,SIN ACTIVIDAD 90D,,10+,0
DOC_000744,TALCA,DEPARTAMENTO DE CIENCIAS BIOLÓGICAS,ADJUNTO,POR HORAS,AVANZADO,19,17,2,89.47,129,256,0,0,0,0.0028816015198472,0.9971183984801528,Docente Sintético 000744,2,0,2,52,5,78.57,14.176470588235292,ALTO,SIN ACTIVIDAD 90D,SIN ACTIVIDAD 90D,,10+,0
DOC_000745,TALCA,DEPARTAMENTO DE CIENCIAS BIOLÓGICAS,ADJUNTO,POR HORAS,SIN_NIVEL,6,3,3,50.0,75,333,2,0,0,0.0005229098259600075,0.99947709017404,Docente Sintético 000745,2,2,6,6,6,83.42,7.8,ALTO,CON ACTIVIDAD 90D,CON ACTIVIDAD 90D,,0–3,1–2
DOC_000746,TALCA,DEPARTAMENTO DE CIENCIAS BIOLÓGICAS,ADJUNTO,POR HORAS,HABILITANTE,10,9,1,90.0,575,798,0,0,0,0.00021034983618725692,0.9997896501638128,Docente Sintético 000746,1,0,0,16,0,83.14,18.33333333333333,ALTO,SIN ACTIVIDAD 90D,SIN ACTIVIDAD 90D,,7–9,0
DOC_000747,TALCA,DEPARTAMENTO DE CIENCIAS BIOLÓGICAS,ADJUNTO,POR HORAS,INICIAL,16,14,2,87.5,288,473,0,0,0,0.0010468654252962,0.9989531345747036,Docente Sintético 000747,1,0,0,40,0,80.99,14.35897435897436,ALTO,SIN ACTIVIDAD 90D,SIN ACTIVIDAD 90D,,10+,0
DOC_000749,TALCA,DEPARTAMENTO DE FÍSICA-QUÍMICA,ADJUNTO,POR HORAS,AVANZADO,17,17,0,100.0,3,55,8,1,0,0.4814883546258622,0.5185116453741379,Docente Sintético 000749,4,2,4,47,16,81.61,15.021739130434783,MEDIO,CON ACTIVIDAD 90D,CON ACTIVIDAD 90D,,10+,6+
DOC_000750,TALCA,DEPARTAMENTO DE FÍSICA-QUÍMICA,ADJUNTO,POR HORAS,INICIAL,14,14,0,100.0,532,578,0,0,0,0.057507889316524,0.942492110683476,Docente Sintético 000750,4,0,0,32,0,85.06,10.193548387096774,ALTO,SIN ACTIVIDAD 90D,SIN ACTIVIDAD 90D,,10+,0
DOC_000751,TALCA,DEPARTAMENTO DE MATEMÁTICAS,REGULAR,CONTRATADO,SIN_NIVEL,0,0,0,0.0,0,0,0,0,0,0.0003618999272872301,0.9996381000727128,Docente Sintético 000751,5,0,0,0,0,,,ALTO,SIN ACTIVIDAD 90D,SIN ACTIVIDAD 90D,≤50%,0–3,0
DOC_000752,TALCA,DEPARTAMENTO DE MATEMÁTICAS,REGULAR,CONTRATADO,INICIAL,16,14,2,87.5,472,582,0,0,0,0.0013196461425214,0.9986803538574786,Docente Sintético 000752,5,0,0,40,0,80.64,9.717948717948715,ALTO,SIN ACTIVIDAD 90D,SIN ACTIVIDAD 90D,,10+,0
DOC_000753,TALCA,DEPARTAMENTO DE MATEMÁTICAS,REGULAR,CONTRATADO,AVANZADO,18,18,0,100.0,271,341,0,0,0,0.0027680137711157,0.9972319862288844,Docente Sintético 000753,5,0,0,48,0,81.51,9.085106382978724,ALTO,SIN ACTIVIDAD 90D,SIN ACTIVIDAD 90D,,10+,0
DOC_000754,TALCA,DEPARTAMENTO DE MATEMÁTICAS,REGULAR,CONTRATADO,SIN_NIVEL,0,0,0,0.0,0,0,0,0,0,0.0003618999272872301,0.9996381000727128,Docente Sintético 000754,5,0,0,0,0,,,ALTO,SIN ACTIVIDAD 90D,SIN ACTIVIDAD 90D,≤50%,0–3,0
DOC_000755,TALCA,DEPARTAMENTO DE MATEMÁTICAS,REGULAR,CONTRATADO,INICIAL,13,13,0,100.0,93,93,0,0,0,0.0351955435891123,0.9648044564108876,Docente Sintético 000755,5,0,3,28,9,85.3,14.333333333333334,ALTO,SIN ACTIVIDAD 90D,SIN ACTIVIDAD 90D,,10+,0
DOC_000756,TALCA,DEPARTAMENTO DE MATEMÁTICAS,ADJUNTO,POR HORAS,INICIAL,14,14,0,100.0,454,492,0,0,0,0.0032805163085694,0.9967194836914304,Docente Sintético 000756,2,0,0,32,0,83.25,7.870967741935484,ALTO,SIN ACTIVIDAD 90D,SIN ACTIVIDAD 90D,,10+,0
DOC_000757,TALCA,DEPARTAMENTO DE MATEMÁTICAS,ADJUNTO,POR HORAS,HABILITANTE,10,9,1,90.0,2,206,8,0,0,0.010850615964852,0.989149384035148,Docente Sintético 000757,2,2,2,17,9,84.5,20.25,ALTO,CON ACTIVIDAD 90D,CON ACTIVIDAD 90D,,7–9,6+
DOC_000758,TALCA,DEPARTAMENTO DE MATEMÁTICAS,ADJUNTO,POR HORAS,AVANZADO,20,20,0,100.0,297,438,0,0,0,0.0020297323846918,0.9979702676153082,Docente Sintético 000758,2,0,0,56,0,83.61,10.090909090909092,ALTO,SIN ACTIVIDAD 90D,SIN ACTIVIDAD 90D,,10+,0
DOC_000759,TALCA,DEPARTAMENTO DE MATEMÁTICAS,ADJUNTO,POR HORAS,AVANZADO,18,17,1,94.44,270,347,0,0,0,0.0011702331937977,0.9988297668062022,Docente Sintético 000759,1,0,0,48,0,79.33,12.25531914893617,ALTO,SIN ACTIVIDAD 90D,SIN ACTIVIDAD 90D,,10+,0
DOC_000760,TALCA,DEPARTAMENTO DE MATEMÁTICAS,ADJUNTO,POR HORAS,HABILITANTE,10,9,1,90.0,137,301,0,0,0,0.00023413593922498664,0.9997658640607752,Docente Sintético 000760,1,0,2,16,6,86.4,12.8,ALTO,SIN ACTIVIDAD 90D,SIN ACTIVIDAD 90D,,7–9,0
DOC_000761,TALCA,DEPARTAMENTO DE MATEMÁTICAS,ADJUNTO,POR HORAS,AVANZADO,18,18,0,100.0,269,349,0,0,0,0.0022899133801669,0.997710086619833,Docente Sintético 000761,1,0,0,48,0,83.34,9.063829787234043,ALTO,SIN ACTIVIDAD 90D,SIN ACTIVIDAD 90D,,10+,0
DOC_000762,TALCA,DEPARTAMENTO DE MATEMÁTICAS,ADJUNTO,POR HORAS,HABILITANTE,11,9,2,81.82,538,791,0,0,0,0.00012376974960717034,0.9998762302503929,Docente Sintético 000762,1,0,0,20,0,83.38,15.842105263157896,ALTO,SIN ACTIVIDAD 90D,SIN ACTIVIDAD 90D,,7–9,0
DOC_000763,TALCA,DEPARTAMENTO DE MATEMÁTICAS,ADJUNTO,POR HORAS,SIN_NIVEL,0,0,0,0.0,0,0,0,0,0,0.0003618999272872301,0.9996381000727128,Docente Sintético 000763,1,0,0,0,0,,,ALTO,SIN ACTIVIDAD 90D,SIN ACTIVIDAD 90D,≤50%,0–3,0
DOC_000764,TALCA,DEPARTAMENTO DE MATEMÁTICAS,ADJUNTO,POR HORAS,SIN_NIVEL,0,0,0,0.0,0,0,0,0,0,0.0003618999272872301,0.9996381000727128,Docente Sintético 000764,1,0,0,0,0,,,ALTO,SIN ACTIVIDAD 90D,SIN ACTIVIDAD 90D,≤50%,0–3,0
DOC_000765,TALCA,DERECHO,REGULAR,CONTRATADO,HABILITANTE,13,11,2,84.62,199,420,0,0,0,0.00012376974960717034,0.9998762302503929,Docente Sintético 000765,5,0,0,28,0,83.26,10.444444444444445,ALTO,SIN ACTIVIDAD 90D,SIN ACTIVIDAD 90D,,10+,0
DOC_000766,TALCA,DERECHO,REGULAR,CONTRATADO,SIN_NIVEL,5,3,2,60.0,286,486,0,0,0,0.00026399863559876816,0.9997360013644012,Docente Sintético 000766,5,0,0,5,0,86.62,9.75,ALTO,SIN ACTIVIDAD 90D,SIN ACTIVIDAD 90D,,0–3,0
DOC_000767,TALCA,DERECHO,REGULAR,CONTRATADO,AVANZADO,17,17,0,100.0,5,108,1,1,1,0.535777543741763,0.464222456258237,Docente Sintético 000767,5,0,2,45,8,80.01,15.477272727272728,MEDIO,CON ACTIVIDAD 90D,CON ACTIVIDAD 90D,,10+,1–2
DOC_000769,TALCA,DERECHO,REGULAR,CONTRATADO,HABILITANTE,10,9,1,90.0,405,630,0,0,0,0.00012376974960717034,0.9998762302503929,Docente Sintético 000769,5,0,0,16,0,83.07,18.666666666666668,ALTO,SIN ACTIVIDAD 90D,SIN ACTIVIDAD 90D,,7–9,0
DOC_000770,TALCA,DERECHO,REGULAR,CONTRATADO,AVANZADO,20,19,1,95.0,297,438,0,0,0,0.000421578556254265,0.9995784214437458,Docente Sintético 000770,5,0,0,56,0,81.22,10.090909090909092,ALTO,SIN ACTIVIDAD 90D,SIN ACTIVIDAD 90D,,10+,0
DOC_000771,TALCA,DERECHO,REGULAR,CONTRATADO,SIN_NIVEL,6,6,0,100.0,445,699,0,0,0,0.0005918492925750259,0.999408150707425,Docente Sintético 000771,5,0,0,6,0,91.4,8.2,ALTO,SIN ACTIVIDAD 90D,SIN ACTIVIDAD 90D,,4–6,0
DOC_000772,TALCA,DERECHO,ADJUNTO,POR HORAS,SIN_NIVEL,0,0,0,0.0,0,0,0,0,0,0.0003618999272872301,0.9996381000727128,Docente Sintético 000772,2,0,0,0,0,,,ALTO,SIN ACTIVIDAD 90D,SIN ACTIVIDAD 90D,≤50%,0–3,0
DOC_000773,TALCA,DERECHO,ADJUNTO,POR HORAS,AVANZADO,19,19,0,100.0,53,241,5,0,0,0.0850136327012893,0.9149863672987106,Docente Sintético 000773,2,2,2,52,8,83.06,15.490196078431373,ALTO,CON ACTIVIDAD 90D,CON ACTIVIDAD 90D,,10+,3–5
DOC_000774,TALCA,DERECHO,ADJUNTO,POR HORAS,SIN_NIVEL,4,2,2,50.0,298,486,0,0,0,0.00022633385217127292,0.9997736661478288,Docente Sintético 000774,2,0,0,4,0,79.18,7.333333333333333,ALTO,SIN ACTIVIDAD 90D,SIN ACTIVIDAD 90D,,0–3,0
DOC_000775,TALCA,DERECHO,ADJUNTO,POR HORAS,SIN_NIVEL,8,6,2,75.0,308,333,0,0,0,0.00026399863559876816,0.9997360013644012,Docente Sintético 000775,2,0,0,8,0,83.9,2.857142857142857,ALTO,SIN ACTIVIDAD 90D,SIN ACTIVIDAD 90D,,4–6,0
DOC_000776,TALCA,DERECHO,ADJUNTO,POR HORAS,SIN_NIVEL,0,0,0,0.0,0,0,0,0,0,0.0003618999272872301,0.9996381000727128,Docente Sintético 000776,2,0,0,0,0,,,ALTO,SIN ACTIVIDAD 90D,SIN ACTIVIDAD 90D,≤50%,0–3,0
DOC_000777,TALCA,DERECHO,ADJUNTO,POR HORAS,AVANZADO,17,17,0,100.0,3,53,7,0,0,0.2515019845710725,0.7484980154289275,Docente Sintético 000777,1,2,4,46,16,83.68,15.2,ALTO,CON ACTIVIDAD 90D,CON ACTIVIDAD 90D,,10+,6+
DOC_000778,TALCA,DERECHO,ADJUNTO,POR HORAS,AVANZADO,20,19,1,95.0,291,432,0,0,0,0.0003392740295052937,0.9996607259704948,Docente Sintético 000778,1,0,0,56,0,80.04,10.145454545454545,ALTO,SIN ACTIVIDAD 90D,SIN ACTIVIDAD 90D,,10+,0
DOC_000779,TALCA,DERECHO,ADJUNTO,POR HORAS,AVANZADO,19,19,0,100.0,20,190,7,0,0,0.118413244387693,0.881586755612307,Docente Sintético 000779,1,2,2,52,8,81.48,16.137254901960784,ALTO,CON ACTIVIDAD 90D,CON ACTIVIDAD 90D,,10+,6+
DOC_000780,TALCA,DERECHO,ADJUNTO,POR HORAS,SIN_NIVEL,5,2,3,40.0,107,333,0,0,0,0.00028533090231876564,0.9997146690976813,Docente Sintético 000780,1,0,5,5,5,78.24,3.0,ALTO,SIN ACTIVIDAD 90D,SIN ACTIVIDAD 90D,,0–3,0
DOC_000781,TALCA,DERECHO,ADJUNTO,POR HORAS,SIN_NIVEL,2,2,0,100.0,114,121,0,0,0,0.0026212851407475,0.9973787148592524,Docente Sintético 000781,1,0,2,2,2,86.8,3.0,ALTO,SIN ACTIVIDAD 90D,SIN ACTIVIDAD 90D,,0–3,0
DOC_000782,TALCA,DERECHO,ADJUNTO,POR HORAS,AVANZADO,21,18,3,85.71,74,257,2,0,0,0.0088395203263044,0.9911604796736956,Docente Sintético 000782,1,1,3,60,12,77.08,10.59322033898305,ALTO,CON ACTIVIDAD 90D,CON ACTIVIDAD 90D,,10+,1–2
DOC_000783,TALCA,DERECHO,ADJUNTO,POR HORAS,AVANZADO,19,18,1,94.74,148,256,0,0,0,0.0020506423555547,0.9979493576444451,Docente Sintético 000783,1,0,2,52,5,80.33,10.784313725490197,ALTO,SIN ACTIVIDAD 90D,SIN ACTIVIDAD 90D,,10+,0
DOC_000784,TALCA,DERECHO,ADJUNTO,POR HORAS,HABILITANTE,13,11,2,84.62,111,436,0,0,0,0.0002459052052315408,0.9997540947947684,Docente Sintético 000784,1,0,2,28,7,81.69,13.555555555555555,ALTO,SIN ACTIVIDAD 90D,SIN ACTIVIDAD 90D,,10+,0
DOC_000785,TALCA,ENFERMERÍA,REGULAR,CONTRATADO,AVANZADO,20,20,0,100.0,2,232,9,1,1,0.7829418712289763,0.2170581287710237,Docente Sintético 000785,5,3,3,56,12,80.28,15.38181818181818,BAJO,CON ACTIVIDAD 90D,CON ACTIVIDAD 90D,,10+,6+
DOC_000786,TALCA,ENFERMERÍA,REGULAR,CONTRATADO,AVANZADO,19,17,2,89.47,47,245,6,0,0,0.0074086500435295,0.9925913499564704,Docente Sintético 000786,5,2,2,52,8,79.92,15.627450980392156,ALTO,CON ACTIVIDAD 90D,CON ACTIVIDAD 90D,,10+,6+
DOC_000787,TALCA,ENFERMERÍA,REGULAR,CONTRATADO,AVANZADO,20,18,2,90.0,110,245,0,0,0,0.0091433860536278,0.990856613946372,Docente Sintético 000787,5,0,2,56,8,78.96,10.654545454545454,ALTO,SIN ACTIVIDAD 90D,SIN ACTIVIDAD 90D,,10+,0
DOC_000788,TALCA,ENFERMERÍA,REGULAR,CONTRATADO,SIN_NIVEL,7,5,2,71.43,436,699,0,0,0,0.00022633385217127292,0.9997736661478288,Docente Sintético 000788,5,0,0,7,0,82.37,6.5,ALTO,SIN ACTIVIDAD 90D,SIN ACTIVIDAD 90D,,4–6,0
DOC_000789,TALCA,ENFERMERÍA,ADJUNTO,POR HORAS,AVANZADO,17,17,0,100.0,58,58,4,0,0,0.0479610820451552,0.9520389179548449,Docente Sintético 000789,2,1,4,44,13,82.44,14.581395348837209,ALTO,CON ACTIVIDAD 90D,CON ACTIVIDAD 90D,,10+,3–5
DOC_000790,TALCA,ENFERMERÍA,ADJUNTO,POR HORAS,HABILITANTE,10,8,2,80.0,580,790,0,0,0,0.00021034983618725692,0.9997896501638128,Docente Sintético 000790,2,0,0,16,0,80.84,17.6,ALTO,SIN ACTIVIDAD 90D,SIN ACTIVIDAD 90D,,7–9,0
DOC_000791,TALCA,ENFERMERÍA,ADJUNTO,POR HORAS,INICIAL,15,14,1,93.33,235,470,0,0,0,0.0013358453448387,0.9986641546551612,Docente Sintético 000791,2,0,0,36,0,82.19,17.6,ALTO,SIN ACTIVIDAD 90D,SIN ACTIVIDAD 90D,,10+,0
DOC_000793,TALCA,ENFERMERÍA,ADJUNTO,POR HORAS,SIN_NIVEL,3,2,1,66.67,438,486,0,0,0,0.00026399863559876816,0.9997360013644012,Docente Sintético 000793,1,0,0,3,0,88.0,15.0,ALTO,SIN ACTIVIDAD 90D,SIN ACTIVIDAD 90D,,0–3,0
DOC_000794,TALCA,ENFERMERÍA,ADJUNTO,POR HORAS,SIN_NIVEL,0,0,0,0.0,333,333,0,0,0,0.0002888088803213583,0.9997111911196788,Docente Sintético 000794,1,0,0,0,0,,,ALTO,SIN ACTIVIDAD 90D,SIN ACTIVIDAD 90D,≤50%,0–3,0
DOC_000795,TALCA,ENFERMERÍA,ADJUNTO,POR HORAS,INICIAL,15,14,1,93.33,516,585,0,0,0,0.0010552617309217,0.9989447382690784,Docente Sintético 000795,1,0,0,36,0,80.16,9.428571428571429,ALTO,SIN ACTIVIDAD 90D,SIN ACTIVIDAD 90D,,10+,0
DOC_000796,TALCA,FORMACIÓN GENERAL,REGULAR,CONTRATADO,HABILITANTE,11,10,1,90.91,537,784,0,0,0,0.00021509395052041235,0.9997849060494796,Docente Sintético 000796,5,0,0,20,0,83.1,16.05263157894737,ALTO,SIN ACTIVIDAD 90D,SIN ACTIVIDAD 90D,,10+,0
DOC_000797,TALCA,FORMACIÓN GENERAL,REGULAR,CONTRATADO,SIN_NIVEL,0,0,0,0.0,0,0,0,0,0,0.0007865574615338054,0.9992134425384662,Docente Sintético 000797,5,0,0,0,0,,,ALTO,SIN ACTIVIDAD 90D,SIN ACTIVIDAD 90D,≤50%,0–3,0
DOC_000798,TALCA,FORMACIÓN GENERAL,REGULAR,CONTRATADO,AVANZADO,18,17,1,94.44,268,335,0,0,0,0.00134386192146,0.99865613807854,Docente Sintético 000798,5,0,0,48,0,80.32,12.340425531914894,ALTO,SIN ACTIVIDAD 90D,SIN ACTIVIDAD 90D,,10+,0
DOC_000799,TALCA,FORMACIÓN GENERAL,REGULAR,CONTRATADO,HABILITANTE,13,10,3,76.92,94,441,0,0,0,0.0016347940941204,0.9983652059058796,Docente Sintético 000799,5,0,2,28,8,81.84,14.407407407407408,ALTO,SIN ACTIVIDAD 90D,SIN ACTIVIDAD 90D,,10+,0
DOC_000800,TALCA,FORMACIÓN GENERAL,REGULAR,CONTRATADO,HABILITANTE,13,12,1,92.31,237,741,0,0,0,0.0006527587339479076,0.999347241266052,Docente Sintético 000800,5,0,0,28,0,83.91,22.703703703703702,ALTO,SIN ACTIVIDAD 90D,SIN ACTIVIDAD 90D,,10+,0
DOC_000801,TALCA,FORMACIÓN GENERAL,REGULAR,CONTRATADO,AVANZADO,19,19,0,100.0,33,134,6,0,0,0.0971674964015493,0.9028325035984508,Docente Sintético 000801,5,2,4,52,13,82.4,15.882352941176473,ALTO,CON ACTIVIDAD 90D,CON ACTIVIDAD 90D,,10+,6+
DOC_000802,TALCA,FORMACIÓN GENERAL,REGULAR,CONTRATADO,INICIAL,16,15,1,93.75,471,583,0,0,0,0.0018149285049646,0.9981850714950352,Docente Sintético 000802,5,0,0,40,0,84.33,9.717948717948715,ALTO,SIN ACTIVIDAD 90D,SIN ACTIVIDAD 90D,,10+,0
DOC_000804,TALCA,FORMACIÓN GENERAL,ADJUNTO,POR HORAS,SIN_NIVEL,5,5,0,100.0,65,121,3,0,0,0.0342409912205416,0.9657590087794584,Docente Sintético 000804,2,3,5,5,5,91.1,11.5,ALTO,CON ACTIVIDAD 90D,CON ACTIVIDAD 90D,,4–6,3–5
DOC_000805,TALCA,FORMACIÓN GENERAL,ADJUNTO,POR HORAS,SIN_NIVEL,5,2,3,40.0,320,486,0,0,0,0.0003176580530845149,0.9996823419469156,Docente Sintético 000805,2,0,0,5,0,78.14,3.0,ALTO,SIN ACTIVIDAD 90D,SIN ACTIVIDAD 90D,,0–3,0
DOC_000806,TALCA,FORMACIÓN GENERAL,ADJUNTO,POR HORAS,SIN_NIVEL,6,3,3,50.0,41,486,4,0,0,0.0004852450425325122,0.9995147549574674,Docente Sintético 000806,2,4,6,6,6,77.75,13.6,ALTO,CON ACTIVIDAD 90D,CON ACTIVIDAD 90D,,0–3,3–5
DOC_000807,TALCA,FORMACIÓN GENERAL,ADJUNTO,POR HORAS,AVANZADO,19,19,0,100.0,1,127,9,1,1,0.6936560028466492,0.3063439971533508,Docente Sintético 000807,2,2,4,55,16,83.54,15.703703703703704,MEDIO,CON ACTIVIDAD 90D,CON ACTIVIDAD 90D,,10+,6+
DOC_000808,TALCA,FORMACIÓN GENERAL,ADJUNTO,POR HORAS,HABILITANTE,13,12,1,92.31,287,645,0,0,0,0.00025275873394790767,0.999747241266052,Docente Sintético 000808,1,0,0,28,0,84.05,14.74074074074074,ALTO,SIN ACTIVIDAD 90D,SIN ACTIVIDAD 90D,,10+,0
DOC_000809,TALCA,FORMACIÓN GENERAL,ADJUNTO,POR HORAS,HABILITANTE,11,10,1,90.91,554,672,0,0,0,0.00025275873394790767,0.999747241266052,Docente Sintético 000809,1,0,0,20,0,84.5,7.631578947368421,ALTO,SIN ACTIVIDAD 90D,SIN ACTIVIDAD 90D,,10+,0
DOC_000810,TALCA,FORMACIÓN GENERAL,ADJUNTO,POR HORAS,SIN_NIVEL,0,0,0,0.0,0,0,0,0,0,0.0007865574615338054,0.9992134425384662,Docente Sintético 000810,1,0,0,0,0,,,ALTO,SIN ACTIVIDAD 90D,SIN ACTIVIDAD 90D,≤50%,0–3,0
DOC_000811,TALCA,FORMACIÓN GENERAL,ADJUNTO,POR HORAS,HABILITANTE,10,9,1,90.0,687,825,0,0,0,0.00025275873394790767,0.999747241266052,Docente Sintético 000811,1,0,0,16,0,86.05,10.866666666666667,ALTO,SIN ACTIVIDAD 90D,SIN ACTIVIDAD 90D,,7–9,0
DOC_000812,TALCA,FORMACIÓN GENERAL,ADJUNTO,POR HORAS,SIN_NIVEL,1,0,1,0.0,114,121,0,0,0,0.0003766551032320076,0.999623344896768,Docente Sintético 000812,1,0,1,1,1,67.5,,ALTO,SIN ACTIVIDAD 90D,SIN ACTIVIDAD 90D,≤50%,0–3,0
DOC_000813,TALCA,FORMACIÓN GENERAL,ADJUNTO,POR HORAS,HABILITANTE,13,12,1,92.31,94,426,0,0,0,0.0069125718718982,0.9930874281281018,Docente Sintético 000813,1,0,3,28,10,82.62,14.037037037037036,ALTO,SIN ACTIVIDAD 90D,SIN ACTIVIDAD 90D,,10+,0
DOC_000814,TALCA,FORMACIÓN GENERAL,ADJUNTO,POR HORAS,AVANZADO,18,18,0,100.0,270,352,0,0,0,0.0099719925937764,0.9900280074062237,Docente Sintético 000814,1,0,0,48,0,82.94,12.319148936170214,ALTO,SIN ACTIVIDAD 90D,SIN ACTIVIDAD 90D,,10+,0
DOC_000815,TALCA,FORMACIÓN GENERAL,ADJUNTO,POR HORAS,SIN_NIVEL,3,1,2,33.33,479,486,0,0,0,0.0003176580530845149,0.9996823419469156,Docente Sintético 000815,1,0,0,3,0,76.63,3.5,ALTO,SIN ACTIVIDAD 90D,SIN ACTIVIDAD 90D,,0–3,0
DOC_000816,TALCA,INGENIERÍA CIVIL INDUSTRIAL,REGULAR,CONTRATADO,SIN_NIVEL,2,2,0,100.0,326,333,0,0,0,0.0006164898050976866,0.9993835101949023,Docente Sintético 000816,5,0,0,2,0,89.75,5.0,ALTO,SIN ACTIVIDAD 90D,SIN ACTIVIDAD 90D,,0–3,0
DOC_000817,TALCA,INGENIERÍA CIVIL INDUSTRIAL,REGULAR,CONTRATADO,INICIAL,16,16,0,100.0,469,581,0,0,0,0.0091410142817964,0.9908589857182036,Docente Sintético 000817,5,0,0,40,0,86.87,9.64102564102564,ALTO,SIN ACTIVIDAD 90D,SIN ACTIVIDAD 90D,,10+,0
DOC_000818,TALCA,INGENIERÍA CIVIL INDUSTRIAL,REGULAR,CONTRATADO,AVANZADO,17,17,0,100.0,55,55,5,0,0,0.0521635073234327,0.9478364926765672,Docente Sintético 000818,5,2,4,44,14,80.64,14.813953488372093,ALTO,CON ACTIVIDAD 90D,CON ACTIVIDAD 90D,,10+,3–5
DOC_000819,TALCA,INGENIERÍA CIVIL INDUSTRIAL,REGULAR,CONTRATADO,HABILITANTE,9,9,0,100.0,362,459,0,0,0,0.0006504498195571412,0.9993495501804428,Docente Sintético 000819,5,0,0,12,0,88.22,10.818181818181818,ALTO,SIN ACTIVIDAD 90D,SIN ACTIVIDAD 90D,,7–9,0
DOC_000820,TALCA,INGENIERÍA CIVIL INDUSTRIAL,REGULAR,CONTRATADO,SIN_NIVEL,0,0,0,0.0,0,0,0,0,0,0.0003618999272872301,0.9996381000727128,Docente Sintético 000820,5,0,0,0,0,,,ALTO,SIN ACTIVIDAD 90D,SIN ACTIVIDAD 90D,≤50%,0–3,0
DOC_000821,TALCA,INGENIERÍA CIVIL INDUSTRIAL,REGULAR,CONTRATADO,HABILITANTE,11,11,0,100.0,360,642,0,0,0,0.0007291692169206065,0.9992708307830794,Docente Sintético 000821,5,0,0,20,0,88.37,17.842105263157894,ALTO,SIN ACTIVIDAD 90D,SIN ACTIVIDAD 90D,,10+,0
DOC_000822,TALCA,INGENIERÍA CIVIL INDUSTRIAL,ADJUNTO,POR HORAS,HABILITANTE,10,8,2,80.0,323,419,0,0,0,0.00012376974960717034,0.9998762302503929,Docente Sintético 000822,2,0,0,16,0,80.7,10.2,ALTO,SIN ACTIVIDAD 90D,SIN ACTIVIDAD 90D,,7–9,0
DOC_000823,TALCA,INGENIERÍA CIVIL INDUSTRIAL,ADJUNTO,POR HORAS,AVANZADO,18,18,0,100.0,1,156,4,1,0,0.3037854530327517,0.6962145469672483,Docente Sintético 000823,2,1,2,48,7,81.38,14.72340425531915,ALTO,CON ACTIVIDAD 90D,CON ACTIVIDAD 90D,,10+,3–5
DOC_000824,TALCA,INGENIERÍA CIVIL INDUSTRIAL,ADJUNTO,POR HORAS,HABILITANTE,12,10,2,83.33,241,456,0,0,0,0.00012376974960717034,0.9998762302503929,Docente Sintético 000824,2,0,0,24,0,81.92,10.391304347826088,ALTO,SIN ACTIVIDAD 90D,SIN ACTIVIDAD 90D,,10+,0
DOC_000825,TALCA,INGENIERÍA CIVIL INDUSTRIAL,ADJUNTO,POR HORAS,INICIAL,16,14,2,87.5,71,417,3,0,0,0.0044374887277278,0.995562511272272,Docente Sintético 000825,2,1,3,40,9,80.59,19.666666666666668,ALTO,CON ACTIVIDAD 90D,CON ACTIVIDAD 90D,,10+,3–5
DOC_000826,TALCA,INGENIERÍA CIVIL INDUSTRIAL,ADJUNTO,POR HORAS,INICIAL,13,13,0,100.0,5,93,3,1,0,0.4916618806577181,0.5083381193422819,Docente Sintético 000826,1,0,3,31,12,83.78,15.933333333333334,MEDIO,CON ACTIVIDAD 90D,CON ACTIVIDAD 90D,,10+,3–5
DOC_000827,TALCA,INGENIERÍA CIVIL INDUSTRIAL,ADJUNTO,POR HORAS,HABILITANTE,10,9,1,90.0,150,276,0,0,0,0.000218802835790699,0.9997811971642092,Docente Sintético 000827,1,0,1,16,4,83.78,11.533333333333331,ALTO,SIN ACTIVIDAD 90D,SIN ACTIVIDAD 90D,,7–9,0
DOC_000828,TALCA,INGENIERÍA CIVIL INDUSTRIAL,ADJUNTO,POR HORAS,SIN_NIVEL,8,5,3,62.5,8,121,6,0,0,0.0248892727158096,0.9751107272841903,Docente Sintético 000828,1,6,8,8,8,83.71,14.714285714285714,ALTO,CON ACTIVIDAD 90D,CON ACTIVIDAD 90D,,4–6,6+
DOC_000829,TALCA,INGENIERÍA CIVIL INDUSTRIAL,ADJUNTO,POR HORAS,SIN_NIVEL,5,3,2,60.0,100,121,0,0,0,0.0004068370238248871,0.9995931629761752,Docente Sintético 000829,1,0,5,5,5,82.66,3.75,ALTO,SIN ACTIVIDAD 90D,SIN ACTIVIDAD 90D,,0–3,0
DOC_000830,TALCA,INGENIERÍA CIVIL INDUSTRIAL,ADJUNTO,POR HORAS,AVANZADO,17,17,0,100.0,59,59,4,0,0,0.0625255626424978,0.937474437357502,Docente Sintético 000830,1,1,4,44,13,85.3,14.83720930232558,ALTO,CON ACTIVIDAD 90D,CON ACTIVIDAD 90D,,10+,3–5
DOC_000831,TALCA,INGENIERÍA CIVIL INDUSTRIAL,ADJUNTO,POR HORAS,HABILITANTE,9,9,0,100.0,726,825,0,0,0,0.0005615609306682524,0.9994384390693316,Docente Sintético 000831,1,0,0,12,0,86.06,11.363636363636363,ALTO,SIN ACTIVIDAD 90D,SIN ACTIVIDAD 90D,,7–9,0
DOC_000832,TALCA,INGENIERÍA CIVIL INDUSTRIAL,ADJUNTO,POR HORAS,AVANZADO,20,20,0,100.0,94,241,0,0,0,0.0514110899249533,0.9485889100750466,Docente Sintético 000832,1,0,3,56,9,79.43,13.563636363636364,ALTO,SIN ACTIVIDAD 90D,SIN ACTIVIDAD 90D,,10+,0
DOC_000833,TALCA,INGENIERÍA CIVIL INFORMÁTICA,REGULAR,CONTRATADO,HABILITANTE,9,9,0,100.0,640,791,0,0,0,0.0010614321558158,0.9989385678441842,Docente Sintético 000833,5,0,0,12,0,89.98,19.181818181818183,ALTO,SIN ACTIVIDAD 90D,SIN ACTIVIDAD 90D,,7–9,0
DOC_000835,TALCA,INGENIERÍA CIVIL INFORMÁTICA,REGULAR,CONTRATADO,SIN_NIVEL,5,5,0,100.0,82,333,2,0,0,0.0184552193219146,0.9815447806780854,Docente Sintético 000835,5,2,5,5,5,90.6,7.5,ALTO,CON ACTIVIDAD 90D,CON ACTIVIDAD 90D,,4–6,1–2
DOC_000836,TALCA,INGENIERÍA CIVIL INFORMÁTICA,REGULAR,CONTRATADO,SIN_NIVEL,3,2,1,66.67,462,486,0,0,0,0.00026399863559876816,0.9997360013644012,Docente Sintético 000836,5,0,0,3,0,84.83,8.0,ALTO,SIN ACTIVIDAD 90D,SIN ACTIVIDAD 90D,,0–3,0
DOC_000837,TALCA,INGENIERÍA CIVIL INFORMÁTICA,REGULAR,CONTRATADO,SIN_NIVEL,6,5,1,83.33,79,333,3,0,0,0.0005229098259600075,0.99947709017404,Docente Sintético 000837,5,3,6,6,6,84.17,6.4,ALTO,CON ACTIVIDAD 90D,CON ACTIVIDAD 90D,,4–6,3–5
DOC_000838,TALCA,INGENIERÍA CIVIL INFORMÁTICA,REGULAR,CONTRATADO,HABILITANTE,11,10,1,90.91,654,823,0,0,0,0.00012376974960717034,0.9998762302503929,Docente Sintético 000838,5,0,0,20,0,81.0,10.105263157894736,ALTO,SIN ACTIVIDAD 90D,SIN ACTIVIDAD 90D,,10+,0
DOC_000839,TALCA,INGENIERÍA CIVIL INFORMÁTICA,ADJUNTO,POR HORAS,HABILITANTE,12,8,4,66.67,284,558,0,0,0,0.00021034983618725692,0.9997896501638128,Docente Sintético 000839,2,0,0,24,0,80.35,17.17391304347826,ALTO,SIN ACTIVIDAD 90D,SIN ACTIVIDAD 90D,,7–9,0
DOC_000840,TALCA,INGENIERÍA CIVIL INFORMÁTICA,ADJUNTO,POR HORAS,SIN_NIVEL,4,1,3,25.0,48,121,2,0,0,0.0005530602131260323,0.999446939786874,Docente Sintético 000840,2,2,4,4,4,77.2,23.33333333333333,ALTO,CON ACTIVIDAD 90D,CON ACTIVIDAD 90D,,0–3,1–2
DOC_000841,TALCA,INGENIERÍA CIVIL INFORMÁTICA,ADJUNTO,POR HORAS,AVANZADO,17,17,0,100.0,4,154,2,0,0,0.2629653532802823,0.7370346467197176,Docente Sintético 000841,2,0,1,46,6,85.25,15.422222222222222,ALTO,CON ACTIVIDAD 90D,CON ACTIVIDAD 90D,,10+,1–2
DOC_000842,TALCA,INGENIERÍA CIVIL INFORMÁTICA,ADJUNTO,POR HORAS,HABILITANTE,9,8,1,88.89,441,638,0,0,0,0.0006480146196147523,0.9993519853803852,Docente Sintético 000842,2,0,0,12,0,85.92,23.09090909090909,ALTO,SIN ACTIVIDAD 90D,SIN ACTIVIDAD 90D,,7–9,0
DOC_000843,TALCA,INGENIERÍA CIVIL INFORMÁTICA,ADJUNTO,POR HORAS,SIN_NIVEL,3,1,2,33.33,96,121,0,0,0,0.0004068370238248871,0.9995931629761752,Docente Sintético 000843,2,0,3,3,3,71.87,9.0,ALTO,SIN ACTIVIDAD 90D,SIN ACTIVIDAD 90D,,0–3,0
DOC_000844,TALCA,INGENIERÍA CIVIL INFORMÁTICA,ADJUNTO,POR HORAS,HABILITANTE,9,9,0,100.0,727,785,0,0,0,0.0005992257140957477,0.9994007742859042,Docente Sintético 000844,2,0,0,12,0,88.99,10.454545454545457,ALTO,SIN ACTIVIDAD 90D,SIN ACTIVIDAD 90D,,7–9,0
DOC_000845,TALCA,INGENIERÍA CIVIL INFORMÁTICA,ADJUNTO,POR HORAS,INICIAL,14,14,0,100.0,87,204,1,0,0,0.0287631964651431,0.9712368035348568,Docente Sintético 000845,1,1,1,32,4,81.25,12.806451612903226,ALTO,CON ACTIVIDAD 90D,CON ACTIVIDAD 90D,,10+,1–2
DOC_000846,TALCA,INGENIERÍA CIVIL INFORMÁTICA,ADJUNTO,POR HORAS,INICIAL,15,14,1,93.33,234,470,0,0,0,0.0019346968624761,0.9980653031375238,Docente Sintético 000846,1,0,0,36,0,82.78,17.514285714285716,ALTO,SIN ACTIVIDAD 90D,SIN ACTIVIDAD 90D,,10+,0
DOC_000847,TALCA,INGENIERÍA CIVIL INFORMÁTICA,ADJUNTO,POR HORAS,AVANZADO,19,18,1,94.74,7,125,7,0,0,0.0605485313596085,0.9394514686403916,Docente Sintético 000847,1,2,4,52,14,79.99,16.50980392156863,ALTO,CON ACTIVIDAD 90D,CON ACTIVIDAD 90D,,10+,6+
DOC_000848,TALCA,INGENIERÍA CIVIL INFORMÁTICA,ADJUNTO,POR HORAS,HABILITANTE,10,10,0,100.0,219,422,0,0,0,0.0008534140869281883,0.9991465859130718,Docente Sintético 000848,1,0,0,16,0,87.84,17.6,ALTO,SIN ACTIVIDAD 90D,SIN ACTIVIDAD 90D,,10+,0
DOC_000849,TALCA,INGENIERÍA CIVIL INFORMÁTICA,ADJUNTO,POR HORAS,SIN_NIVEL,3,1,2,33.33,313,333,0,0,0,0.00022633385217127292,0.9997736661478288,Docente Sintético 000849,1,0,0,3,0,77.4,5.0,ALTO,SIN ACTIVIDAD 90D,SIN ACTIVIDAD 90D,,0–3,0
DOC_000851,TALCA,INGENIERÍA CIVIL QUÍMICA,REGULAR,CONTRATADO,SIN_NIVEL,0,0,0,0.0,0,0,0,0,0,0.0003618999272872301,0.9996381000727128,Docente Sintético 000851,5,0,0,0,0,,,ALTO,SIN ACTIVIDAD 90D,SIN ACTIVIDAD 90D,≤50%,0–3,0
DOC_000852,TALCA,INGENIERÍA CIVIL QUÍMICA,REGULAR,CONTRATADO,SIN_NIVEL,0,0,0,0.0,333,333,0,0,0,0.0002888088803213583,0.9997111911196788,Docente Sintético 000852,5,0,0,0,0,,,ALTO,SIN ACTIVIDAD 90D,SIN ACTIVIDAD 90D,≤50%,0–3,0
DOC_000853,TALCA,INGENIERÍA CIVIL QUÍMICA,REGULAR,CONTRATADO,SIN_NIVEL,0,0,0,0.0,0,0,0,0,0,0.0003618999272872301,0.9996381000727128,Docente Sintético 000853,5,0,0,0,0,,,ALTO,SIN ACTIVIDAD 90D,SIN ACTIVIDAD 90D,≤50%,0–3,0
DOC_000854,TALCA,INGENIERÍA CIVIL QUÍMICA,REGULAR,CONTRATADO,HABILITANTE,8,8,0,100.0,195,195,0,0,0,0.0012020988033753,0.9987979011966246,Docente Sintético 000854,5,0,0,8,0,89.84,19.0,ALTO,SIN ACTIVIDAD 90D,SIN ACTIVIDAD 90D,,7–9,0
DOC_000855,TALCA,INGENIERÍA CIVIL QUÍMICA,REGULAR,CONTRATADO,INICIAL,16,15,1,93.75,0,286,9,0,0,0.1197007403384799,0.8802992596615201,Docente Sintético 000855,5,2,3,41,13,81.17,17.15,ALTO,CON ACTIVIDAD 90D,CON ACTIVIDAD 90D,,10+,6+
DOC_000856,TALCA,INGENIERÍA CIVIL QUÍMICA,ADJUNTO,POR HORAS,SIN_NIVEL,8,6,2,75.0,311,333,0,0,0,0.00026399863559876816,0.9997360013644012,Docente Sintético 000856,2,0,0,8,0,83.6,3.142857142857143,ALTO,SIN ACTIVIDAD 90D,SIN ACTIVIDAD 90D,,4–6,0
DOC_000858,TALCA,INGENIERÍA CIVIL QUÍMICA,ADJUNTO,POR HORAS,HABILITANTE,9,9,0,100.0,258,418,0,0,0,0.0011480122423959,0.998851987757604,Docente Sintético 000858,1,0,0,12,0,89.2,19.90909090909091,ALTO,SIN ACTIVIDAD 90D,SIN ACTIVIDAD 90D,,7–9,0
DOC_000859,TALCA,INGENIERÍA CIVIL QUÍMICA,ADJUNTO,POR HORAS,HABILITANTE,12,10,2,83.33,141,424,0,0,0,0.00018276679975466297,0.9998172332002452,Docente Sintético 000859,1,0,1,24,4,80.04,14.608695652173912,ALTO,SIN ACTIVIDAD 90D,SIN ACTIVIDAD 90D,,10+,0
DOC_000860,TALCA,INGENIERÍA CIVIL QUÍMICA,ADJUNTO,POR HORAS,HABILITANTE,8,8,0,100.0,194,194,0,0,0,0.0013775677788443,0.9986224322211557,Docente Sintético 000860,1,0,0,8,0,92.02,18.285714285714285,ALTO,SIN ACTIVIDAD 90D,SIN ACTIVIDAD 90D,,7–9,0
DOC_000861,TALCA,INGENIERÍA CIVIL QUÍMICA,ADJUNTO,POR HORAS,SIN_NIVEL,0,0,0,0.0,0,0,0,0,0,0.0003618999272872301,0.9996381000727128,Docente Sintético 000861,1,0,0,0,0,,,ALTO,SIN ACTIVIDAD 90D,SIN ACTIVIDAD 90D,≤50%,0–3,0
DOC_000862,TALCA,INGENIERÍA CIVIL QUÍMICA,ADJUNTO,POR HORAS,SIN_NIVEL,0,0,0,0.0,121,121,0,0,0,0.0002888088803213583,0.9997111911196788,Docente Sintético 000862,1,0,0,0,0,,,ALTO,SIN ACTIVIDAD 90D,SIN ACTIVIDAD 90D,≤50%,0–3,0
DOC_000863,TALCA,INGENIERÍA CIVIL QUÍMICA,ADJUNTO,POR HORAS,AVANZADO,19,19,0,100.0,331,429,0,0,0,0.0034096469463066,0.9965903530536934,Docente Sintético 000863,1,0,0,52,0,84.36,10.07843137254902,ALTO,SIN ACTIVIDAD 90D,SIN ACTIVIDAD 90D,,10+,0
DOC_000864,TALCA,INGENIERÍA CIVIL QUÍMICA,ADJUNTO,POR HORAS,HABILITANTE,9,9,0,100.0,273,303,0,0,0,0.000666179624527919,0.999333820375472,Docente Sintético 000864,1,0,0,12,0,89.13,5.181818181818182,ALTO,SIN ACTIVIDAD 90D,SIN ACTIVIDAD 90D,,7–9,0
DOC_000865,TALCA,INGENIERÍA CIVIL QUÍMICA,ADJUNTO,POR HORAS,SIN_NIVEL,7,4,3,57.14,3,333,5,0,0,0.0313509918438087,0.9686490081561911,Docente Sintético 000865,1,5,7,7,7,78.67,17.833333333333332,ALTO,CON ACTIVIDAD 90D,CON ACTIVIDAD 90D,,4–6,3–5
DOC_000866,TALCA,INGENIERÍA CIVIL QUÍMICA,ADJUNTO,POR HORAS,HABILITANTE,11,10,1,90.91,49,229,4,0,0,0.0026169171206151,0.9973830828793848,Docente Sintético 000866,1,1,3,20,11,81.01,14.263157894736842,ALTO,CON ACTIVIDAD 90D,CON ACTIVIDAD 90D,,10+,3–5
DOC_000867,TALCA,INGENIERÍA COMERCIAL,REGULAR,CONTRATADO,SIN_NIVEL,0,0,0,0.0,333,333,0,0,0,0.0002888088803213583,0.9997111911196788,Docente Sintético 000867,5,0,0,0,0,,,ALTO,SIN ACTIVIDAD 90D,SIN ACTIVIDAD 90D,≤50%,0–3,0
DOC_000868,TALCA,INGENIERÍA COMERCIAL,REGULAR,CONTRATADO,SIN_NIVEL,0,0,0,0.0,333,333,0,0,0,0.0002888088803213583,0.9997111911196788,Docente Sintético 000868,5,0,0,0,0,,,ALTO,SIN ACTIVIDAD 90D,SIN ACTIVIDAD 90D,≤50%,0–3,0
DOC_000869,TALCA,INGENIERÍA COMERCIAL,REGULAR,CONTRATADO,INICIAL,16,15,1,93.75,289,566,0,0,0,0.001134036359794,0.998865963640206,Docente Sintético 000869,5,0,0,40,0,82.05,14.35897435897436,ALTO,SIN ACTIVIDAD 90D,SIN ACTIVIDAD 90D,,10+,0
DOC_000870,TALCA,INGENIERÍA COMERCIAL,REGULAR,CONTRATADO,INICIAL,13,13,0,100.0,6,184,3,0,0,0.2201139893697447,0.7798860106302553,Docente Sintético 000870,5,0,0,31,3,82.38,15.766666666666667,ALTO,CON ACTIVIDAD 90D,CON ACTIVIDAD 90D,,10+,3–5
DOC_000871,TALCA,INGENIERÍA COMERCIAL,REGULAR,CONTRATADO,HABILITANTE,12,11,1,91.67,119,557,0,0,0,0.0033055001166424,0.9966944998833576,Docente Sintético 000871,5,0,2,24,6,86.28,24.39130434782609,ALTO,SIN ACTIVIDAD 90D,SIN ACTIVIDAD 90D,,10+,0
DOC_000872,TALCA,INGENIERÍA COMERCIAL,REGULAR,CONTRATADO,AVANZADO,20,20,0,100.0,5,143,11,1,1,0.8721433273564074,0.1278566726435925,Docente Sintético 000872,5,3,5,57,18,83.3,12.303571428571429,BAJO,CON ACTIVIDAD 90D,CON ACTIVIDAD 90D,,10+,6+
DOC_000873,TALCA,INGENIERÍA COMERCIAL,ADJUNTO,POR HORAS,HABILITANTE,10,10,0,100.0,698,827,0,0,0,0.0005992257140957477,0.9994007742859042,Docente Sintético 000873,2,0,0,16,0,90.39,10.0,ALTO,SIN ACTIVIDAD 90D,SIN ACTIVIDAD 90D,,10+,0
DOC_000874,TALCA,INGENIERÍA COMERCIAL,ADJUNTO,POR HORAS,INICIAL,15,13,2,86.67,517,579,0,0,0,0.0016541132485591,0.9983458867514408,Docente Sintético 000874,1,0,0,36,0,82.95,9.371428571428572,ALTO,SIN ACTIVIDAD 90D,SIN ACTIVIDAD 90D,,10+,0
DOC_000875,TALCA,INGENIERÍA COMERCIAL,ADJUNTO,POR HORAS,HABILITANTE,9,9,0,100.0,365,456,0,0,0,0.0006881146029846365,0.9993118853970152,Docente Sintético 000875,1,0,0,12,0,86.42,10.363636363636363,ALTO,SIN ACTIVIDAD 90D,SIN ACTIVIDAD 90D,,7–9,0
DOC_000876,TALCA,INGENIERÍA COMERCIAL,ADJUNTO,POR HORAS,HABILITANTE,10,10,0,100.0,580,801,0,0,0,0.0008534140869281883,0.9991465859130718,Docente Sintético 000876,1,0,0,16,0,86.98,17.8,ALTO,SIN ACTIVIDAD 90D,SIN ACTIVIDAD 90D,,10+,0
DOC_000877,TALCA,INGENIERÍA COMERCIAL,ADJUNTO,POR HORAS,HABILITANTE,11,11,0,100.0,652,824,0,0,0,0.0008075590474290811,0.9991924409525708,Docente Sintético 000877,1,0,0,20,0,84.4,10.31578947368421,ALTO,SIN ACTIVIDAD 90D,SIN ACTIVIDAD 90D,,10+,0
DOC_000878,TALCA,INGENIERÍA COMERCIAL,ADJUNTO,POR HORAS,SIN_NIVEL,0,0,0,0.0,486,486,0,0,0,0.0002888088803213583,0.9997111911196788,Docente Sintético 000878,1,0,0,0,0,,,ALTO,SIN ACTIVIDAD 90D,SIN ACTIVIDAD 90D,≤50%,0–3,0
DOC_000879,TALCA,INGENIERÍA COMERCIAL,ADJUNTO,POR HORAS,HABILITANTE,13,11,2,84.62,488,682,0,0,0,0.00012376974960717034,0.9998762302503929,Docente Sintético 000879,1,0,0,28,0,82.14,7.777777777777778,ALTO,SIN ACTIVIDAD 90D,SIN ACTIVIDAD 90D,,10+,0
DOC_000880,TALCA,INGENIERÍA COMERCIAL,ADJUNTO,POR HORAS,AVANZADO,19,19,0,100.0,135,242,0,0,0,0.0442432335500597,0.9557567664499402,Docente Sintético 000880,1,0,2,52,6,81.71,13.96078431372549,ALTO,SIN ACTIVIDAD 90D,SIN ACTIVIDAD 90D,,10+,0
DOC_000881,TALCA,INGENIERÍA COMERCIAL,ADJUNTO,POR HORAS,INICIAL,15,13,2,86.67,306,566,0,0,0,0.0015306564584357,0.9984693435415642,Docente Sintético 000881,1,0,0,36,0,82.65,15.228571428571428,ALTO,SIN ACTIVIDAD 90D,SIN ACTIVIDAD 90D,,10+,0
DOC_000882,TALCA,INGENIERÍA COMERCIAL,ADJUNTO,POR HORAS,SIN_NIVEL,4,1,3,25.0,313,333,0,0,0,0.00022633385217127292,0.9997736661478288,Docente Sintético 000882,1,0,0,4,0,70.28,4.333333333333333,ALTO,SIN ACTIVIDAD 90D,SIN ACTIVIDAD 90D,,0–3,0
DOC_000883,TALCA,INGENIERÍA COMERCIAL,ADJUNTO,POR HORAS,AVANZADO,18,17,1,94.44,172,232,0,0,0,0.0037866835887544,0.9962133164112456,Docente Sintético 000883,1,0,1,48,2,82.7,14.25531914893617,ALTO,SIN ACTIVIDAD 90D,SIN ACTIVIDAD 90D,,10+,0
DOC_000884,TALCA,KINESIOLOGÍA,REGULAR,CONTRATADO,AVANZADO,18,18,0,100.0,0,128,4,1,0,0.4632669463602402,0.5367330536397599,Docente Sintético 000884,5,1,3,48,9,82.74,17.872340425531913,MEDIO,CON ACTIVIDAD 90D,CON ACTIVIDAD 90D,,10+,3–5
DOC_000885,TALCA,KINESIOLOGÍA,REGULAR,CONTRATADO,SIN_NIVEL,2,1,1,50.0,102,333,0,0,0,0.00028533090231876564,0.9997146690976813,Docente Sintético 000885,5,0,2,2,2,79.5,10.0,ALTO,SIN ACTIVIDAD 90D,SIN ACTIVIDAD 90D,,0–3,0
DOC_000886,TALCA,KINESIOLOGÍA,REGULAR,CONTRATADO,SIN_NIVEL,6,6,0,100.0,219,486,0,0,0,0.000663220933626899,0.9993367790663732,Docente Sintético 000886,5,0,0,6,0,90.4,21.4,ALTO,SIN ACTIVIDAD 90D,SIN ACTIVIDAD 90D,,4–6,0
DOC_000887,TALCA,KINESIOLOGÍA,REGULAR,CONTRATADO,HABILITANTE,9,9,0,100.0,537,639,0,0,0,0.0006557228892369905,0.999344277110763,Docente Sintético 000887,5,0,0,12,0,87.33,14.181818181818182,ALTO,SIN ACTIVIDAD 90D,SIN ACTIVIDAD 90D,,7–9,0
DOC_000888,TALCA,KINESIOLOGÍA,REGULAR,CONTRATADO,HABILITANTE,13,10,3,76.92,253,567,0,0,0,0.00012376974960717034,0.9998762302503929,Docente Sintético 000888,5,0,0,28,0,78.15,16.14814814814815,ALTO,SIN ACTIVIDAD 90D,SIN ACTIVIDAD 90D,,10+,0
DOC_000889,TALCA,KINESIOLOGÍA,ADJUNTO,POR HORAS,INICIAL,15,13,2,86.67,3,321,9,0,0,0.1366289359814452,0.8633710640185548,Docente Sintético 000889,2,2,2,39,11,81.95,18.289473684210527,ALTO,CON ACTIVIDAD 90D,CON ACTIVIDAD 90D,,10+,6+
DOC_000890,TALCA,KINESIOLOGÍA,ADJUNTO,POR HORAS,AVANZADO,21,19,2,90.48,66,234,3,0,0,0.0023943406553183,0.9976056593446816,Docente Sintético 000890,2,1,3,60,12,78.53,13.203389830508474,ALTO,CON ACTIVIDAD 90D,CON ACTIVIDAD 90D,,10+,3–5
DOC_000891,TALCA,KINESIOLOGÍA,ADJUNTO,POR HORAS,HABILITANTE,12,11,1,91.67,407,634,0,0,0,0.00016143453303466563,0.9998385654669654,Docente Sintético 000891,2,0,0,24,0,84.96,12.304347826086955,ALTO,SIN ACTIVIDAD 90D,SIN ACTIVIDAD 90D,,10+,0
DOC_000892,TALCA,KINESIOLOGÍA,ADJUNTO,POR HORAS,SIN_NIVEL,2,1,1,50.0,663,699,0,0,0,0.006979580605418,0.993020419394582,Docente Sintético 000892,1,0,0,2,0,83.2,22.0,ALTO,SIN ACTIVIDAD 90D,SIN ACTIVIDAD 90D,,0–3,0
DOC_000893,TALCA,KINESIOLOGÍA,ADJUNTO,POR HORAS,INICIAL,17,16,1,94.12,352,487,0,0,0,0.0019994670246827,0.9980005329753172,Docente Sintético 000893,1,0,0,44,0,80.56,8.069767441860465,ALTO,SIN ACTIVIDAD 90D,SIN ACTIVIDAD 90D,,10+,0
DOC_000894,TALCA,KINESIOLOGÍA,ADJUNTO,POR HORAS,SIN_NIVEL,0,0,0,0.0,0,0,0,0,0,0.0003618999272872301,0.9996381000727128,Docente Sintético 000894,1,0,0,0,0,,,ALTO,SIN ACTIVIDAD 90D,SIN ACTIVIDAD 90D,≤50%,0–3,0
DOC_000895,TALCA,KINESIOLOGÍA,ADJUNTO,POR HORAS,SIN_NIVEL,5,5,0,100.0,82,486,2,0,0,0.0196243014475184,0.9803756985524816,Docente Sintético 000895,1,2,5,5,5,85.8,7.5,ALTO,CON ACTIVIDAD 90D,CON ACTIVIDAD 90D,,4–6,1–2
DOC_000896,TALCA,KINESIOLOGÍA,ADJUNTO,POR HORAS,INICIAL,14,14,0,100.0,168,369,0,0,0,0.0140444270030397,0.9859555729969602,Docente Sintético 000896,1,0,1,32,2,83.37,16.677419354838708,ALTO,SIN ACTIVIDAD 90D,SIN ACTIVIDAD 90D,,10+,0
DOC_000897,TALCA,KINESIOLOGÍA,ADJUNTO,POR HORAS,AVANZADO,19,19,0,100.0,3,141,10,0,1,0.520591399907618,0.4794086000923819,Docente Sintético 000897,1,2,4,55,16,83.23,15.555555555555555,MEDIO,CON ACTIVIDAD 90D,CON ACTIVIDAD 90D,,10+,6+
DOC_000898,TALCA,MEDICINA,REGULAR,CONTRATADO,AVANZADO,17,17,0,100.0,4,219,2,0,0,0.3296789428697805,0.6703210571302195,Docente Sintético 000898,5,0,0,46,2,82.32,18.377777777777776,ALTO,CON ACTIVIDAD 90D,CON ACTIVIDAD 90D,,10+,1–2
DOC_000899,TALCA,MEDICINA,REGULAR,CONTRATADO,INICIAL,14,14,0,100.0,80,199,2,0,0,0.0393351549069818,0.9606648450930182,Docente Sintético 000899,5,1,1,32,4,84.36,12.870967741935484,ALTO,CON ACTIVIDAD 90D,CON ACTIVIDAD 90D,,10+,1–2
DOC_000900,TALCA,MEDICINA,REGULAR,CONTRATADO,INICIAL,16,15,1,93.75,472,578,0,0,0,0.0010870880029865,0.9989129119970136,Docente Sintético 000900,5,0,0,40,0,80.8,9.692307692307692,ALTO,SIN ACTIVIDAD 90D,SIN ACTIVIDAD 90D,,10+,0
DOC_000901,TALCA,MEDICINA,REGULAR,CONTRATADO,HABILITANTE,12,11,1,91.67,610,824,0,0,0,0.00012376974960717034,0.9998762302503929,Docente Sintético 000901,5,0,0,24,0,82.66,10.478260869565217,ALTO,SIN ACTIVIDAD 90D,SIN ACTIVIDAD 90D,,10+,0
DOC_000902,TALCA,MEDICINA,REGULAR,CONTRATADO,HABILITANTE,9,9,0,100.0,367,422,0,0,0,0.0005992257140957477,0.9994007742859042,Docente Sintético 000902,5,0,0,12,0,87.68,10.272727272727272,ALTO,SIN ACTIVIDAD 90D,SIN ACTIVIDAD 90D,,7–9,0
DOC_000903,TALCA,MEDICINA,ADJUNTO,POR HORAS,AVANZADO,19,19,0,100.0,44,140,6,0,0,0.1061422562594538,0.8938577437405462,Docente Sintético 000903,2,2,4,52,13,78.82,12.803921568627452,ALTO,CON ACTIVIDAD 90D,CON ACTIVIDAD 90D,,10+,6+
DOC_000904,TALCA,MEDICINA,ADJUNTO,POR HORAS,SIN_NIVEL,0,0,0,0.0,121,121,0,0,0,0.0002888088803213583,0.9997111911196788,Docente Sintético 000904,2,0,0,0,0,,,ALTO,SIN ACTIVIDAD 90D,SIN ACTIVIDAD 90D,≤50%,0–3,0
DOC_000906,TALCA,MEDICINA,ADJUNTO,POR HORAS,SIN_NIVEL,4,4,0,100.0,62,699,2,0,0,0.0268148931915369,0.9731851068084632,Docente Sintético 000906,2,2,4,4,4,87.58,13.666666666666666,ALTO,CON ACTIVIDAD 90D,CON ACTIVIDAD 90D,,4–6,1–2
DOC_000907,TALCA,MEDICINA,ADJUNTO,POR HORAS,AVANZADO,17,17,0,100.0,8,43,6,1,0,0.4248797546913064,0.5751202453086937,Docente Sintético 000907,2,2,3,45,13,79.76,18.818181818181817,MEDIO,CON ACTIVIDAD 90D,CON ACTIVIDAD 90D,,10+,6+
DOC_000908,TALCA,MEDICINA,ADJUNTO,POR HORAS,AVANZADO,21,20,1,95.24,58,335,4,0,0,0.0121920423891801,0.98780795761082,Docente Sintético 000908,1,1,4,60,14,79.36,13.35593220338983,ALTO,CON ACTIVIDAD 90D,CON ACTIVIDAD 90D,,10+,3–5
DOC_000909,TALCA,MEDICINA,ADJUNTO,POR HORAS,HABILITANTE,11,10,1,90.91,553,675,0,0,0,0.00016143453303466563,0.9998385654669654,Docente Sintético 000909,1,0,0,20,0,86.33,7.421052631578948,ALTO,SIN ACTIVIDAD 90D,SIN ACTIVIDAD 90D,,10+,0
DOC_000910,TALCA,MEDICINA,ADJUNTO,POR HORAS,AVANZADO,18,17,1,94.44,362,446,0,0,0,0.0005060008863729957,0.999493999113627,Docente Sintético 000910,1,0,0,48,0,81.43,10.319148936170214,ALTO,SIN ACTIVIDAD 90D,SIN ACTIVIDAD 90D,,10+,0
DOC_000911,TALCA,MEDICINA,ADJUNTO,POR HORAS,SIN_NIVEL,3,2,1,66.67,480,486,0,0,0,0.00026399863559876816,0.9997360013644012,Docente Sintético 000911,1,0,0,3,0,83.87,3.0,ALTO,SIN ACTIVIDAD 90D,SIN ACTIVIDAD 90D,,0–3,0
DOC_000912,TALCA,OBSTETRICIA Y PUERICULTURA,REGULAR,CONTRATADO,AVANZADO,19,19,0,100.0,5,248,9,1,1,0.7543303651622288,0.2456696348377711,Docente Sintético 000912,5,2,2,55,11,82.45,15.555555555555555,BAJO,CON ACTIVIDAD 90D,CON ACTIVIDAD 90D,,10+,6+
DOC_000913,TALCA,OBSTETRICIA Y PUERICULTURA,REGULAR,CONTRATADO,INICIAL,16,16,0,100.0,477,579,0,0,0,0.016100843999931,0.9838991560000688,Docente Sintético 000913,5,0,0,40,0,81.12,9.435897435897436,ALTO,SIN ACTIVIDAD 90D,SIN ACTIVIDAD 90D,,10+,0
DOC_000914,TALCA,OBSTETRICIA Y PUERICULTURA,REGULAR,CONTRATADO,SIN_NIVEL,0,0,0,0.0,0,0,0,0,0,0.0003618999272872301,0.9996381000727128,Docente Sintético 000914,5,0,0,0,0,,,ALTO,SIN ACTIVIDAD 90D,SIN ACTIVIDAD 90D,≤50%,0–3,0
DOC_000916,TALCA,OBSTETRICIA Y PUERICULTURA,ADJUNTO,POR HORAS,INICIAL,13,13,0,100.0,99,99,0,0,0,0.0439260726251735,0.9560739273748264,Docente Sintético 000916,2,0,2,28,8,85.43,14.25925925925926,ALTO,SIN ACTIVIDAD 90D,SIN ACTIVIDAD 90D,,10+,0
DOC_000917,TALCA,OBSTETRICIA Y PUERICULTURA,ADJUNTO,POR HORAS,AVANZADO,18,18,0,100.0,164,238,0,0,0,0.0274184257340909,0.9725815742659092,Docente Sintético 000917,2,0,1,48,2,82.3,14.382978723404255,ALTO,SIN ACTIVIDAD 90D,SIN ACTIVIDAD 90D,,10+,0
DOC_000918,TALCA,OBSTETRICIA Y PUERICULTURA,ADJUNTO,POR HORAS,SIN_NIVEL,5,4,1,80.0,400,486,0,0,0,0.0003505787221788548,0.9996494212778212,Docente Sintético 000918,2,0,0,5,0,83.62,17.0,ALTO,SIN ACTIVIDAD 90D,SIN ACTIVIDAD 90D,,4–6,0
DOC_000919,TALCA,OBSTETRICIA Y PUERICULTURA,ADJUNTO,POR HORAS,INICIAL,15,15,0,100.0,8,278,9,1,1,0.728155349174242,0.271844650825758,Docente Sintético 000919,2,2,2,39,11,87.38,17.973684210526315,BAJO,CON ACTIVIDAD 90D,CON ACTIVIDAD 90D,,10+,6+
DOC_000920,TALCA,OBSTETRICIA Y PUERICULTURA,ADJUNTO,POR HORAS,HABILITANTE,12,10,2,83.33,426,668,0,0,0,0.00012376974960717034,0.9998762302503929,Docente Sintético 000920,2,0,0,24,0,81.48,11.565217391304348,ALTO,SIN ACTIVIDAD 90D,SIN ACTIVIDAD 90D,,10+,0
DOC_000921,TALCA,OBSTETRICIA Y PUERICULTURA,ADJUNTO,POR HORAS,SIN_NIVEL,3,3,0,100.0,107,121,0,0,0,0.0026835904366976,0.9973164095633024,Docente Sintético 000921,2,0,3,3,3,89.8,4.0,ALTO,SIN ACTIVIDAD 90D,SIN ACTIVIDAD 90D,,0–3,0
DOC_000922,TALCA,OBSTETRICIA Y PUERICULTURA,ADJUNTO,POR HORAS,INICIAL,16,16,0,100.0,12,187,8,0,1,0.5385240703626831,0.4614759296373169,Docente Sintético 000922,1,2,3,40,12,82.21,11.82051282051282,MEDIO,CON ACTIVIDAD 90D,CON ACTIVIDAD 90D,,10+,6+
DOC_000923,TALCA,PEDAGOGÍA EN EDUCACIÓN BÁSICA MENCIÓN EN EDUCACIÓN MATEMÁTICA,REGULAR,CONTRATADO,AVANZADO,17,17,0,100.0,149,149,0,0,0,0.0485835293808545,0.9514164706191456,Docente Sintético 000923,5,0,1,44,4,80.12,16.232558139534884,ALTO,SIN ACTIVIDAD 90D,SIN ACTIVIDAD 90D,,10+,0
DOC_000924,TALCA,PEDAGOGÍA EN EDUCACIÓN BÁSICA MENCIÓN EN EDUCACIÓN MATEMÁTICA,REGULAR,CONTRATADO,HABILITANTE,11,10,1,90.91,285,426,0,0,0,0.00016143453303466563,0.9998385654669654,Docente Sintético 000924,5,0,0,20,0,86.43,10.157894736842104,ALTO,SIN ACTIVIDAD 90D,SIN ACTIVIDAD 90D,,10+,0
DOC_000925,TALCA,PEDAGOGÍA EN EDUCACIÓN BÁSICA MENCIÓN EN EDUCACIÓN MATEMÁTICA,REGULAR,CONTRATADO,HABILITANTE,11,11,0,100.0,441,647,0,0,0,0.0006557228892369905,0.999344277110763,Docente Sintético 000925,5,0,0,20,0,87.27,13.473684210526317,ALTO,SIN ACTIVIDAD 90D,SIN ACTIVIDAD 90D,,10+,0
DOC_000926,TALCA,PEDAGOGÍA EN EDUCACIÓN BÁSICA MENCIÓN EN EDUCACIÓN MATEMÁTICA,REGULAR,CONTRATADO,SIN_NIVEL,0,0,0,0.0,0,0,0,0,0,0.0003618999272872301,0.9996381000727128,Docente Sintético 000926,5,0,0,0,0,,,ALTO,SIN ACTIVIDAD 90D,SIN ACTIVIDAD 90D,≤50%,0–3,0
DOC_000927,TALCA,PEDAGOGÍA EN EDUCACIÓN BÁSICA MENCIÓN EN EDUCACIÓN MATEMÁTICA,REGULAR,CONTRATADO,INICIAL,13,13,0,100.0,2,191,2,0,0,0.1297142095070554,0.8702857904929445,Docente Sintético 000927,5,0,0,30,2,88.22,16.551724137931036,ALTO,CON ACTIVIDAD 90D,CON ACTIVIDAD 90D,,10+,1–2
DOC_000928,TALCA,PEDAGOGÍA EN EDUCACIÓN BÁSICA MENCIÓN EN EDUCACIÓN MATEMÁTICA,REGULAR,CONTRATADO,HABILITANTE,12,11,1,91.67,289,714,0,0,0,0.00012376974960717034,0.9998762302503929,Docente Sintético 000928,5,0,0,24,0,82.37,23.782608695652176,ALTO,SIN ACTIVIDAD 90D,SIN ACTIVIDAD 90D,,10+,0
DOC_000929,TALCA,PEDAGOGÍA EN EDUCACIÓN BÁSICA MENCIÓN EN EDUCACIÓN MATEMÁTICA,REGULAR,CONTRATADO,HABILITANTE,10,9,1,90.0,579,782,0,0,0,0.00016143453303466563,0.9998385654669654,Docente Sintético 000929,5,0,0,16,0,87.02,17.266666666666666,ALTO,SIN ACTIVIDAD 90D,SIN ACTIVIDAD 90D,,7–9,0
DOC_000930,TALCA,PEDAGOGÍA EN EDUCACIÓN BÁSICA MENCIÓN EN EDUCACIÓN MATEMÁTICA,ADJUNTO,POR HORAS,INICIAL,14,14,0,100.0,358,562,0,0,0,0.0062067210285908,0.9937932789714092,Docente Sintético 000930,3,0,0,32,0,85.21,15.64516129032258,ALTO,SIN ACTIVIDAD 90D,SIN ACTIVIDAD 90D,,10+,0
DOC_000931,TALCA,PEDAGOGÍA EN EDUCACIÓN BÁSICA MENCIÓN EN EDUCACIÓN MATEMÁTICA,ADJUNTO,POR HORAS,AVANZADO,20,19,1,95.0,211,338,0,0,0,0.0005529492431805074,0.9994470507568196,Docente Sintético 000931,2,0,0,56,0,80.49,11.581818181818182,ALTO,SIN ACTIVIDAD 90D,SIN ACTIVIDAD 90D,,10+,0
DOC_000932,TALCA,PEDAGOGÍA EN EDUCACIÓN BÁSICA MENCIÓN EN EDUCACIÓN MATEMÁTICA,ADJUNTO,POR HORAS,SIN_NIVEL,6,4,2,66.67,464,699,0,0,0,0.00022633385217127292,0.9997736661478288,Docente Sintético 000932,2,0,0,6,0,82.03,3.8,ALTO,SIN ACTIVIDAD 90D,SIN ACTIVIDAD 90D,,4–6,0
DOC_000933,TALCA,PEDAGOGÍA EN EDUCACIÓN BÁSICA MENCIÓN EN EDUCACIÓN MATEMÁTICA,ADJUNTO,POR HORAS,AVANZADO,20,19,1,95.0,288,437,0,0,0,0.0005529492431805074,0.9994470507568196,Docente Sintético 000933,2,0,0,56,0,81.84,10.2,ALTO,SIN ACTIVIDAD 90D,SIN ACTIVIDAD 90D,,10+,0
DOC_000934,TALCA,PEDAGOGÍA EN EDUCACIÓN BÁSICA MENCIÓN EN EDUCACIÓN MATEMÁTICA,ADJUNTO,POR HORAS,SIN_NIVEL,4,3,1,75.0,462,699,0,0,0,0.00026399863559876816,0.9997360013644012,Docente Sintético 000934,2,0,0,4,0,84.75,8.0,ALTO,SIN ACTIVIDAD 90D,SIN ACTIVIDAD 90D,,0–3,0
DOC_000935,TALCA,PEDAGOGÍA EN EDUCACIÓN BÁSICA MENCIÓN EN EDUCACIÓN MATEMÁTICA,ADJUNTO,POR HORAS,AVANZADO,21,20,1,95.24,58,226,4,0,0,0.0055709788319565,0.9944290211680435,Docente Sintético 000935,2,1,4,60,13,79.6,13.23728813559322,ALTO,CON ACTIVIDAD 90D,CON ACTIVIDAD 90D,,10+,3–5
DOC_000936,TALCA,PEDAGOGÍA EN EDUCACIÓN BÁSICA MENCIÓN EN EDUCACIÓN MATEMÁTICA,ADJUNTO,POR HORAS,SIN_NIVEL,0,0,0,0.0,0,0,0,0,0,0.0003618999272872301,0.9996381000727128,Docente Sintético 000936,2,0,0,0,0,,,ALTO,SIN ACTIVIDAD 90D,SIN ACTIVIDAD 90D,≤50%,0–3,0
DOC_000938,TALCA,PEDAGOGÍA EN EDUCACIÓN BÁSICA MENCIÓN EN EDUCACIÓN MATEMÁTICA,ADJUNTO,POR HORAS,AVANZADO,21,20,1,95.24,61,235,4,0,0,0.0055709788319565,0.9944290211680435,Docente Sintético 000938,2,1,4,60,13,80.56,13.271186440677964,ALTO,CON ACTIVIDAD 90D,CON ACTIVIDAD 90D,,10+,3–5
DOC_000939,TALCA,PEDAGOGÍA EN EDUCACIÓN BÁSICA MENCIÓN EN EDUCACIÓN MATEMÁTICA,ADJUNTO,POR HORAS,HABILITANTE,10,9,1,90.0,409,633,0,0,0,0.00021034983618725692,0.9997896501638128,Docente Sintético 000939,2,0,0,16,0,82.39,18.53333333333333,ALTO,SIN ACTIVIDAD 90D,SIN ACTIVIDAD 90D,,7–9,0
DOC_000940,TALCA,PEDAGOGÍA EN EDUCACIÓN BÁSICA MENCIÓN EN EDUCACIÓN MATEMÁTICA,ADJUNTO,POR HORAS,HABILITANTE,10,8,2,80.0,316,432,0,0,0,0.00016143453303466563,0.9998385654669654,Docente Sintético 000940,2,0,0,16,0,83.82,11.266666666666667,ALTO,SIN ACTIVIDAD 90D,SIN ACTIVIDAD 90D,,7–9,0
DOC_000941,TALCA,PEDAGOGÍA EN EDUCACIÓN BÁSICA MENCIÓN EN EDUCACIÓN MATEMÁTICA,ADJUNTO,POR HORAS,SIN_NIVEL,1,1,0,100.0,689,699,0,0,0,0.0007106517636664247,0.9992893482363336,Docente Sintético 000941,2,0,0,1,0,94.5,,ALTO,SIN ACTIVIDAD 90D,SIN ACTIVIDAD 90D,,0–3,0
DOC_000942,TALCA,PEDAGOGÍA EN EDUCACIÓN BÁSICA MENCIÓN EN EDUCACIÓN MATEMÁTICA,ADJUNTO,POR HORAS,HABILITANTE,9,9,0,100.0,443,712,0,0,0,0.0011480122423959,0.998851987757604,Docente Sintético 000942,2,0,0,12,0,85.84,35.27272727272727,ALTO,SIN ACTIVIDAD 90D,SIN ACTIVIDAD 90D,,7–9,0
DOC_000943,TALCA,PEDAGOGÍA EN EDUCACIÓN FÍSICA,REGULAR,CONTRATADO,SIN_NIVEL,7,3,4,42.86,96,121,0,0,0,0.0017473024556391,0.9982526975443607,Docente Sintético 000943,5,0,7,7,7,79.87,3.5,ALTO,SIN ACTIVIDAD 90D,SIN ACTIVIDAD 90D,,0–3,0
DOC_000945,TALCA,PEDAGOGÍA EN EDUCACIÓN FÍSICA,REGULAR,CONTRATADO,AVANZADO,17,17,0,100.0,8,149,2,1,0,0.419021030151344,0.5809789698486559,Docente Sintético 000945,5,0,2,46,7,82.82,18.57777777777778,MEDIO,CON ACTIVIDAD 90D,CON ACTIVIDAD 90D,,10+,1–2
DOC_000947,TALCA,PEDAGOGÍA EN EDUCACIÓN FÍSICA,REGULAR,CONTRATADO,SIN_NIVEL,0,0,0,0.0,0,0,0,0,0,0.00035303467906027964,0.9996469653209398,Docente Sintético 000947,5,0,0,0,0,,,ALTO,SIN ACTIVIDAD 90D,SIN ACTIVIDAD 90D,≤50%,0–3,0
DOC_000948,TALCA,PEDAGOGÍA EN EDUCACIÓN FÍSICA,REGULAR,CONTRATADO,HABILITANTE,11,9,2,81.82,529,788,0,0,0,0.00011490450138021998,0.9998850954986198,Docente Sintético 000948,5,0,0,20,0,79.89,16.42105263157895,ALTO,SIN ACTIVIDAD 90D,SIN ACTIVIDAD 90D,,7–9,0
DOC_000949,TALCA,PEDAGOGÍA EN EDUCACIÓN FÍSICA,REGULAR,CONTRATADO,SIN_NIVEL,0,0,0,0.0,0,0,0,0,0,0.00035303467906027964,0.9996469653209398,Docente Sintético 000949,5,0,0,0,0,,,ALTO,SIN ACTIVIDAD 90D,SIN ACTIVIDAD 90D,≤50%,0–3,0
DOC_000950,TALCA,PEDAGOGÍA EN EDUCACIÓN FÍSICA,ADJUNTO,POR HORAS,HABILITANTE,10,9,1,90.0,668,777,0,0,0,0.0001525692848077153,0.9998474307151924,Docente Sintético 000950,2,0,0,16,0,87.88,11.333333333333334,ALTO,SIN ACTIVIDAD 90D,SIN ACTIVIDAD 90D,,7–9,0
DOC_000951,TALCA,PEDAGOGÍA EN EDUCACIÓN FÍSICA,ADJUNTO,POR HORAS,HABILITANTE,10,9,1,90.0,698,825,0,0,0,0.0001525692848077153,0.9998474307151924,Docente Sintético 000951,2,0,0,16,0,85.23,9.933333333333334,ALTO,SIN ACTIVIDAD 90D,SIN ACTIVIDAD 90D,,7–9,0
DOC_000952,TALCA,PEDAGOGÍA EN EDUCACIÓN FÍSICA,ADJUNTO,POR HORAS,AVANZADO,18,17,1,94.44,271,333,0,0,0,0.0015498053661258,0.9984501946338742,Docente Sintético 000952,2,0,0,48,0,83.38,9.063829787234043,ALTO,SIN ACTIVIDAD 90D,SIN ACTIVIDAD 90D,,10+,0
DOC_000953,TALCA,PEDAGOGÍA EN EDUCACIÓN FÍSICA,ADJUNTO,POR HORAS,AVANZADO,18,17,1,94.44,362,441,0,0,0,0.0005529492431805074,0.9994470507568196,Docente Sintético 000953,2,0,0,48,0,81.39,10.297872340425531,ALTO,SIN ACTIVIDAD 90D,SIN ACTIVIDAD 90D,,10+,0
DOC_000954,TALCA,PEDAGOGÍA EN EDUCACIÓN FÍSICA,ADJUNTO,POR HORAS,HABILITANTE,11,9,2,81.82,539,792,0,0,0,0.00011490450138021998,0.9998850954986198,Docente Sintético 000954,1,0,0,20,0,80.34,15.894736842105264,ALTO,SIN ACTIVIDAD 90D,SIN ACTIVIDAD 90D,,7–9,0
DOC_000955,TALCA,PEDAGOGÍA EN EDUCACIÓN FÍSICA,ADJUNTO,POR HORAS,SIN_NIVEL,3,2,1,66.67,312,486,0,0,0,0.00025513338737181783,0.9997448666126282,Docente Sintético 000955,1,0,0,3,0,86.23,8.0,ALTO,SIN ACTIVIDAD 90D,SIN ACTIVIDAD 90D,,0–3,0
DOC_000956,TALCA,PEDAGOGÍA EN EDUCACIÓN FÍSICA,ADJUNTO,POR HORAS,HABILITANTE,8,8,0,100.0,5,199,3,0,0,0.0396122278794651,0.9603877721205348,Docente Sintético 000956,1,0,0,11,3,90.15,31.7,ALTO,CON ACTIVIDAD 90D,CON ACTIVIDAD 90D,,7–9,3–5
DOC_000957,TALCA,PEDAGOGÍA EN EDUCACIÓN FÍSICA,ADJUNTO,POR HORAS,HABILITANTE,12,11,1,91.67,516,672,0,0,0,0.00011490450138021998,0.9998850954986198,Docente Sintético 000957,1,0,0,24,0,82.83,7.826086956521739,ALTO,SIN ACTIVIDAD 90D,SIN ACTIVIDAD 90D,,10+,0
DOC_000958,TALCA,PEDAGOGÍA EN EDUCACIÓN FÍSICA,ADJUNTO,POR HORAS,AVANZADO,19,19,0,100.0,8,241,9,1,1,0.6778181955857318,0.3221818044142682,Docente Sintético 000958,1,2,2,55,11,79.47,15.574074074074074,MEDIO,CON ACTIVIDAD 90D,CON ACTIVIDAD 90D,,10+,6+
DOC_000959,TALCA,PEDAGOGÍA EN EDUCACIÓN FÍSICA,ADJUNTO,POR HORAS,SIN_NIVEL,0,0,0,0.0,0,0,0,0,0,0.00035303467906027964,0.9996469653209398,Docente Sintético 000959,1,0,0,0,0,,,ALTO,SIN ACTIVIDAD 90D,SIN ACTIVIDAD 90D,≤50%,0–3,0
DOC_000960,TALCA,PEDAGOGÍA EN EDUCACIÓN FÍSICA,ADJUNTO,POR HORAS,HABILITANTE,9,9,0,100.0,723,791,0,0,0,0.0005903604658687973,0.9994096395341312,Docente Sintético 000960,1,0,0,12,0,88.21,10.636363636363637,ALTO,SIN ACTIVIDAD 90D,SIN ACTIVIDAD 90D,,7–9,0
DOC_000961,TALCA,PEDAGOGÍA EN EDUCACIÓN FÍSICA,ADJUNTO,POR HORAS,AVANZADO,20,19,1,95.0,184,323,0,0,0,0.0032340531878307,0.9967659468121692,Docente Sintético 000961,1,0,0,56,0,82.85,11.89090909090909,ALTO,SIN ACTIVIDAD 90D,SIN ACTIVIDAD 90D,,10+,0
DOC_000962,TALCA,PEDAGOGÍA EN EDUCACIÓN FÍSICA,ADJUNTO,POR HORAS,HABILITANTE,9,9,0,100.0,612,735,0,0,0,0.0010811759796762,0.9989188240203238,Docente Sintético 000962,1,0,0,12,0,91.18,21.63636363636364,ALTO,SIN ACTIVIDAD 90D,SIN ACTIVIDAD 90D,,7–9,0
DOC_000963,TALCA,PSICOLOGÍA,REGULAR,CONTRATADO,SIN_NIVEL,3,2,1,66.67,321,333,0,0,0,0.00022633385217127292,0.9997736661478288,Docente Sintético 000963,5,0,0,3,0,75.53,4.0,ALTO,SIN ACTIVIDAD 90D,SIN ACTIVIDAD 90D,,0–3,0
DOC_000964,TALCA,PSICOLOGÍA,REGULAR,CONTRATADO,INICIAL,16,15,1,93.75,253,430,0,0,0,0.007486770045861,0.9925132299541388,Docente Sintético 000964,5,0,0,40,0,80.71,15.025641025641026,ALTO,SIN ACTIVIDAD 90D,SIN ACTIVIDAD 90D,,10+,0
DOC_000965,TALCA,PSICOLOGÍA,REGULAR,CONTRATADO,SIN_NIVEL,0,0,0,0.0,0,0,0,0,0,0.0003618999272872301,0.9996381000727128,Docente Sintético 000965,5,0,0,0,0,,,ALTO,SIN ACTIVIDAD 90D,SIN ACTIVIDAD 90D,≤50%,0–3,0
DOC_000966,TALCA,PSICOLOGÍA,REGULAR,CONTRATADO,HABILITANTE,12,10,2,83.33,408,643,0,0,0,0.00012376974960717034,0.9998762302503929,Docente Sintético 000966,5,0,0,24,0,80.67,12.434782608695652,ALTO,SIN ACTIVIDAD 90D,SIN ACTIVIDAD 90D,,10+,0
DOC_000967,TALCA,PSICOLOGÍA,REGULAR,CONTRATADO,INICIAL,15,15,0,100.0,4,280,9,1,1,0.828848216588935,0.1711517834110649,Docente Sintético 000967,5,2,2,39,11,83.16,18.23684210526316,BAJO,CON ACTIVIDAD 90D,CON ACTIVIDAD 90D,,10+,6+
DOC_000968,TALCA,PSICOLOGÍA,REGULAR,CONTRATADO,HABILITANTE,11,11,0,100.0,635,798,0,0,0,0.0005992257140957477,0.9994007742859042,Docente Sintético 000968,5,0,0,20,0,84.39,11.31578947368421,ALTO,SIN ACTIVIDAD 90D,SIN ACTIVIDAD 90D,,10+,0
DOC_000969,TALCA,PSICOLOGÍA,REGULAR,CONTRATADO,SIN_NIVEL,0,0,0,0.0,121,121,0,0,0,0.0002888088803213583,0.9997111911196788,Docente Sintético 000969,5,0,0,0,0,,,ALTO,SIN ACTIVIDAD 90D,SIN ACTIVIDAD 90D,≤50%,0–3,0
DOC_000970,TALCA,PSICOLOGÍA,ADJUNTO,POR HORAS,HABILITANTE,9,8,1,88.89,733,795,0,0,0,0.00012376974960717034,0.9998762302503929,Docente Sintético 000970,2,0,0,12,0,82.7,10.272727272727272,ALTO,SIN ACTIVIDAD 90D,SIN ACTIVIDAD 90D,,7–9,0
DOC_000971,TALCA,PSICOLOGÍA,ADJUNTO,POR HORAS,INICIAL,15,14,1,93.33,307,555,0,0,0,0.0015306564584357,0.9984693435415642,Docente Sintético 000971,1,0,0,36,0,82.85,15.342857142857143,ALTO,SIN ACTIVIDAD 90D,SIN ACTIVIDAD 90D,,10+,0
DOC_000972,TALCA,PSICOLOGÍA,ADJUNTO,POR HORAS,INICIAL,16,16,0,100.0,92,374,0,0,0,0.0652339204054556,0.9347660795945444,Docente Sintético 000972,1,0,3,40,9,83.94,15.282051282051285,ALTO,SIN ACTIVIDAD 90D,SIN ACTIVIDAD 90D,,10+,0
DOC_000974,TALCA,PSICOLOGÍA,ADJUNTO,POR HORAS,HABILITANTE,10,9,1,90.0,593,740,0,0,0,0.00024801461961475226,0.9997519853803852,Docente Sintético 000974,1,0,0,16,0,86.72,16.666666666666668,ALTO,SIN ACTIVIDAD 90D,SIN ACTIVIDAD 90D,,7–9,0
DOC_000975,TALCA,PSICOLOGÍA,ADJUNTO,POR HORAS,HABILITANTE,11,10,1,90.91,657,823,0,0,0,0.00016143453303466563,0.9998385654669654,Docente Sintético 000975,1,0,0,20,0,84.48,10.0,ALTO,SIN ACTIVIDAD 90D,SIN ACTIVIDAD 90D,,10+,0
DOC_000976,TALCA,PSICOLOGÍA,ADJUNTO,POR HORAS,HABILITANTE,13,10,3,76.92,558,786,0,0,0,0.00012376974960717034,0.9998762302503929,Docente Sintético 000976,1,0,0,28,0,78.04,10.666666666666666,ALTO,SIN ACTIVIDAD 90D,SIN ACTIVIDAD 90D,,10+,0
DOC_000978,TALCA,PSICOLOGÍA,ADJUNTO,POR HORAS,HABILITANTE,9,9,0,100.0,259,426,0,0,0,0.0011480122423959,0.998851987757604,Docente Sintético 000978,1,0,0,12,0,87.01,20.63636363636364,ALTO,SIN ACTIVIDAD 90D,SIN ACTIVIDAD 90D,,7–9,0
DOC_000979,TALCA,PSICOLOGÍA,ADJUNTO,POR HORAS,INICIAL,16,16,0,100.0,4,204,8,1,1,0.7065689040318266,0.2934310959681734,Docente Sintético 000979,1,2,3,40,12,83.54,12.282051282051285,BAJO,CON ACTIVIDAD 90D,CON ACTIVIDAD 90D,,10+,6+
DOC_000980,TALCA,PSICOLOGÍA,ADJUNTO,POR HORAS,HABILITANTE,12,9,3,75.0,614,825,0,0,0,0.00012376974960717034,0.9998762302503929,Docente Sintético 000980,1,0,0,24,0,79.7,10.304347826086955,ALTO,SIN ACTIVIDAD 90D,SIN ACTIVIDAD 90D,,7–9,0
DOC_000982,TALCA,PSICOLOGÍA,ADJUNTO,POR HORAS,SIN_NIVEL,4,3,1,75.0,288,699,0,0,0,0.00022633385217127292,0.9997736661478288,Docente Sintético 000982,1,0,0,4,0,82.2,12.0,ALTO,SIN ACTIVIDAD 90D,SIN ACTIVIDAD 90D,,0–3,0
DOC_000983,TALCA,QUÍMICA Y FARMACIA,REGULAR,CONTRATADO,AVANZADO,17,17,0,100.0,0,31,7,1,0,0.4494247177937501,0.55057528220625,Docente Sintético 000983,5,2,4,46,15,83.69,15.444444444444445,MEDIO,CON ACTIVIDAD 90D,CON ACTIVIDAD 90D,,10+,6+
DOC_000984,TALCA,QUÍMICA Y FARMACIA,REGULAR,CONTRATADO,HABILITANTE,9,8,1,88.89,524,633,0,0,0,0.00011599067531701092,0.999884009324683,Docente Sintético 000984,5,0,0,12,0,81.01,14.636363636363637,ALTO,SIN ACTIVIDAD 90D,SIN ACTIVIDAD 90D,,7–9,0
DOC_000986,TALCA,QUÍMICA Y FARMACIA,REGULAR,CONTRATADO,HABILITANTE,13,11,2,84.62,288,642,0,0,0,0.00011599067531701092,0.999884009324683,Docente Sintético 000986,5,0,0,28,0,82.25,14.851851851851851,ALTO,SIN ACTIVIDAD 90D,SIN ACTIVIDAD 90D,,10+,0
DOC_000987,TALCA,QUÍMICA Y FARMACIA,REGULAR,CONTRATADO,HABILITANTE,9,8,1,88.89,730,826,0,0,0,0.0001536554587445062,0.9998463445412556,Docente Sintético 000987,5,0,0,12,0,83.82,10.545454545454543,ALTO,SIN ACTIVIDAD 90D,SIN ACTIVIDAD 90D,,7–9,0
DOC_000988,TALCA,QUÍMICA Y FARMACIA,ADJUNTO,POR HORAS,INICIAL,15,15,0,100.0,6,193,8,1,1,0.5990975160897108,0.4009024839102891,Docente Sintético 000988,1,2,2,39,11,84.77,12.578947368421051,MEDIO,CON ACTIVIDAD 90D,CON ACTIVIDAD 90D,,10+,6+
DOC_000989,TALCA,QUÍMICA Y FARMACIA,ADJUNTO,POR HORAS,INICIAL,16,15,1,93.75,166,324,0,0,0,0.0022618145912979,0.997738185408702,Docente Sintético 000989,1,0,1,40,2,80.79,13.512820512820513,ALTO,SIN ACTIVIDAD 90D,SIN ACTIVIDAD 90D,,10+,0
DOC_000990,TALCA,QUÍMICA Y FARMACIA,ADJUNTO,POR HORAS,SIN_NIVEL,5,5,0,100.0,104,333,0,0,0,0.0034355312945412,0.9965644687054588,Docente Sintético 000990,1,0,5,5,5,89.5,3.0,ALTO,SIN ACTIVIDAD 90D,SIN ACTIVIDAD 90D,,4–6,0
DOC_000991,TALCA,QUÍMICA Y FARMACIA,ADJUNTO,POR HORAS,HABILITANTE,10,10,0,100.0,491,693,0,0,0,0.0011402331681057,0.9988597668318944,Docente Sintético 000991,1,0,0,16,0,87.98,22.73333333333333,ALTO,SIN ACTIVIDAD 90D,SIN ACTIVIDAD 90D,,10+,0
DOC_000992,TALCA,QUÍMICA Y FARMACIA,ADJUNTO,POR HORAS,INICIAL,15,15,0,100.0,25,229,7,0,0,0.1087073688679357,0.8912926311320643,Docente Sintético 000992,1,2,2,36,8,81.39,23.542857142857144,ALTO,CON ACTIVIDAD 90D,CON ACTIVIDAD 90D,,10+,6+
DOC_000993,TALCA,QUÍMICA Y FARMACIA,ADJUNTO,POR HORAS,HABILITANTE,11,9,2,81.82,525,740,0,0,0,0.0002025707618970975,0.9997974292381028,Docente Sintético 000993,1,0,0,20,0,83.05,16.263157894736842,ALTO,SIN ACTIVIDAD 90D,SIN ACTIVIDAD 90D,,7–9,0
DOC_000994,TALCA,QUÍMICA Y FARMACIA,ADJUNTO,POR HORAS,HABILITANTE,11,11,0,100.0,464,642,0,0,0,0.0008562771482801643,0.9991437228517198,Docente Sintético 000994,1,0,0,20,0,85.46,11.736842105263158,ALTO,SIN ACTIVIDAD 90D,SIN ACTIVIDAD 90D,,10+,0
DOC_000995,TALCA,QUÍMICA Y FARMACIA,ADJUNTO,POR HORAS,AVANZADO,20,19,1,95.0,4,146,9,0,0,0.0695647025794022,0.9304352974205978,Docente Sintético 000995,1,3,4,56,16,81.66,12.418181818181818,ALTO,CON ACTIVIDAD 90D,CON ACTIVIDAD 90D,,10+,6+
DOC_000996,TALCA,QUÍMICA Y FARMACIA,ADJUNTO,POR HORAS,AVANZADO,17,17,0,100.0,2,151,2,1,0,0.4899642352451084,0.5100357647548915,Docente Sintético 000996,1,0,1,46,5,82.57,18.73333333333333,MEDIO,CON ACTIVIDAD 90D,CON ACTIVIDAD 90D,,10+,1–2
DOC_000997,TALCA,TERAPIA OCUPACIONAL,REGULAR,CONTRATADO,HABILITANTE,12,12,0,100.0,412,642,0,0,0,0.0005557528098593395,0.9994442471901408,Docente Sintético 000997,5,0,0,24,0,81.49,12.304347826086955,ALTO,SIN ACTIVIDAD 90D,SIN ACTIVIDAD 90D,,10+,0
DOC_000998,TALCA,TERAPIA OCUPACIONAL,REGULAR,CONTRATADO,AVANZADO,17,17,0,100.0,5,54,7,1,0,0.4994028677564368,0.5005971322435632,Docente Sintético 000998,5,2,4,46,15,84.06,15.333333333333334,MEDIO,CON ACTIVIDAD 90D,CON ACTIVIDAD 90D,,10+,6+
DOC_000999,TALCA,TERAPIA OCUPACIONAL,REGULAR,CONTRATADO,SIN_NIVEL,0,0,0,0.0,0,0,0,0,0,0.0003618999272872301,0.9996381000727128,Docente Sintético 000999,5,0,0,0,0,,,ALTO,SIN ACTIVIDAD 90D,SIN ACTIVIDAD 90D,≤50%,0–3,0
DOC_001000,TALCA,TERAPIA OCUPACIONAL,REGULAR,CONTRATADO,INICIAL,15,15,0,100.0,417,559,0,0,0,0.0059293047673161,0.994070695232684,Docente Sintético 001000,5,0,0,36,0,83.19,12.085714285714284,ALTO,SIN ACTIVIDAD 90D,SIN ACTIVIDAD 90D,,10+,0
DOC_001001,TALCA,TERAPIA OCUPACIONAL,REGULAR,CONTRATADO,SIN_NIVEL,0,0,0,0.0,333,333,0,0,0,0.0002888088803213583,0.9997111911196788,Docente Sintético 001001,5,0,0,0,0,,,ALTO,SIN ACTIVIDAD 90D,SIN ACTIVIDAD 90D,≤50%,0–3,0
DOC_001002,TALCA,TERAPIA OCUPACIONAL,ADJUNTO,POR HORAS,SIN_NIVEL,3,1,2,33.33,477,486,0,0,0,0.00022633385217127292,0.9997736661478288,Docente Sintético 001002,2,0,0,3,0,79.87,3.5,ALTO,SIN ACTIVIDAD 90D,SIN ACTIVIDAD 90D,,0–3,0
DOC_001004,TALCA,TERAPIA OCUPACIONAL,ADJUNTO,POR HORAS,SIN_NIVEL,4,3,1,75.0,75,121,2,0,0,0.0006385302985961178,0.999361469701404,Docente Sintético 001004,2,2,4,4,4,81.18,14.333333333333334,ALTO,CON ACTIVIDAD 90D,CON ACTIVIDAD 90D,,0–3,1–2
DOC_001005,TALCA,TERAPIA OCUPACIONAL,ADJUNTO,POR HORAS,HABILITANTE,11,10,1,90.91,433,589,0,0,0,0.00016143453303466563,0.9998385654669654,Docente Sintético 001005,1,0,0,20,0,85.13,12.947368421052632,ALTO,SIN ACTIVIDAD 90D,SIN ACTIVIDAD 90D,,10+,0
DOC_001006,TALCA,TERAPIA OCUPACIONAL,ADJUNTO,POR HORAS,SIN_NIVEL,0,0,0,0.0,121,121,0,0,0,0.0002888088803213583,0.9997111911196788,Docente Sintético 001006,1,0,0,0,0,,,ALTO,SIN ACTIVIDAD 90D,SIN ACTIVIDAD 90D,≤50%,0–3,0
DOC_001007,TALCA,TERAPIA OCUPACIONAL,ADJUNTO,POR HORAS,SIN_NIVEL,8,4,4,50.0,69,333,4,0,0,0.0004852450425325122,0.9995147549574674,Docente Sintético 001007,1,4,8,8,8,78.68,7.0,ALTO,CON ACTIVIDAD 90D,CON ACTIVIDAD 90D,,4–6,3–5
DOC_001008,TALCA,TERAPIA OCUPACIONAL,ADJUNTO,POR HORAS,HABILITANTE,12,11,1,91.67,223,413,0,0,0,0.00016143453303466563,0.9998385654669654,Docente Sintético 001008,1,0,0,24,0,85.5,10.956521739130435,ALTO,SIN ACTIVIDAD 90D,SIN ACTIVIDAD 90D,,10+,0
DOC_001009,TALCA,TERAPIA OCUPACIONAL,ADJUNTO,POR HORAS,SIN_NIVEL,2,2,0,100.0,316,486,0,0,0,0.0006541545885251818,0.9993458454114748,Docente Sintético 001009,1,0,0,2,0,92.0,6.0,ALTO,SIN ACTIVIDAD 90D,SIN ACTIVIDAD 90D,,0–3,0
DOC_001010,TALCA,TERAPIA OCUPACIONAL,ADJUNTO,POR HORAS,HABILITANTE,9,9,0,100.0,638,795,0,0,0,0.0011480122423959,0.998851987757604,Docente Sintético 001010,1,0,0,12,0,87.8,19.09090909090909,ALTO,SIN ACTIVIDAD 90D,SIN ACTIVIDAD 90D,,7–9,0
DOC_001011,TALCA,TRABAJO SOCIAL,REGULAR,CONTRATADO,INICIAL,13,13,0,100.0,9,196,2,0,0,0.1581001714386739,0.8418998285613261,Docente Sintético 001011,5,0,0,30,2,84.58,16.17241379310345,ALTO,CON ACTIVIDAD 90D,CON ACTIVIDAD 90D,,10+,1–2
DOC_001012,TALCA,TRABAJO SOCIAL,REGULAR,CONTRATADO,SIN_NIVEL,7,5,2,71.43,277,333,0,0,0,0.00022633385217127292,0.9997736661478288,Docente Sintético 001012,5,0,0,7,0,82.67,9.333333333333334,ALTO,SIN ACTIVIDAD 90D,SIN ACTIVIDAD 90D,,4–6,0
DOC_001014,TALCA,TRABAJO SOCIAL,REGULAR,CONTRATADO,INICIAL,16,16,0,100.0,292,561,0,0,0,0.0119850772117004,0.9880149227882996,Docente Sintético 001014,5,0,0,40,0,82.07,14.153846153846152,ALTO,SIN ACTIVIDAD 90D,SIN ACTIVIDAD 90D,,10+,0
DOC_001015,TALCA,TRABAJO SOCIAL,REGULAR,CONTRATADO,HABILITANTE,10,10,0,100.0,606,676,0,0,0,0.0004938238695634683,0.9995061761304366,Docente Sintético 001015,5,0,0,16,0,88.33,6.133333333333334,ALTO,SIN ACTIVIDAD 90D,SIN ACTIVIDAD 90D,,10+,0
DOC_001016,TALCA,TRABAJO SOCIAL,REGULAR,CONTRATADO,SIN_NIVEL,0,0,0,0.0,333,333,0,0,0,0.0002888088803213583,0.9997111911196788,Docente Sintético 001016,5,0,0,0,0,,,ALTO,SIN ACTIVIDAD 90D,SIN ACTIVIDAD 90D,≤50%,0–3,0
DOC_001017,TALCA,TRABAJO SOCIAL,ADJUNTO,POR HORAS,HABILITANTE,10,8,2,80.0,302,439,0,0,0,0.00012376974960717034,0.9998762302503929,Docente Sintético 001017,2,0,0,16,0,82.7,12.066666666666666,ALTO,SIN ACTIVIDAD 90D,SIN ACTIVIDAD 90D,,7–9,0
DOC_001018,TALCA,TRABAJO SOCIAL,ADJUNTO,POR HORAS,AVANZADO,19,19,0,100.0,48,138,6,0,0,0.0826100268993427,0.9173899731006572,Docente Sintético 001018,2,2,4,52,13,79.99,15.666666666666666,ALTO,CON ACTIVIDAD 90D,CON ACTIVIDAD 90D,,10+,6+
DOC_001019,TALCA,TRABAJO SOCIAL,ADJUNTO,POR HORAS,HABILITANTE,13,12,1,92.31,371,640,0,0,0,0.00016143453303466563,0.9998385654669654,Docente Sintético 001019,2,0,0,28,0,85.95,11.74074074074074,ALTO,SIN ACTIVIDAD 90D,SIN ACTIVIDAD 90D,,10+,0
DOC_001020,TALCA,TRABAJO SOCIAL,ADJUNTO,POR HORAS,AVANZADO,19,18,1,94.74,317,445,0,0,0,0.0005529492431805074,0.9994470507568196,Docente Sintético 001020,1,0,0,52,0,80.83,10.352941176470589,ALTO,SIN ACTIVIDAD 90D,SIN ACTIVIDAD 90D,,10+,0
DOC_001021,TALCA,TRABAJO SOCIAL,ADJUNTO,POR HORAS,AVANZADO,17,17,0,100.0,3,102,2,0,0,0.44476567859385,0.5552343214061499,Docente Sintético 001021,1,0,2,46,10,81.54,18.53333333333333,MEDIO,CON ACTIVIDAD 90D,CON ACTIVIDAD 90D,,10+,1–2
DOC_001023,TALCA,TRABAJO SOCIAL,ADJUNTO,POR HORAS,SIN_NIVEL,0,0,0,0.0,121,121,0,0,0,0.0002888088803213583,0.9997111911196788,Docente Sintético 001023,1,0,0,0,0,,,ALTO,SIN ACTIVIDAD 90D,SIN ACTIVIDAD 90D,≤50%,0–3,0
DOC_001024,TALCA,TRABAJO SOCIAL,ADJUNTO,POR HORAS,SIN_NIVEL,4,2,2,50.0,314,333,0,0,0,0.00022633385217127292,0.9997736661478288,Docente Sintético 001024,1,0,0,4,0,79.82,4.666666666666667,ALTO,SIN ACTIVIDAD 90D,SIN ACTIVIDAD 90D,,0–3,0
DOC_001025,TALCA,TRABAJO SOCIAL,ADJUNTO,POR HORAS,SIN_NIVEL,0,0,0,0.0,333,333,0,0,0,0.0002888088803213583,0.9997111911196788,Docente Sintético 001025,1,0,0,0,0,,,ALTO,SIN ACTIVIDAD 90D,SIN ACTIVIDAD 90D,≤50%,0–3,0
DOC_001026,TALCA,TRABAJO SOCIAL,ADJUNTO,POR HORAS,HABILITANTE,9,8,1,88.89,629,796,0,0,0,0.0006480146196147523,0.9993519853803852,Docente Sintético 001026,1,0,0,12,0,86.58,19.818181818181817,ALTO,SIN ACTIVIDAD 90D,SIN ACTIVIDAD 90D,,7–9,0
DOC_001027,TALCA,TRABAJO SOCIAL,ADJUNTO,POR HORAS,AVANZADO,17,17,0,100.0,10,10,7,0,0,0.1940209247228198,0.8059790752771802,Docente Sintético 001027,1,2,4,44,14,81.08,19.55813953488372,ALTO,CON ACTIVIDAD 90D,CON ACTIVIDAD 90D,,10+,6+
DOC_001028,TEMUCO,ADMINISTRACIÓN PÚBLICA,REGULAR,CONTRATADO,HABILITANTE,10,9,1,90.0,217,343,0,0,0,0.00012376974960717034,0.9998762302503929,Docente Sintético 001028,5,0,0,16,0,81.56,16.533333333333335,ALTO,SIN ACTIVIDAD 90D,SIN ACTIVIDAD 90D,,7–9,0
DOC_001029,TEMUCO,ADMINISTRACIÓN PÚBLICA,REGULAR,CONTRATADO,AVANZADO,19,18,1,94.74,243,351,0,0,0,0.0006352537699294786,0.9993647462300704,Docente Sintético 001029,5,0,0,52,0,79.75,8.901960784313726,ALTO,SIN ACTIVIDAD 90D,SIN ACTIVIDAD 90D,,10+,0
DOC_001030,TEMUCO,ADMINISTRACIÓN PÚBLICA,REGULAR,CONTRATADO,HABILITANTE,13,11,2,84.62,489,681,0,0,0,0.00012376974960717034,0.9998762302503929,Docente Sintético 001030,5,0,0,28,0,82.12,7.777777777777778,ALTO,SIN ACTIVIDAD 90D,SIN ACTIVIDAD 90D,,10+,0
DOC_001031,TEMUCO,ADMINISTRACIÓN PÚBLICA,REGULAR,CONTRATADO,HABILITANTE,13,12,1,92.31,288,633,0,0,0,0.00012376974960717034,0.9998762302503929,Docente Sintético 001031,5,0,0,28,0,80.64,14.814814814814817,ALTO,SIN ACTIVIDAD 90D,SIN ACTIVIDAD 90D,,10+,0
DOC_001032,TEMUCO,ADMINISTRACIÓN PÚBLICA,REGULAR,CONTRATADO,HABILITANTE,13,12,1,92.31,576,824,0,0,0,0.00012376974960717034,0.9998762302503929,Docente Sintético 001032,5,0,0,28,0,81.65,10.0,ALTO,SIN ACTIVIDAD 90D,SIN ACTIVIDAD 90D,,10+,0
DOC_001033,TEMUCO,ADMINISTRACIÓN PÚBLICA,REGULAR,CONTRATADO,SIN_NIVEL,3,3,0,100.0,282,486,0,0,0,0.0007106517636664247,0.9992893482363336,Docente Sintético 001033,5,0,0,3,0,91.5,18.0,ALTO,SIN ACTIVIDAD 90D,SIN ACTIVIDAD 90D,,0–3,0
DOC_001034,TEMUCO,ADMINISTRACIÓN PÚBLICA,REGULAR,CONTRATADO,AVANZADO,20,17,3,85.0,95,242,0,0,0,0.0090911715199846,0.9909088284800154,Docente Sintético 001034,5,0,3,56,10,80.1,13.50909090909091,ALTO,SIN ACTIVIDAD 90D,SIN ACTIVIDAD 90D,,10+,0
DOC_001035,TEMUCO,ADMINISTRACIÓN PÚBLICA,ADJUNTO,POR HORAS,AVANZADO,20,20,0,100.0,18,155,10,1,1,0.8293208521446902,0.1706791478553098,Docente Sintético 001035,2,3,4,56,16,82.95,12.2,BAJO,CON ACTIVIDAD 90D,CON ACTIVIDAD 90D,,10+,6+
DOC_001036,TEMUCO,ADMINISTRACIÓN PÚBLICA,ADJUNTO,POR HORAS,HABILITANTE,9,9,0,100.0,274,421,0,0,0,0.0013379112322948,0.9986620887677052,Docente Sintético 001036,1,0,0,12,0,87.63,18.545454545454547,ALTO,SIN ACTIVIDAD 90D,SIN ACTIVIDAD 90D,,7–9,0
DOC_001037,TEMUCO,ADMINISTRACIÓN PÚBLICA,ADJUNTO,POR HORAS,SIN_NIVEL,0,0,0,0.0,121,121,0,0,0,0.0002888088803213583,0.9997111911196788,Docente Sintético 001037,1,0,0,0,0,,,ALTO,SIN ACTIVIDAD 90D,SIN ACTIVIDAD 90D,≤50%,0–3,0
DOC_001038,TEMUCO,ADMINISTRACIÓN PÚBLICA,ADJUNTO,POR HORAS,INICIAL,13,13,0,100.0,1,184,3,0,0,0.2005173689019765,0.7994826310980234,Docente Sintético 001038,1,0,0,31,3,86.94,16.1,ALTO,CON ACTIVIDAD 90D,CON ACTIVIDAD 90D,,10+,3–5
DOC_001039,TEMUCO,ADMINISTRACIÓN PÚBLICA,ADJUNTO,POR HORAS,HABILITANTE,11,9,2,81.82,158,360,0,0,0,0.00018276679975466297,0.9998172332002452,Docente Sintético 001039,1,0,1,20,3,80.31,16.842105263157894,ALTO,SIN ACTIVIDAD 90D,SIN ACTIVIDAD 90D,,7–9,0
DOC_001040,TEMUCO,ADMINISTRACIÓN PÚBLICA,ADJUNTO,POR HORAS,SIN_NIVEL,3,1,2,33.33,315,333,0,0,0,0.00022633385217127292,0.9997736661478288,Docente Sintético 001040,1,0,0,3,0,73.83,6.0,ALTO,SIN ACTIVIDAD 90D,SIN ACTIVIDAD 90D,,0–3,0
DOC_001041,TEMUCO,ADMINISTRACIÓN PÚBLICA,ADJUNTO,POR HORAS,HABILITANTE,10,8,2,80.0,124,282,0,0,0,0.0002564676192181944,0.9997435323807818,Docente Sintético 001041,1,0,2,16,5,84.35,13.466666666666669,ALTO,SIN ACTIVIDAD 90D,SIN ACTIVIDAD 90D,,7–9,0
DOC_001042,TEMUCO,ADMINISTRACIÓN PÚBLICA,ADJUNTO,POR HORAS,SIN_NIVEL,0,0,0,0.0,333,333,0,0,0,0.0002888088803213583,0.9997111911196788,Docente Sintético 001042,1,0,0,0,0,,,ALTO,SIN ACTIVIDAD 90D,SIN ACTIVIDAD 90D,≤50%,0–3,0
DOC_001043,TEMUCO,ADMINISTRACIÓN PÚBLICA,ADJUNTO,POR HORAS,AVANZADO,20,20,0,100.0,200,345,0,0,0,0.0039374186777763,0.9960625813222236,Docente Sintético 001043,1,0,0,56,0,80.17,9.0,ALTO,SIN ACTIVIDAD 90D,SIN ACTIVIDAD 90D,,10+,0
DOC_001044,TEMUCO,ADMINISTRACIÓN PÚBLICA,ADJUNTO,POR HORAS,INICIAL,15,15,0,100.0,4,230,8,1,1,0.7215775701826704,0.2784224298173295,Docente Sintético 001044,1,2,2,37,9,84.17,19.166666666666668,BAJO,CON ACTIVIDAD 90D,CON ACTIVIDAD 90D,,10+,6+
DOC_001045,TEMUCO,ADMINISTRACIÓN PÚBLICA,ADJUNTO,POR HORAS,HABILITANTE,13,12,1,92.31,195,433,0,0,0,0.00012376974960717034,0.9998762302503929,Docente Sintético 001045,1,0,0,28,0,82.43,10.51851851851852,ALTO,SIN ACTIVIDAD 90D,SIN ACTIVIDAD 90D,,10+,0
DOC_001046,TEMUCO,ADMINISTRACIÓN PÚBLICA,ADJUNTO,POR HORAS,AVANZADO,20,19,1,95.0,289,442,0,0,0,0.0005529492431805074,0.9994470507568196,Docente Sintético 001046,1,0,0,56,0,82.0,10.145454545454545,ALTO,SIN ACTIVIDAD 90D,SIN ACTIVIDAD 90D,,10+,0
DOC_001047,TEMUCO,ADMINISTRACIÓN PÚBLICA,ADJUNTO,POR HORAS,INICIAL,14,13,1,92.86,83,220,2,0,0,0.0066804658018937,0.9933195341981064,Docente Sintético 001047,1,1,1,32,4,80.69,24.741935483870968,ALTO,CON ACTIVIDAD 90D,CON ACTIVIDAD 90D,,10+,1–2
DOC_001048,TEMUCO,ARQUITECTURA,REGULAR,CONTRATADO,HABILITANTE,10,8,2,80.0,25,181,7,0,0,0.0154996464771861,0.9845003535228138,Docente Sintético 001048,5,2,2,16,8,82.69,19.4,ALTO,CON ACTIVIDAD 90D,CON ACTIVIDAD 90D,,7–9,6+
DOC_001049,TEMUCO,ARQUITECTURA,REGULAR,CONTRATADO,HABILITANTE,10,10,0,100.0,9,347,8,0,0,0.0252207501661315,0.9747792498338684,Docente Sintético 001049,5,2,2,16,8,86.82,31.73333333333333,ALTO,CON ACTIVIDAD 90D,CON ACTIVIDAD 90D,,10+,6+
DOC_001050,TEMUCO,ARQUITECTURA,REGULAR,CONTRATADO,INICIAL,14,14,0,100.0,268,389,0,0,0,0.0057163143159619,0.994283685684038,Docente Sintético 001050,5,0,0,32,0,85.2,13.838709677419354,ALTO,SIN ACTIVIDAD 90D,SIN ACTIVIDAD 90D,,10+,0
DOC_001051,TEMUCO,ARQUITECTURA,REGULAR,CONTRATADO,HABILITANTE,10,10,0,100.0,583,790,0,0,0,0.0007678740219805516,0.9992321259780196,Docente Sintético 001051,5,0,0,16,0,83.4,17.466666666666665,ALTO,SIN ACTIVIDAD 90D,SIN ACTIVIDAD 90D,,10+,0
DOC_001052,TEMUCO,ARQUITECTURA,REGULAR,CONTRATADO,INICIAL,16,15,1,93.75,470,581,0,0,0,0.001134036359794,0.998865963640206,Docente Sintético 001052,5,0,0,40,0,80.69,9.64102564102564,ALTO,SIN ACTIVIDAD 90D,SIN ACTIVIDAD 90D,,10+,0
DOC_001053,TEMUCO,ARQUITECTURA,REGULAR,CONTRATADO,AVANZADO,17,17,0,100.0,4,148,2,0,0,0.3644385797305987,0.6355614202694013,Docente Sintético 001053,5,0,1,46,6,80.89,18.622222222222224,ALTO,CON ACTIVIDAD 90D,CON ACTIVIDAD 90D,,10+,1–2
DOC_001054,TEMUCO,ARQUITECTURA,REGULAR,CONTRATADO,SIN_NIVEL,0,0,0,0.0,0,0,0,0,0,0.0003618999272872301,0.9996381000727128,Docente Sintético 001054,5,0,0,0,0,,,ALTO,SIN ACTIVIDAD 90D,SIN ACTIVIDAD 90D,≤50%,0–3,0
DOC_001055,TEMUCO,ARQUITECTURA,ADJUNTO,POR HORAS,AVANZADO,20,19,1,95.0,3,237,9,0,0,0.071399242762652,0.928600757237348,Docente Sintético 001055,2,3,3,56,12,81.03,15.181818181818182,ALTO,CON ACTIVIDAD 90D,CON ACTIVIDAD 90D,,10+,6+
DOC_001056,TEMUCO,ARQUITECTURA,ADJUNTO,POR HORAS,SIN_NIVEL,0,0,0,0.0,0,0,0,0,0,0.0003618999272872301,0.9996381000727128,Docente Sintético 001056,1,0,0,0,0,,,ALTO,SIN ACTIVIDAD 90D,SIN ACTIVIDAD 90D,≤50%,0–3,0
DOC_001057,TEMUCO,ARQUITECTURA,ADJUNTO,POR HORAS,AVANZADO,17,17,0,100.0,2,45,6,0,0,0.2513960472590945,0.7486039527409055,Docente Sintético 001057,1,1,4,46,15,80.67,15.444444444444445,ALTO,CON ACTIVIDAD 90D,CON ACTIVIDAD 90D,,10+,6+
DOC_001058,TEMUCO,ARQUITECTURA,ADJUNTO,POR HORAS,SIN_NIVEL,3,3,0,100.0,99,486,0,0,0,0.002390170272213,0.997609829727787,Docente Sintético 001058,1,0,3,3,3,87.97,6.0,ALTO,SIN ACTIVIDAD 90D,SIN ACTIVIDAD 90D,,0–3,0
DOC_001059,TEMUCO,ARQUITECTURA,ADJUNTO,POR HORAS,AVANZADO,21,19,2,90.48,158,348,0,0,0,0.00089432339511211,0.999105676604888,Docente Sintético 001059,1,0,1,60,3,78.9,9.152542372881356,ALTO,SIN ACTIVIDAD 90D,SIN ACTIVIDAD 90D,,10+,0
DOC_001060,TEMUCO,ARQUITECTURA,ADJUNTO,POR HORAS,HABILITANTE,10,10,0,100.0,578,672,0,0,0,0.0007002358151058486,0.9992997641848942,Docente Sintético 001060,1,0,0,16,0,89.99,8.0,ALTO,SIN ACTIVIDAD 90D,SIN ACTIVIDAD 90D,,10+,0
DOC_001061,TEMUCO,ARQUITECTURA,ADJUNTO,POR HORAS,SIN_NIVEL,4,3,1,75.0,294,486,0,0,0,0.00026399863559876816,0.9997360013644012,Docente Sintético 001061,1,0,0,4,0,88.05,9.0,ALTO,SIN ACTIVIDAD 90D,SIN ACTIVIDAD 90D,,0–3,0
DOC_001062,TEMUCO,ARQUITECTURA,ADJUNTO,POR HORAS,HABILITANTE,10,9,1,90.0,515,643,0,0,0,0.00016143453303466563,0.9998385654669654,Docente Sintético 001062,1,0,0,16,0,84.27,11.733333333333333,ALTO,SIN ACTIVIDAD 90D,SIN ACTIVIDAD 90D,,7–9,0
DOC_001063,TEMUCO,ARQUITECTURA,ADJUNTO,POR HORAS,AVANZADO,18,18,0,100.0,90,238,1,0,0,0.0852638533527994,0.9147361466472006,Docente Sintético 001063,1,1,1,48,4,82.89,16.148936170212767,ALTO,CON ACTIVIDAD 90D,CON ACTIVIDAD 90D,,10+,1–2
DOC_001064,TEMUCO,ARQUITECTURA,ADJUNTO,POR HORAS,HABILITANTE,12,11,1,91.67,407,639,0,0,0,0.00016143453303466563,0.9998385654669654,Docente Sintético 001064,1,0,0,24,0,84.12,12.347826086956522,ALTO,SIN ACTIVIDAD 90D,SIN ACTIVIDAD 90D,,10+,0
DOC_001065,TEMUCO,ARQUITECTURA,ADJUNTO,POR HORAS,SIN_NIVEL,4,4,0,100.0,457,486,0,0,0,0.0007121256030179355,0.999287874396982,Docente Sintético 001065,1,0,0,4,0,89.15,7.333333333333333,ALTO,SIN ACTIVIDAD 90D,SIN ACTIVIDAD 90D,,4–6,0
DOC_001066,TEMUCO,ARQUITECTURA,ADJUNTO,POR HORAS,INICIAL,16,14,2,87.5,280,558,0,0,0,0.0010468654252962,0.9989531345747036,Docente Sintético 001066,1,0,0,40,0,78.85,14.435897435897436,ALTO,SIN ACTIVIDAD 90D,SIN ACTIVIDAD 90D,,10+,0
DOC_001067,TEMUCO,ARQUITECTURA,ADJUNTO,POR HORAS,SIN_NIVEL,0,0,0,0.0,121,121,0,0,0,0.0002888088803213583,0.9997111911196788,Docente Sintético 001067,1,0,0,0,0,,,ALTO,SIN ACTIVIDAD 90D,SIN ACTIVIDAD 90D,≤50%,0–3,0
DOC_001068,TEMUCO,AUDITORÍA E INGENIERÍA EN CONTROL DE GESTIÓN,REGULAR,CONTRATADO,HABILITANTE,12,12,0,100.0,240,433,0,0,0,0.0073045971858223,0.9926954028141776,Docente Sintético 001068,5,0,0,24,0,86.43,10.521739130434783,ALTO,SIN ACTIVIDAD 90D,SIN ACTIVIDAD 90D,,10+,0
DOC_001069,TEMUCO,AUDITORÍA E INGENIERÍA EN CONTROL DE GESTIÓN,REGULAR,CONTRATADO,HABILITANTE,12,11,1,91.67,495,797,0,0,0,0.00012376974960717034,0.9998762302503929,Docente Sintético 001069,5,0,0,24,0,82.58,15.478260869565217,ALTO,SIN ACTIVIDAD 90D,SIN ACTIVIDAD 90D,,10+,0
DOC_001070,TEMUCO,AUDITORÍA E INGENIERÍA EN CONTROL DE GESTIÓN,REGULAR,CONTRATADO,AVANZADO,19,19,0,100.0,53,160,4,0,0,0.0869552030374748,0.9130447969625252,Docente Sintético 001070,5,1,3,52,12,81.88,12.411764705882351,ALTO,CON ACTIVIDAD 90D,CON ACTIVIDAD 90D,,10+,3–5
DOC_001071,TEMUCO,AUDITORÍA E INGENIERÍA EN CONTROL DE GESTIÓN,REGULAR,CONTRATADO,HABILITANTE,10,9,1,90.0,406,637,0,0,0,0.0072281011997013,0.9927718988002988,Docente Sintético 001071,5,0,0,16,0,84.28,18.866666666666667,ALTO,SIN ACTIVIDAD 90D,SIN ACTIVIDAD 90D,,7–9,0
DOC_001072,TEMUCO,AUDITORÍA E INGENIERÍA EN CONTROL DE GESTIÓN,REGULAR,CONTRATADO,HABILITANTE,12,11,1,91.67,225,415,0,0,0,0.00016143453303466563,0.9998385654669654,Docente Sintético 001072,5,0,0,24,0,83.93,10.73913043478261,ALTO,SIN ACTIVIDAD 90D,SIN ACTIVIDAD 90D,,10+,0
DOC_001073,TEMUCO,AUDITORÍA E INGENIERÍA EN CONTROL DE GESTIÓN,REGULAR,CONTRATADO,SIN_NIVEL,5,3,2,60.0,265,486,0,0,0,0.00026399863559876816,0.9997360013644012,Docente Sintético 001073,5,0,0,5,0,86.9,14.75,ALTO,SIN ACTIVIDAD 90D,SIN ACTIVIDAD 90D,,0–3,0
DOC_001074,TEMUCO,AUDITORÍA E INGENIERÍA EN CONTROL DE GESTIÓN,ADJUNTO,POR HORAS,INICIAL,14,13,1,92.86,2,209,4,0,0,0.0482684015850507,0.9517315984149493,Docente Sintético 001074,2,1,1,32,4,80.04,15.258064516129032,ALTO,CON ACTIVIDAD 90D,CON ACTIVIDAD 90D,,10+,3–5
DOC_001075,TEMUCO,AUDITORÍA E INGENIERÍA EN CONTROL DE GESTIÓN,ADJUNTO,POR HORAS,INICIAL,15,15,0,100.0,5,198,8,1,1,0.7510071155160565,0.2489928844839435,Docente Sintético 001075,2,2,2,38,10,83.81,12.91891891891892,BAJO,CON ACTIVIDAD 90D,CON ACTIVIDAD 90D,,10+,6+
DOC_001077,TEMUCO,AUDITORÍA E INGENIERÍA EN CONTROL DE GESTIÓN,ADJUNTO,POR HORAS,SIN_NIVEL,6,6,0,100.0,6,699,5,1,1,0.7712445552824961,0.2287554447175038,Docente Sintético 001077,2,5,6,6,6,85.83,20.2,BAJO,CON ACTIVIDAD 90D,CON ACTIVIDAD 90D,,4–6,3–5
DOC_001078,TEMUCO,AUDITORÍA E INGENIERÍA EN CONTROL DE GESTIÓN,ADJUNTO,POR HORAS,INICIAL,14,14,0,100.0,455,493,0,0,0,0.0090101592068581,0.9909898407931418,Docente Sintético 001078,2,0,0,32,0,80.31,7.838709677419355,ALTO,SIN ACTIVIDAD 90D,SIN ACTIVIDAD 90D,,10+,0
DOC_001079,TEMUCO,AUDITORÍA E INGENIERÍA EN CONTROL DE GESTIÓN,ADJUNTO,POR HORAS,AVANZADO,18,18,0,100.0,85,224,1,0,0,0.1083568563486998,0.8916431436513002,Docente Sintético 001079,2,1,1,48,4,83.65,16.170212765957448,ALTO,CON ACTIVIDAD 90D,CON ACTIVIDAD 90D,,10+,1–2
DOC_001080,TEMUCO,AUDITORÍA E INGENIERÍA EN CONTROL DE GESTIÓN,ADJUNTO,POR HORAS,SIN_NIVEL,0,0,0,0.0,333,333,0,0,0,0.0002888088803213583,0.9997111911196788,Docente Sintético 001080,1,0,0,0,0,,,ALTO,SIN ACTIVIDAD 90D,SIN ACTIVIDAD 90D,≤50%,0–3,0
DOC_001081,TEMUCO,AUDITORÍA E INGENIERÍA EN CONTROL DE GESTIÓN,ADJUNTO,POR HORAS,SIN_NIVEL,0,0,0,0.0,121,121,0,0,0,0.0002888088803213583,0.9997111911196788,Docente Sintético 001081,1,0,0,0,0,,,ALTO,SIN ACTIVIDAD 90D,SIN ACTIVIDAD 90D,≤50%,0–3,0
DOC_001082,TEMUCO,AUDITORÍA E INGENIERÍA EN CONTROL DE GESTIÓN,ADJUNTO,POR HORAS,SIN_NIVEL,0,0,0,0.0,0,0,0,0,0,0.0003618999272872301,0.9996381000727128,Docente Sintético 001082,1,0,0,0,0,,,ALTO,SIN ACTIVIDAD 90D,SIN ACTIVIDAD 90D,≤50%,0–3,0
DOC_001083,TEMUCO,AUDITORÍA E INGENIERÍA EN CONTROL DE GESTIÓN,ADJUNTO,POR HORAS,SIN_NIVEL,0,0,0,0.0,0,0,0,0,0,0.0003618999272872301,0.9996381000727128,Docente Sintético 001083,1,0,0,0,0,,,ALTO,SIN ACTIVIDAD 90D,SIN ACTIVIDAD 90D,≤50%,0–3,0
DOC_001084,TEMUCO,AUDITORÍA E INGENIERÍA EN CONTROL DE GESTIÓN,ADJUNTO,POR HORAS,HABILITANTE,9,9,0,100.0,640,676,0,0,0,0.0073045971858223,0.9926954028141776,Docente Sintético 001084,1,0,0,12,0,88.19,5.181818181818182,ALTO,SIN ACTIVIDAD 90D,SIN ACTIVIDAD 90D,,7–9,0
DOC_001085,TEMUCO,DEPARTAMENTO DE ANÁLISIS DE DATOS,REGULAR,CONTRATADO,AVANZADO,20,19,1,95.0,3,223,9,0,0,0.0576996107839502,0.9423003892160496,Docente Sintético 001085,5,3,3,56,12,81.27,15.2,ALTO,CON ACTIVIDAD 90D,CON ACTIVIDAD 90D,,10+,6+
DOC_001086,TEMUCO,DEPARTAMENTO DE ANÁLISIS DE DATOS,ADJUNTO,POR HORAS,HABILITANTE,9,8,1,88.89,2,59,8,0,0,0.0414753235395491,0.9585246764604508,Docente Sintético 001086,1,5,9,12,12,87.41,10.272727272727272,ALTO,CON ACTIVIDAD 90D,CON ACTIVIDAD 90D,,7–9,6+
DOC_001087,TEMUCO,DEPARTAMENTO DE CIENCIAS BIOLÓGICAS,REGULAR,CONTRATADO,SIN_NIVEL,4,3,1,75.0,312,333,0,0,0,0.00026399863559876816,0.9997360013644012,Docente Sintético 001087,5,0,0,4,0,86.12,5.0,ALTO,SIN ACTIVIDAD 90D,SIN ACTIVIDAD 90D,,0–3,0
DOC_001088,TEMUCO,DEPARTAMENTO DE CIENCIAS BIOLÓGICAS,REGULAR,CONTRATADO,SIN_NIVEL,0,0,0,0.0,0,0,0,0,0,0.0003618999272872301,0.9996381000727128,Docente Sintético 001088,5,0,0,0,0,,,ALTO,SIN ACTIVIDAD 90D,SIN ACTIVIDAD 90D,≤50%,0–3,0
DOC_001089,TEMUCO,DEPARTAMENTO DE CIENCIAS BIOLÓGICAS,REGULAR,CONTRATADO,HABILITANTE,10,9,1,90.0,142,272,0,0,0,0.0002564676192181944,0.9997435323807818,Docente Sintético 001089,5,0,2,16,5,86.2,11.8,ALTO,SIN ACTIVIDAD 90D,SIN ACTIVIDAD 90D,,7–9,0
DOC_001090,TEMUCO,DEPARTAMENTO DE CIENCIAS BIOLÓGICAS,REGULAR,CONTRATADO,AVANZADO,19,17,2,89.47,243,347,0,0,0,0.0006352537699294786,0.9993647462300704,Docente Sintético 001090,5,0,0,52,0,81.64,8.882352941176471,ALTO,SIN ACTIVIDAD 90D,SIN ACTIVIDAD 90D,,10+,0
DOC_001091,TEMUCO,DEPARTAMENTO DE CIENCIAS BIOLÓGICAS,REGULAR,CONTRATADO,INICIAL,14,13,1,92.86,271,461,0,0,0,0.0022451500319212,0.9977548499680788,Docente Sintético 001091,5,0,0,32,0,79.51,18.387096774193548,ALTO,SIN ACTIVIDAD 90D,SIN ACTIVIDAD 90D,,10+,0
DOC_001093,TEMUCO,DEPARTAMENTO DE CIENCIAS BIOLÓGICAS,REGULAR,CONTRATADO,SIN_NIVEL,2,1,1,50.0,116,333,0,0,0,0.00032299568574626085,0.9996770043142538,Docente Sintético 001093,5,0,2,2,2,84.75,4.0,ALTO,SIN ACTIVIDAD 90D,SIN ACTIVIDAD 90D,,0–3,0
DOC_001094,TEMUCO,DEPARTAMENTO DE CIENCIAS BIOLÓGICAS,REGULAR,CONTRATADO,INICIAL,15,15,0,100.0,228,475,0,0,0,0.0100855471893409,0.9899144528106592,Docente Sintético 001094,5,0,0,36,0,82.91,17.714285714285715,ALTO,SIN ACTIVIDAD 90D,SIN ACTIVIDAD 90D,,10+,0
DOC_001095,TEMUCO,DEPARTAMENTO DE CIENCIAS BIOLÓGICAS,REGULAR,CONTRATADO,INICIAL,16,16,0,100.0,277,468,0,0,0,0.0137119052663505,0.9862880947336494,Docente Sintético 001095,5,0,0,40,0,82.44,14.538461538461538,ALTO,SIN ACTIVIDAD 90D,SIN ACTIVIDAD 90D,,10+,0
DOC_001096,TEMUCO,DEPARTAMENTO DE CIENCIAS BIOLÓGICAS,REGULAR,CONTRATADO,AVANZADO,17,17,0,100.0,3,68,7,0,0,0.275549110781383,0.724450889218617,Docente Sintético 001096,5,1,3,47,15,80.63,14.956521739130435,ALTO,CON ACTIVIDAD 90D,CON ACTIVIDAD 90D,,10+,6+
DOC_001097,TEMUCO,DEPARTAMENTO DE CIENCIAS BIOLÓGICAS,REGULAR,CONTRATADO,SIN_NIVEL,7,5,2,71.43,94,333,0,0,0,0.00163466158236,0.99836533841764,Docente Sintético 001097,5,0,7,7,7,82.73,3.333333333333333,ALTO,SIN ACTIVIDAD 90D,SIN ACTIVIDAD 90D,,4–6,0
DOC_001098,TEMUCO,DEPARTAMENTO DE CIENCIAS BIOLÓGICAS,REGULAR,CONTRATADO,SIN_NIVEL,0,0,0,0.0,486,486,0,0,0,0.0002888088803213583,0.9997111911196788,Docente Sintético 001098,5,0,0,0,0,,,ALTO,SIN ACTIVIDAD 90D,SIN ACTIVIDAD 90D,≤50%,0–3,0
DOC_001099,TEMUCO,DEPARTAMENTO DE CIENCIAS BIOLÓGICAS,REGULAR,CONTRATADO,HABILITANTE,12,12,0,100.0,604,817,0,0,0,0.0012799459600333,0.9987200540399668,Docente Sintético 001099,5,0,0,24,0,83.98,10.478260869565217,ALTO,SIN ACTIVIDAD 90D,SIN ACTIVIDAD 90D,,10+,0
DOC_001100,TEMUCO,DEPARTAMENTO DE CIENCIAS BIOLÓGICAS,REGULAR,CONTRATADO,AVANZADO,17,17,0,100.0,4,44,7,0,0,0.360127147158727,0.6398728528412729,Docente Sintético 001100,5,2,4,46,15,82.92,15.333333333333334,ALTO,CON ACTIVIDAD 90D,CON ACTIVIDAD 90D,,10+,6+
DOC_001101,TEMUCO,DEPARTAMENTO DE CIENCIAS BIOLÓGICAS,ADJUNTO,POR HORAS,AVANZADO,19,19,0,100.0,5,155,8,1,1,0.7170813587357359,0.2829186412642641,Docente Sintético 001101,3,2,3,55,14,85.62,15.462962962962964,BAJO,CON ACTIVIDAD 90D,CON ACTIVIDAD 90D,,10+,6+
DOC_001102,TEMUCO,DEPARTAMENTO DE CIENCIAS BIOLÓGICAS,ADJUNTO,POR HORAS,HABILITANTE,12,11,1,91.67,517,673,0,0,0,0.00012376974960717034,0.9998762302503929,Docente Sintético 001102,3,0,0,24,0,81.86,7.608695652173913,ALTO,SIN ACTIVIDAD 90D,SIN ACTIVIDAD 90D,,10+,0
DOC_001103,TEMUCO,DEPARTAMENTO DE CIENCIAS BIOLÓGICAS,ADJUNTO,POR HORAS,SIN_NIVEL,0,0,0,0.0,121,121,0,0,0,0.0002888088803213583,0.9997111911196788,Docente Sintético 001103,3,0,0,0,0,,,ALTO,SIN ACTIVIDAD 90D,SIN ACTIVIDAD 90D,≤50%,0–3,0
DOC_001104,TEMUCO,DEPARTAMENTO DE CIENCIAS BIOLÓGICAS,ADJUNTO,POR HORAS,AVANZADO,19,18,1,94.74,34,234,7,0,0,0.0204919972249608,0.9795080027750392,Docente Sintético 001104,3,2,2,52,8,81.55,16.03921568627451,ALTO,CON ACTIVIDAD 90D,CON ACTIVIDAD 90D,,10+,6+
DOC_001105,TEMUCO,DEPARTAMENTO DE CIENCIAS BIOLÓGICAS,ADJUNTO,POR HORAS,AVANZADO,17,17,0,100.0,1,63,5,0,0,0.268692548345774,0.731307451654226,Docente Sintético 001105,3,1,3,46,14,83.25,15.266666666666667,ALTO,CON ACTIVIDAD 90D,CON ACTIVIDAD 90D,,10+,3–5
DOC_001106,TEMUCO,DEPARTAMENTO DE CIENCIAS BIOLÓGICAS,ADJUNTO,POR HORAS,INICIAL,17,15,2,88.24,129,470,0,0,0,0.0049653460017121,0.9950346539982878,Docente Sintético 001106,3,0,2,44,6,81.75,16.488372093023255,ALTO,SIN ACTIVIDAD 90D,SIN ACTIVIDAD 90D,,10+,0
DOC_001107,TEMUCO,DEPARTAMENTO DE CIENCIAS BIOLÓGICAS,ADJUNTO,POR HORAS,HABILITANTE,11,8,3,72.73,643,798,0,0,0,0.00012376974960717034,0.9998762302503929,Docente Sintético 001107,3,0,0,20,0,82.15,10.842105263157896,ALTO,SIN ACTIVIDAD 90D,SIN ACTIVIDAD 90D,,7–9,0
DOC_001108,TEMUCO,DEPARTAMENTO DE CIENCIAS BIOLÓGICAS,ADJUNTO,POR HORAS,SIN_NIVEL,0,0,0,0.0,121,121,0,0,0,0.0002888088803213583,0.9997111911196788,Docente Sintético 001108,3,0,0,0,0,,,ALTO,SIN ACTIVIDAD 90D,SIN ACTIVIDAD 90D,≤50%,0–3,0
DOC_001109,TEMUCO,DEPARTAMENTO DE CIENCIAS BIOLÓGICAS,ADJUNTO,POR HORAS,SIN_NIVEL,0,0,0,0.0,0,0,0,0,0,0.0003618999272872301,0.9996381000727128,Docente Sintético 001109,3,0,0,0,0,,,ALTO,SIN ACTIVIDAD 90D,SIN ACTIVIDAD 90D,≤50%,0–3,0
DOC_001111,TEMUCO,DEPARTAMENTO DE CIENCIAS BIOLÓGICAS,ADJUNTO,POR HORAS,INICIAL,14,14,0,100.0,168,231,0,0,0,0.0108463022398249,0.989153697760175,Docente Sintético 001111,3,0,1,32,2,86.12,21.90322580645161,ALTO,SIN ACTIVIDAD 90D,SIN ACTIVIDAD 90D,,10+,0
DOC_001112,TEMUCO,DEPARTAMENTO DE CIENCIAS BIOLÓGICAS,ADJUNTO,POR HORAS,INICIAL,15,15,0,100.0,217,373,0,0,0,0.0160520967691859,0.983947903230814,Docente Sintético 001112,3,0,0,36,0,79.47,17.914285714285715,ALTO,SIN ACTIVIDAD 90D,SIN ACTIVIDAD 90D,,10+,0
DOC_001114,TEMUCO,DEPARTAMENTO DE CIENCIAS BIOLÓGICAS,ADJUNTO,POR HORAS,AVANZADO,17,17,0,100.0,3,59,8,0,0,0.3732390107305103,0.6267609892694896,Docente Sintético 001114,3,2,4,47,18,84.31,15.065217391304348,ALTO,CON ACTIVIDAD 90D,CON ACTIVIDAD 90D,,10+,6+
DOC_001115,TEMUCO,DEPARTAMENTO DE CIENCIAS BIOLÓGICAS,ADJUNTO,POR HORAS,AVANZADO,18,18,0,100.0,0,45,8,0,0,0.3708997664948593,0.6291002335051407,Docente Sintético 001115,3,2,5,48,18,81.19,14.851063829787234,ALTO,CON ACTIVIDAD 90D,CON ACTIVIDAD 90D,,10+,6+
DOC_001116,TEMUCO,DEPARTAMENTO DE CIENCIAS BIOLÓGICAS,ADJUNTO,POR HORAS,HABILITANTE,12,12,0,100.0,234,419,0,0,0,0.0011799758806557,0.9988200241193442,Docente Sintético 001116,3,0,0,24,0,82.76,10.608695652173912,ALTO,SIN ACTIVIDAD 90D,SIN ACTIVIDAD 90D,,10+,0
DOC_001117,TEMUCO,DEPARTAMENTO DE CIENCIAS BIOLÓGICAS,ADJUNTO,POR HORAS,SIN_NIVEL,0,0,0,0.0,0,0,0,0,0,0.0003618999272872301,0.9996381000727128,Docente Sintético 001117,3,0,0,0,0,,,ALTO,SIN ACTIVIDAD 90D,SIN ACTIVIDAD 90D,≤50%,0–3,0
DOC_001118,TEMUCO,DEPARTAMENTO DE CIENCIAS BIOLÓGICAS,ADJUNTO,POR HORAS,HABILITANTE,12,11,1,91.67,131,419,0,0,0,0.0003819596270002482,0.9996180403729996,Docente Sintético 001118,3,0,2,24,6,82.74,14.91304347826087,ALTO,SIN ACTIVIDAD 90D,SIN ACTIVIDAD 90D,,10+,0
DOC_001119,TEMUCO,DEPARTAMENTO DE CIENCIAS BIOLÓGICAS,ADJUNTO,POR HORAS,SIN_NIVEL,8,6,2,75.0,52,486,5,0,0,0.0079917830260348,0.9920082169739652,Docente Sintético 001119,2,5,8,8,8,86.92,8.571428571428571,ALTO,CON ACTIVIDAD 90D,CON ACTIVIDAD 90D,,4–6,3–5
DOC_001120,TEMUCO,DEPARTAMENTO DE CIENCIAS BIOLÓGICAS,ADJUNTO,POR HORAS,AVANZADO,19,19,0,100.0,237,351,0,0,0,0.0043382045986264,0.9956617954013736,Docente Sintético 001120,2,0,0,52,0,82.2,8.96078431372549,ALTO,SIN ACTIVIDAD 90D,SIN ACTIVIDAD 90D,,10+,0
DOC_001121,TEMUCO,DEPARTAMENTO DE CIENCIAS BIOLÓGICAS,ADJUNTO,POR HORAS,HABILITANTE,10,9,1,90.0,505,635,0,0,0,0.00016143453303466563,0.9998385654669654,Docente Sintético 001121,2,0,0,16,0,85.69,12.6,ALTO,SIN ACTIVIDAD 90D,SIN ACTIVIDAD 90D,,7–9,0
DOC_001122,TEMUCO,DEPARTAMENTO DE CIENCIAS BIOLÓGICAS,ADJUNTO,POR HORAS,AVANZADO,20,20,0,100.0,8,158,10,1,1,0.7861082461377753,0.2138917538622247,Docente Sintético 001122,2,3,4,56,16,81.78,12.527272727272727,BAJO,CON ACTIVIDAD 90D,CON ACTIVIDAD 90D,,10+,6+
DOC_001124,TEMUCO,DEPARTAMENTO DE CIENCIAS BIOLÓGICAS,ADJUNTO,POR HORAS,HABILITANTE,9,9,0,100.0,346,425,0,0,0,0.0013364431351746,0.9986635568648252,Docente Sintético 001124,2,0,0,12,0,85.08,12.454545454545457,ALTO,SIN ACTIVIDAD 90D,SIN ACTIVIDAD 90D,,7–9,0
DOC_001125,TEMUCO,DEPARTAMENTO DE CIENCIAS BIOLÓGICAS,ADJUNTO,POR HORAS,SIN_NIVEL,0,0,0,0.0,333,333,0,0,0,0.0002888088803213583,0.9997111911196788,Docente Sintético 001125,2,0,0,0,0,,,ALTO,SIN ACTIVIDAD 90D,SIN ACTIVIDAD 90D,≤50%,0–3,0
DOC_001126,TEMUCO,DEPARTAMENTO DE CIENCIAS BIOLÓGICAS,ADJUNTO,POR HORAS,SIN_NIVEL,0,0,0,0.0,333,333,0,0,0,0.0002888088803213583,0.9997111911196788,Docente Sintético 001126,2,0,0,0,0,,,ALTO,SIN ACTIVIDAD 90D,SIN ACTIVIDAD 90D,≤50%,0–3,0
DOC_001127,TEMUCO,DEPARTAMENTO DE FÍSICA-QUÍMICA,REGULAR,CONTRATADO,SIN_NIVEL,0,0,0,0.0,333,333,0,0,0,0.00013208188174271493,0.9998679181182571,Docente Sintético 001127,6,0,0,0,0,,,ALTO,SIN ACTIVIDAD 90D,SIN ACTIVIDAD 90D,≤50%,0–3,0
DOC_001128,TEMUCO,DEPARTAMENTO DE FÍSICA-QUÍMICA,REGULAR,CONTRATADO,HABILITANTE,12,12,0,100.0,610,794,0,0,0,0.0006084081356638125,0.9993915918643362,Docente Sintético 001128,6,0,0,24,0,85.21,9.956521739130435,ALTO,SIN ACTIVIDAD 90D,SIN ACTIVIDAD 90D,,10+,0
DOC_001129,TEMUCO,DEPARTAMENTO DE FÍSICA-QUÍMICA,ADJUNTO,POR HORAS,AVANZADO,18,18,0,100.0,273,351,0,0,0,0.0219462043821806,0.9780537956178194,Docente Sintético 001129,3,0,0,48,0,81.44,12.191489361702128,ALTO,SIN ACTIVIDAD 90D,SIN ACTIVIDAD 90D,,10+,0
DOC_001130,TEMUCO,DEPARTAMENTO DE FÍSICA-QUÍMICA,ADJUNTO,POR HORAS,SIN_NIVEL,7,3,4,42.86,459,699,0,0,0,0.00011537344398164558,0.9998846265560184,Docente Sintético 001130,3,0,0,7,0,75.09,4.0,ALTO,SIN ACTIVIDAD 90D,SIN ACTIVIDAD 90D,,0–3,0
DOC_001131,TEMUCO,DEPARTAMENTO DE FÍSICA-QUÍMICA,ADJUNTO,POR HORAS,SIN_NIVEL,8,5,3,62.5,650,852,0,0,0,0.00011537344398164558,0.9998846265560184,Docente Sintético 001131,3,0,0,8,0,83.15,6.142857142857143,ALTO,SIN ACTIVIDAD 90D,SIN ACTIVIDAD 90D,,4–6,0
DOC_001132,TEMUCO,DEPARTAMENTO DE FÍSICA-QUÍMICA,ADJUNTO,POR HORAS,SIN_NIVEL,3,2,1,66.67,442,699,0,0,0,0.00020195353056173213,0.9997980464694384,Docente Sintético 001132,3,0,0,3,0,78.5,18.5,ALTO,SIN ACTIVIDAD 90D,SIN ACTIVIDAD 90D,,0–3,0
DOC_001133,TEMUCO,DEPARTAMENTO DE MATEMÁTICAS,REGULAR,CONTRATADO,SIN_NIVEL,0,0,0,0.0,333,333,0,0,0,0.0002888088803213583,0.9997111911196788,Docente Sintético 001133,6,0,0,0,0,,,ALTO,SIN ACTIVIDAD 90D,SIN ACTIVIDAD 90D,≤50%,0–3,0
DOC_001134,TEMUCO,DEPARTAMENTO DE MATEMÁTICAS,REGULAR,CONTRATADO,HABILITANTE,8,8,0,100.0,2,56,7,0,0,0.049571504825386,0.950428495174614,Docente Sintético 001134,5,5,8,10,10,86.29,12.0,ALTO,CON ACTIVIDAD 90D,CON ACTIVIDAD 90D,,7–9,6+
DOC_001135,TEMUCO,DEPARTAMENTO DE MATEMÁTICAS,REGULAR,CONTRATADO,AVANZADO,18,18,0,100.0,1,210,4,0,0,0.238231060059973,0.7617689399400269,Docente Sintético 001135,5,1,1,48,4,81.81,18.0,ALTO,CON ACTIVIDAD 90D,CON ACTIVIDAD 90D,,10+,3–5
DOC_001136,TEMUCO,DEPARTAMENTO DE MATEMÁTICAS,REGULAR,CONTRATADO,INICIAL,14,14,0,100.0,357,556,0,0,0,0.0067278872401031,0.9932721127598968,Docente Sintético 001136,5,0,0,32,0,83.7,15.806451612903226,ALTO,SIN ACTIVIDAD 90D,SIN ACTIVIDAD 90D,,10+,0
DOC_001137,TEMUCO,DEPARTAMENTO DE MATEMÁTICAS,REGULAR,CONTRATADO,SIN_NIVEL,6,3,3,50.0,246,486,0,0,0,0.00026399863559876816,0.9997360013644012,Docente Sintético 001137,5,0,0,6,0,84.15,14.6,ALTO,SIN ACTIVIDAD 90D,SIN ACTIVIDAD 90D,,0–3,0
DOC_001138,TEMUCO,DEPARTAMENTO DE MATEMÁTICAS,REGULAR,CONTRATADO,HABILITANTE,9,9,0,100.0,347,568,0,0,0,0.0011624422568259,0.998837557743174,Docente Sintético 001138,5,0,0,12,0,85.71,32.0,ALTO,SIN ACTIVIDAD 90D,SIN ACTIVIDAD 90D,,7–9,0
DOC_001139,TEMUCO,DEPARTAMENTO DE MATEMÁTICAS,REGULAR,CONTRATADO,SIN_NIVEL,0,0,0,0.0,486,486,0,0,0,0.0002888088803213583,0.9997111911196788,Docente Sintético 001139,5,0,0,0,0,,,ALTO,SIN ACTIVIDAD 90D,SIN ACTIVIDAD 90D,≤50%,0–3,0
DOC_001140,TEMUCO,DEPARTAMENTO DE MATEMÁTICAS,ADJUNTO,POR HORAS,INICIAL,17,15,2,88.24,115,417,0,0,0,0.0021788339119117,0.9978211660880882,Docente Sintético 001140,3,0,2,44,8,80.95,16.767441860465116,ALTO,SIN ACTIVIDAD 90D,SIN ACTIVIDAD 90D,,10+,0
DOC_001141,TEMUCO,DEPARTAMENTO DE MATEMÁTICAS,ADJUNTO,POR HORAS,SIN_NIVEL,1,1,0,100.0,112,121,0,0,0,0.0035882784600297,0.9964117215399704,Docente Sintético 001141,3,0,1,1,1,100.0,,ALTO,SIN ACTIVIDAD 90D,SIN ACTIVIDAD 90D,,0–3,0
DOC_001142,TEMUCO,DEPARTAMENTO DE MATEMÁTICAS,ADJUNTO,POR HORAS,AVANZADO,21,19,2,90.48,269,452,0,0,0,0.0005529492431805074,0.9994470507568196,Docente Sintético 001142,3,0,0,60,0,79.75,9.88135593220339,ALTO,SIN ACTIVIDAD 90D,SIN ACTIVIDAD 90D,,10+,0
DOC_001143,TEMUCO,DEPARTAMENTO DE MATEMÁTICAS,ADJUNTO,POR HORAS,SIN_NIVEL,0,0,0,0.0,0,0,0,0,0,0.0003618999272872301,0.9996381000727128,Docente Sintético 001143,3,0,0,0,0,,,ALTO,SIN ACTIVIDAD 90D,SIN ACTIVIDAD 90D,≤50%,0–3,0
DOC_001144,TEMUCO,DEPARTAMENTO DE MATEMÁTICAS,ADJUNTO,POR HORAS,SIN_NIVEL,5,4,1,80.0,93,333,0,0,0,0.00032299568574626085,0.9996770043142538,Docente Sintético 001144,3,0,5,5,5,84.26,6.25,ALTO,SIN ACTIVIDAD 90D,SIN ACTIVIDAD 90D,,4–6,0
DOC_001145,TEMUCO,DEPARTAMENTO DE MATEMÁTICAS,ADJUNTO,POR HORAS,HABILITANTE,9,9,0,100.0,456,537,0,0,0,0.001249022343406,0.998750977656594,Docente Sintético 001145,3,0,0,12,0,90.12,20.181818181818183,ALTO,SIN ACTIVIDAD 90D,SIN ACTIVIDAD 90D,,7–9,0
DOC_001146,TEMUCO,DEPARTAMENTO DE MATEMÁTICAS,ADJUNTO,POR HORAS,SIN_NIVEL,5,5,0,100.0,17,852,4,1,0,0.4191456453509347,0.5808543546490652,Docente Sintético 001146,3,4,5,5,5,85.9,21.0,MEDIO,CON ACTIVIDAD 90D,CON ACTIVIDAD 90D,,4–6,3–5
DOC_001147,TEMUCO,DEPARTAMENTO DE MATEMÁTICAS,ADJUNTO,POR HORAS,AVANZADO,20,19,1,95.0,94,232,0,0,0,0.0030964402737834,0.9969035597262166,Docente Sintético 001147,3,0,3,56,9,79.63,13.654545454545454,ALTO,SIN ACTIVIDAD 90D,SIN ACTIVIDAD 90D,,10+,0
DOC_001148,TEMUCO,DEPARTAMENTO DE MATEMÁTICAS,ADJUNTO,POR HORAS,SIN_NIVEL,8,5,3,62.5,302,486,0,0,0,0.00022633385217127292,0.9997736661478288,Docente Sintético 001148,3,0,0,8,0,83.26,4.285714285714286,ALTO,SIN ACTIVIDAD 90D,SIN ACTIVIDAD 90D,,4–6,0
DOC_001149,TEMUCO,DEPARTAMENTO DE MATEMÁTICAS,ADJUNTO,POR HORAS,HABILITANTE,12,10,2,83.33,517,674,0,0,0,0.00012376974960717034,0.9998762302503929,Docente Sintético 001149,3,0,0,24,0,79.15,7.913043478260869,ALTO,SIN ACTIVIDAD 90D,SIN ACTIVIDAD 90D,,10+,0
DOC_001150,TEMUCO,DEPARTAMENTO DE MATEMÁTICAS,ADJUNTO,POR HORAS,SIN_NIVEL,8,6,2,75.0,57,333,5,0,0,0.0146584496927014,0.9853415503072984,Docente Sintético 001150,3,5,8,8,8,91.51,8.0,ALTO,CON ACTIVIDAD 90D,CON ACTIVIDAD 90D,,4–6,3–5
DOC_001152,TEMUCO,DEPARTAMENTO DE MATEMÁTICAS,ADJUNTO,POR HORAS,HABILITANTE,12,10,2,83.33,516,670,0,0,0,0.00012376974960717034,0.9998762302503929,Docente Sintético 001152,3,0,0,24,0,82.23,7.956521739130435,ALTO,SIN ACTIVIDAD 90D,SIN ACTIVIDAD 90D,,10+,0
DOC_001153,TEMUCO,DERECHO,REGULAR,CONTRATADO,HABILITANTE,8,8,0,100.0,8,204,2,0,0,0.0229840235200665,0.9770159764799334,Docente Sintético 001153,5,0,0,10,2,91.99,36.11111111111112,ALTO,CON ACTIVIDAD 90D,CON ACTIVIDAD 90D,,7–9,1–2
DOC_001154,TEMUCO,DERECHO,REGULAR,CONTRATADO,SIN_NIVEL,0,0,0,0.0,121,121,0,0,0,0.0002888088803213583,0.9997111911196788,Docente Sintético 001154,5,0,0,0,0,,,ALTO,SIN ACTIVIDAD 90D,SIN ACTIVIDAD 90D,≤50%,0–3,0
DOC_001155,TEMUCO,DERECHO,REGULAR,CONTRATADO,HABILITANTE,10,10,0,100.0,687,787,0,0,0,0.0006379305191556929,0.9993620694808444,Docente Sintético 001155,5,0,0,16,0,86.64,10.333333333333334,ALTO,SIN ACTIVIDAD 90D,SIN ACTIVIDAD 90D,,10+,0
DOC_001156,TEMUCO,DERECHO,REGULAR,CONTRATADO,INICIAL,17,16,1,94.12,242,451,0,0,0,0.0022722477419078,0.997727752258092,Docente Sintético 001156,5,0,0,44,0,80.09,14.069767441860463,ALTO,SIN ACTIVIDAD 90D,SIN ACTIVIDAD 90D,,10+,0
DOC_001157,TEMUCO,DERECHO,REGULAR,CONTRATADO,AVANZADO,19,18,1,94.74,58,237,5,0,0,0.0106603291471265,0.9893396708528734,Docente Sintético 001157,5,2,2,52,8,82.03,15.549019607843135,ALTO,CON ACTIVIDAD 90D,CON ACTIVIDAD 90D,,10+,3–5
DOC_001158,TEMUCO,DERECHO,REGULAR,CONTRATADO,SIN_NIVEL,7,3,4,42.86,309,333,0,0,0,0.00022633385217127292,0.9997736661478288,Docente Sintético 001158,5,0,0,7,0,78.5,3.1666666666666665,ALTO,SIN ACTIVIDAD 90D,SIN ACTIVIDAD 90D,,0–3,0
DOC_001159,TEMUCO,DERECHO,REGULAR,CONTRATADO,HABILITANTE,10,9,1,90.0,601,795,0,0,0,0.00016143453303466563,0.9998385654669654,Docente Sintético 001159,5,0,0,16,0,85.22,16.133333333333333,ALTO,SIN ACTIVIDAD 90D,SIN ACTIVIDAD 90D,,7–9,0
DOC_001160,TEMUCO,DERECHO,ADJUNTO,POR HORAS,HABILITANTE,9,9,0,100.0,733,825,0,0,0,0.0006379305191556929,0.9993620694808444,Docente Sintético 001160,2,0,0,12,0,86.47,10.818181818181818,ALTO,SIN ACTIVIDAD 90D,SIN ACTIVIDAD 90D,,7–9,0
DOC_001161,TEMUCO,DERECHO,ADJUNTO,POR HORAS,AVANZADO,19,19,0,100.0,5,183,6,1,1,0.5436215837387943,0.4563784162612057,Docente Sintético 001161,2,2,2,53,9,81.95,16.115384615384617,MEDIO,CON ACTIVIDAD 90D,CON ACTIVIDAD 90D,,10+,6+
DOC_001162,TEMUCO,DERECHO,ADJUNTO,POR HORAS,HABILITANTE,9,8,1,88.89,724,786,0,0,0,0.00016143453303466563,0.9998385654669654,Docente Sintético 001162,2,0,0,12,0,85.4,10.909090909090908,ALTO,SIN ACTIVIDAD 90D,SIN ACTIVIDAD 90D,,7–9,0
DOC_001163,TEMUCO,DERECHO,ADJUNTO,POR HORAS,SIN_NIVEL,0,0,0,0.0,333,333,0,0,0,0.0002888088803213583,0.9997111911196788,Docente Sintético 001163,2,0,0,0,0,,,ALTO,SIN ACTIVIDAD 90D,SIN ACTIVIDAD 90D,≤50%,0–3,0
DOC_001164,TEMUCO,DERECHO,ADJUNTO,POR HORAS,AVANZADO,20,20,0,100.0,2,244,9,1,1,0.8357098402280683,0.1642901597719317,Docente Sintético 001164,2,3,3,56,12,82.5,15.2,BAJO,CON ACTIVIDAD 90D,CON ACTIVIDAD 90D,,10+,6+
DOC_001165,TEMUCO,DERECHO,ADJUNTO,POR HORAS,HABILITANTE,10,10,0,100.0,687,784,0,0,0,0.0006379305191556929,0.9993620694808444,Docente Sintético 001165,2,0,0,16,0,87.9,10.266666666666667,ALTO,SIN ACTIVIDAD 90D,SIN ACTIVIDAD 90D,,10+,0
DOC_001166,TEMUCO,DERECHO,ADJUNTO,POR HORAS,HABILITANTE,12,11,1,91.67,613,823,0,0,0,0.00016143453303466563,0.9998385654669654,Docente Sintético 001166,2,0,0,24,0,84.1,10.26086956521739,ALTO,SIN ACTIVIDAD 90D,SIN ACTIVIDAD 90D,,10+,0
DOC_001167,TEMUCO,DERECHO,ADJUNTO,POR HORAS,AVANZADO,17,17,0,100.0,3,115,2,1,0,0.4680987405947326,0.5319012594052673,Docente Sintético 001167,2,0,1,46,6,81.01,15.355555555555556,MEDIO,CON ACTIVIDAD 90D,CON ACTIVIDAD 90D,,10+,1–2
DOC_001168,TEMUCO,DERECHO,ADJUNTO,POR HORAS,INICIAL,13,13,0,100.0,104,104,0,0,0,0.0260922536764698,0.9739077463235302,Docente Sintético 001168,1,0,2,28,8,83.17,13.77777777777778,ALTO,SIN ACTIVIDAD 90D,SIN ACTIVIDAD 90D,,10+,0
DOC_001169,TEMUCO,DERECHO,ADJUNTO,POR HORAS,SIN_NIVEL,0,0,0,0.0,0,0,0,0,0,0.0003618999272872301,0.9996381000727128,Docente Sintético 001169,1,0,0,0,0,,,ALTO,SIN ACTIVIDAD 90D,SIN ACTIVIDAD 90D,≤50%,0–3,0
DOC_001170,TEMUCO,DERECHO,ADJUNTO,POR HORAS,SIN_NIVEL,0,0,0,0.0,121,121,0,0,0,0.0002888088803213583,0.9997111911196788,Docente Sintético 001170,1,0,0,0,0,,,ALTO,SIN ACTIVIDAD 90D,SIN ACTIVIDAD 90D,≤50%,0–3,0
DOC_001171,TEMUCO,DERECHO,ADJUNTO,POR HORAS,INICIAL,14,14,0,100.0,80,285,2,0,0,0.0528901418754912,0.9471098581245088,Docente Sintético 001171,1,1,1,32,4,86.39,19.70967741935484,ALTO,CON ACTIVIDAD 90D,CON ACTIVIDAD 90D,,10+,1–2
DOC_001172,TEMUCO,DERECHO,ADJUNTO,POR HORAS,AVANZADO,19,18,1,94.74,141,251,0,0,0,0.002667926306172,0.997332073693828,Docente Sintético 001172,1,0,2,52,5,79.27,13.84313725490196,ALTO,SIN ACTIVIDAD 90D,SIN ACTIVIDAD 90D,,10+,0
DOC_001173,TEMUCO,ENFERMERÍA,REGULAR,CONTRATADO,HABILITANTE,9,9,0,100.0,624,791,0,0,0,0.0011624422568259,0.998837557743174,Docente Sintético 001173,5,0,0,12,0,90.53,19.454545454545453,ALTO,SIN ACTIVIDAD 90D,SIN ACTIVIDAD 90D,,7–9,0
DOC_001174,TEMUCO,ENFERMERÍA,REGULAR,CONTRATADO,AVANZADO,20,18,2,90.0,290,436,0,0,0,0.0006352537699294786,0.9993647462300704,Docente Sintético 001174,5,0,0,56,0,77.92,10.2,ALTO,SIN ACTIVIDAD 90D,SIN ACTIVIDAD 90D,,10+,0
DOC_001175,TEMUCO,ENFERMERÍA,REGULAR,CONTRATADO,HABILITANTE,10,10,0,100.0,0,375,8,0,0,0.0782742257016793,0.9217257742983208,Docente Sintético 001175,5,2,2,18,10,90.31,28.294117647058822,ALTO,CON ACTIVIDAD 90D,CON ACTIVIDAD 90D,,10+,6+
DOC_001177,TEMUCO,ENFERMERÍA,ADJUNTO,POR HORAS,HABILITANTE,12,9,3,75.0,411,637,0,0,0,0.00012376974960717034,0.9998762302503929,Docente Sintético 001177,2,0,0,24,0,80.25,12.173913043478262,ALTO,SIN ACTIVIDAD 90D,SIN ACTIVIDAD 90D,,7–9,0
DOC_001178,TEMUCO,ENFERMERÍA,ADJUNTO,POR HORAS,HABILITANTE,9,9,0,100.0,640,672,0,0,0,0.000642264800613095,0.9993577351993868,Docente Sintético 001178,2,0,0,12,0,92.26,4.909090909090909,ALTO,SIN ACTIVIDAD 90D,SIN ACTIVIDAD 90D,,7–9,0
DOC_001179,TEMUCO,ENFERMERÍA,ADJUNTO,POR HORAS,HABILITANTE,10,10,0,100.0,133,380,0,0,0,0.0021103281958623,0.9978896718041376,Docente Sintético 001179,2,0,1,16,4,89.39,22.8,ALTO,SIN ACTIVIDAD 90D,SIN ACTIVIDAD 90D,,10+,0
DOC_001180,TEMUCO,ENFERMERÍA,ADJUNTO,POR HORAS,INICIAL,13,13,0,100.0,130,130,0,0,0,0.0251936273395711,0.9748063726604288,Docente Sintético 001180,2,0,1,28,4,84.17,20.88888888888889,ALTO,SIN ACTIVIDAD 90D,SIN ACTIVIDAD 90D,,10+,0
DOC_001181,TEMUCO,ENFERMERÍA,ADJUNTO,POR HORAS,HABILITANTE,13,12,1,92.31,565,793,0,0,0,0.00016143453303466563,0.9998385654669654,Docente Sintético 001181,2,0,0,28,0,83.78,10.296296296296296,ALTO,SIN ACTIVIDAD 90D,SIN ACTIVIDAD 90D,,10+,0
DOC_001182,TEMUCO,ENFERMERÍA,ADJUNTO,POR HORAS,SIN_NIVEL,0,0,0,0.0,121,121,0,0,0,0.0002888088803213583,0.9997111911196788,Docente Sintético 001182,1,0,0,0,0,,,ALTO,SIN ACTIVIDAD 90D,SIN ACTIVIDAD 90D,≤50%,0–3,0
DOC_001183,TEMUCO,ENFERMERÍA,ADJUNTO,POR HORAS,SIN_NIVEL,1,1,0,100.0,478,699,0,0,0,0.0006686526987815273,0.9993313473012184,Docente Sintético 001183,1,0,0,1,0,83.3,,ALTO,SIN ACTIVIDAD 90D,SIN ACTIVIDAD 90D,,0–3,0
DOC_001184,TEMUCO,FONOAUDIOLOGÍA,REGULAR,CONTRATADO,AVANZADO,21,19,2,90.48,170,349,0,0,0,0.0077948097400429,0.9922051902599572,Docente Sintético 001184,5,0,1,60,2,79.42,11.508474576271189,ALTO,SIN ACTIVIDAD 90D,SIN ACTIVIDAD 90D,,10+,0
DOC_001185,TEMUCO,FONOAUDIOLOGÍA,REGULAR,CONTRATADO,AVANZADO,17,17,0,100.0,6,154,2,1,0,0.4848390832205213,0.5151609167794786,Docente Sintético 001185,5,0,1,46,6,82.48,18.8,MEDIO,CON ACTIVIDAD 90D,CON ACTIVIDAD 90D,,10+,1–2
DOC_001186,TEMUCO,FONOAUDIOLOGÍA,REGULAR,CONTRATADO,AVANZADO,18,18,0,100.0,180,241,0,0,0,0.0410096388469125,0.9589903611530874,Docente Sintético 001186,5,0,1,48,1,82.04,14.170212765957446,ALTO,SIN ACTIVIDAD 90D,SIN ACTIVIDAD 90D,,10+,0
DOC_001187,TEMUCO,FONOAUDIOLOGÍA,REGULAR,CONTRATADO,HABILITANTE,13,10,3,76.92,381,633,0,0,0,0.00012376974960717034,0.9998762302503929,Docente Sintético 001187,5,0,0,28,0,76.78,11.74074074074074,ALTO,SIN ACTIVIDAD 90D,SIN ACTIVIDAD 90D,,10+,0
DOC_001188,TEMUCO,FONOAUDIOLOGÍA,REGULAR,CONTRATADO,AVANZADO,20,20,0,100.0,197,350,0,0,0,0.0104903114398194,0.9895096885601804,Docente Sintético 001188,5,0,0,56,0,80.89,9.090909090909092,ALTO,SIN ACTIVIDAD 90D,SIN ACTIVIDAD 90D,,10+,0
DOC_001189,TEMUCO,FONOAUDIOLOGÍA,ADJUNTO,POR HORAS,HABILITANTE,12,11,1,91.67,315,641,0,0,0,0.00024801461961475226,0.9997519853803852,Docente Sintético 001189,2,0,0,24,0,86.31,16.565217391304348,ALTO,SIN ACTIVIDAD 90D,SIN ACTIVIDAD 90D,,10+,0
DOC_001190,TEMUCO,FONOAUDIOLOGÍA,ADJUNTO,POR HORAS,INICIAL,15,14,1,93.33,228,376,0,0,0,0.0016541132485591,0.9983458867514408,Docente Sintético 001190,2,0,0,36,0,83.23,13.314285714285717,ALTO,SIN ACTIVIDAD 90D,SIN ACTIVIDAD 90D,,10+,0
DOC_001191,TEMUCO,FONOAUDIOLOGÍA,ADJUNTO,POR HORAS,INICIAL,13,13,0,100.0,92,92,0,0,0,0.0420344533206649,0.9579655466793352,Docente Sintético 001191,2,0,3,28,10,86.85,14.407407407407408,ALTO,SIN ACTIVIDAD 90D,SIN ACTIVIDAD 90D,,10+,0
DOC_001192,TEMUCO,FONOAUDIOLOGÍA,ADJUNTO,POR HORAS,AVANZADO,20,20,0,100.0,191,353,0,0,0,0.0164827992841648,0.9835172007158351,Docente Sintético 001192,2,0,0,56,0,83.4,9.127272727272729,ALTO,SIN ACTIVIDAD 90D,SIN ACTIVIDAD 90D,,10+,0
DOC_001193,TEMUCO,FONOAUDIOLOGÍA,ADJUNTO,POR HORAS,HABILITANTE,12,9,3,75.0,426,667,0,0,0,0.00012376974960717034,0.9998762302503929,Docente Sintético 001193,2,0,0,24,0,80.55,11.782608695652174,ALTO,SIN ACTIVIDAD 90D,SIN ACTIVIDAD 90D,,7–9,0
DOC_001194,TEMUCO,FONOAUDIOLOGÍA,ADJUNTO,POR HORAS,SIN_NIVEL,3,2,1,66.67,299,699,0,0,0,0.00022633385217127292,0.9997736661478288,Docente Sintético 001194,2,0,0,3,0,80.43,10.5,ALTO,SIN ACTIVIDAD 90D,SIN ACTIVIDAD 90D,,0–3,0
DOC_001195,TEMUCO,FONOAUDIOLOGÍA,ADJUNTO,POR HORAS,INICIAL,14,14,0,100.0,165,381,0,0,0,0.0140344169724372,0.9859655830275628,Docente Sintético 001195,1,0,1,32,2,86.29,17.06451612903226,ALTO,SIN ACTIVIDAD 90D,SIN ACTIVIDAD 90D,,10+,0
DOC_001196,TEMUCO,FONOAUDIOLOGÍA,ADJUNTO,POR HORAS,HABILITANTE,10,10,0,100.0,687,822,0,0,0,0.0007002358151058486,0.9992997641848942,Docente Sintético 001196,1,0,0,16,0,87.8,10.8,ALTO,SIN ACTIVIDAD 90D,SIN ACTIVIDAD 90D,,10+,0
DOC_001197,TEMUCO,FONOAUDIOLOGÍA,ADJUNTO,POR HORAS,SIN_NIVEL,4,2,2,50.0,675,699,0,0,0,0.00026399863559876816,0.9997360013644012,Docente Sintético 001197,1,0,0,4,0,84.5,6.0,ALTO,SIN ACTIVIDAD 90D,SIN ACTIVIDAD 90D,,0–3,0
DOC_001198,TEMUCO,FORMACIÓN GENERAL,REGULAR,CONTRATADO,SIN_NIVEL,0,0,0,0.0,0,0,0,0,0,0.0007865574615338054,0.9992134425384662,Docente Sintético 001198,5,0,0,0,0,,,ALTO,SIN ACTIVIDAD 90D,SIN ACTIVIDAD 90D,≤50%,0–3,0
DOC_001199,TEMUCO,FORMACIÓN GENERAL,REGULAR,CONTRATADO,SIN_NIVEL,3,2,1,66.67,319,333,0,0,0,0.0003176580530845149,0.9996823419469156,Docente Sintético 001199,5,0,0,3,0,80.4,4.5,ALTO,SIN ACTIVIDAD 90D,SIN ACTIVIDAD 90D,,0–3,0
DOC_001200,TEMUCO,FORMACIÓN GENERAL,REGULAR,CONTRATADO,AVANZADO,17,17,0,100.0,5,30,7,0,0,0.3335619909718845,0.6664380090281155,Docente Sintético 001200,5,2,4,46,16,82.1,18.444444444444443,ALTO,CON ACTIVIDAD 90D,CON ACTIVIDAD 90D,,10+,6+
DOC_001201,TEMUCO,FORMACIÓN GENERAL,REGULAR,CONTRATADO,SIN_NIVEL,0,0,0,0.0,121,121,0,0,0,0.0003801330812346003,0.9996198669187654,Docente Sintético 001201,5,0,0,0,0,,,ALTO,SIN ACTIVIDAD 90D,SIN ACTIVIDAD 90D,≤50%,0–3,0
DOC_001203,TEMUCO,FORMACIÓN GENERAL,REGULAR,CONTRATADO,SIN_NIVEL,0,0,0,0.0,0,0,0,0,0,0.0007865574615338054,0.9992134425384662,Docente Sintético 001203,5,0,0,0,0,,,ALTO,SIN ACTIVIDAD 90D,SIN ACTIVIDAD 90D,≤50%,0–3,0
DOC_001204,TEMUCO,FORMACIÓN GENERAL,REGULAR,CONTRATADO,SIN_NIVEL,6,5,1,83.33,251,486,0,0,0,0.00035532283651201014,0.999644677163488,Docente Sintético 001204,5,0,0,6,0,84.4,15.4,ALTO,SIN ACTIVIDAD 90D,SIN ACTIVIDAD 90D,,4–6,0
DOC_001205,TEMUCO,FORMACIÓN GENERAL,REGULAR,CONTRATADO,HABILITANTE,11,10,1,90.91,286,452,0,0,0,0.00025275873394790767,0.999747241266052,Docente Sintético 001205,5,0,0,20,0,83.99,10.210526315789474,ALTO,SIN ACTIVIDAD 90D,SIN ACTIVIDAD 90D,,10+,0
DOC_001206,TEMUCO,FORMACIÓN GENERAL,REGULAR,CONTRATADO,SIN_NIVEL,0,0,0,0.0,121,121,0,0,0,0.0003801330812346003,0.9996198669187654,Docente Sintético 001206,5,0,0,0,0,,,ALTO,SIN ACTIVIDAD 90D,SIN ACTIVIDAD 90D,≤50%,0–3,0
DOC_001207,TEMUCO,FORMACIÓN GENERAL,REGULAR,CONTRATADO,AVANZADO,17,17,0,100.0,44,44,6,0,0,0.0834200998191266,0.9165799001808732,Docente Sintético 001207,5,2,4,44,13,83.01,18.69767441860465,ALTO,CON ACTIVIDAD 90D,CON ACTIVIDAD 90D,,10+,6+
DOC_001208,TEMUCO,FORMACIÓN GENERAL,REGULAR,CONTRATADO,SIN_NIVEL,5,3,2,60.0,320,486,0,0,0,0.0003176580530845149,0.9996823419469156,Docente Sintético 001208,5,0,0,5,0,79.04,3.25,ALTO,SIN ACTIVIDAD 90D,SIN ACTIVIDAD 90D,,0–3,0
DOC_001209,TEMUCO,FORMACIÓN GENERAL,REGULAR,CONTRATADO,INICIAL,14,13,1,92.86,166,291,0,0,0,0.0021397759895507,0.9978602240104492,Docente Sintético 001209,5,0,1,32,2,79.54,16.903225806451612,ALTO,SIN ACTIVIDAD 90D,SIN ACTIVIDAD 90D,,10+,0
DOC_001210,TEMUCO,FORMACIÓN GENERAL,REGULAR,CONTRATADO,SIN_NIVEL,0,0,0,0.0,0,0,0,0,0,0.0007865574615338054,0.9992134425384662,Docente Sintético 001210,5,0,0,0,0,,,ALTO,SIN ACTIVIDAD 90D,SIN ACTIVIDAD 90D,≤50%,0–3,0
DOC_001211,TEMUCO,FORMACIÓN GENERAL,REGULAR,CONTRATADO,AVANZADO,17,17,0,100.0,5,59,6,1,0,0.3886533369550317,0.6113466630449682,Docente Sintético 001211,5,1,4,46,15,83.4,15.422222222222222,ALTO,CON ACTIVIDAD 90D,CON ACTIVIDAD 90D,,10+,6+
DOC_001212,TEMUCO,FORMACIÓN GENERAL,ADJUNTO,POR HORAS,SIN_NIVEL,6,5,1,83.33,318,486,0,0,0,0.00035532283651201014,0.999644677163488,Docente Sintético 001212,3,0,0,6,0,87.48,3.0,ALTO,SIN ACTIVIDAD 90D,SIN ACTIVIDAD 90D,,4–6,0
DOC_001213,TEMUCO,FORMACIÓN GENERAL,ADJUNTO,POR HORAS,HABILITANTE,12,12,0,100.0,332,638,0,0,0,0.0008591982228937935,0.9991408017771062,Docente Sintético 001213,3,0,0,24,0,83.23,15.347826086956522,ALTO,SIN ACTIVIDAD 90D,SIN ACTIVIDAD 90D,,10+,0
DOC_001214,TEMUCO,FORMACIÓN GENERAL,ADJUNTO,POR HORAS,SIN_NIVEL,0,0,0,0.0,121,121,0,0,0,0.0003801330812346003,0.9996198669187654,Docente Sintético 001214,3,0,0,0,0,,,ALTO,SIN ACTIVIDAD 90D,SIN ACTIVIDAD 90D,≤50%,0–3,0
DOC_001215,TEMUCO,FORMACIÓN GENERAL,ADJUNTO,POR HORAS,INICIAL,16,16,0,100.0,460,581,0,0,0,0.010502828733727,0.989497171266273,Docente Sintético 001215,3,0,0,40,0,80.34,9.923076923076923,ALTO,SIN ACTIVIDAD 90D,SIN ACTIVIDAD 90D,,10+,0
DOC_001216,TEMUCO,FORMACIÓN GENERAL,ADJUNTO,POR HORAS,HABILITANTE,13,12,1,92.31,560,779,0,0,0,0.00021509395052041235,0.9997849060494796,Docente Sintético 001216,3,0,0,28,0,83.12,10.62962962962963,ALTO,SIN ACTIVIDAD 90D,SIN ACTIVIDAD 90D,,10+,0
DOC_001217,TEMUCO,FORMACIÓN GENERAL,ADJUNTO,POR HORAS,HABILITANTE,10,9,1,90.0,690,825,0,0,0,0.00021509395052041235,0.9997849060494796,Docente Sintético 001217,3,0,0,16,0,83.04,10.533333333333331,ALTO,SIN ACTIVIDAD 90D,SIN ACTIVIDAD 90D,,7–9,0
DOC_001218,TEMUCO,FORMACIÓN GENERAL,ADJUNTO,POR HORAS,HABILITANTE,9,8,1,88.89,268,306,0,0,0,0.0002511299865564484,0.9997488700134436,Docente Sintético 001218,3,0,0,12,0,82.94,5.363636363636363,ALTO,SIN ACTIVIDAD 90D,SIN ACTIVIDAD 90D,,7–9,0
DOC_001219,TEMUCO,FORMACIÓN GENERAL,ADJUNTO,POR HORAS,SIN_NIVEL,0,0,0,0.0,333,333,0,0,0,0.0003801330812346003,0.9996198669187654,Docente Sintético 001219,3,0,0,0,0,,,ALTO,SIN ACTIVIDAD 90D,SIN ACTIVIDAD 90D,≤50%,0–3,0
DOC_001220,TEMUCO,FORMACIÓN GENERAL,ADJUNTO,POR HORAS,AVANZADO,20,18,2,90.0,291,441,0,0,0,0.0006442734440937495,0.9993557265559062,Docente Sintético 001220,3,0,0,56,0,80.78,10.090909090909092,ALTO,SIN ACTIVIDAD 90D,SIN ACTIVIDAD 90D,,10+,0
DOC_001221,TEMUCO,FORMACIÓN GENERAL,ADJUNTO,POR HORAS,HABILITANTE,11,10,1,90.91,175,360,0,0,0,0.00031175578409540025,0.9996882442159046,Docente Sintético 001221,3,0,1,20,1,88.54,16.0,ALTO,SIN ACTIVIDAD 90D,SIN ACTIVIDAD 90D,,10+,0
DOC_001222,TEMUCO,FORMACIÓN GENERAL,ADJUNTO,POR HORAS,HABILITANTE,10,9,1,90.0,582,780,0,0,0,0.00033933882052799425,0.999660661179472,Docente Sintético 001222,3,0,0,16,0,83.72,17.133333333333333,ALTO,SIN ACTIVIDAD 90D,SIN ACTIVIDAD 90D,,7–9,0
DOC_001223,TEMUCO,FORMACIÓN GENERAL,ADJUNTO,POR HORAS,SIN_NIVEL,0,0,0,0.0,0,0,0,0,0,0.0007865574615338054,0.9992134425384662,Docente Sintético 001223,3,0,0,0,0,,,ALTO,SIN ACTIVIDAD 90D,SIN ACTIVIDAD 90D,≤50%,0–3,0
DOC_001224,TEMUCO,FORMACIÓN GENERAL,ADJUNTO,POR HORAS,HABILITANTE,10,9,1,90.0,324,425,0,0,0,0.00025275873394790767,0.999747241266052,Docente Sintético 001224,3,0,0,16,0,85.41,10.2,ALTO,SIN ACTIVIDAD 90D,SIN ACTIVIDAD 90D,,7–9,0
DOC_001225,TEMUCO,FORMACIÓN GENERAL,ADJUNTO,POR HORAS,HABILITANTE,10,9,1,90.0,1,215,9,0,0,0.0416414804752287,0.9583585195247712,Docente Sintético 001225,3,2,2,18,10,85.46,19.176470588235293,ALTO,CON ACTIVIDAD 90D,CON ACTIVIDAD 90D,,7–9,6+
DOC_001226,TEMUCO,FORMACIÓN GENERAL,ADJUNTO,POR HORAS,SIN_NIVEL,0,0,0,0.0,0,0,0,0,0,0.0007865574615338054,0.9992134425384662,Docente Sintético 001226,3,0,0,0,0,,,ALTO,SIN ACTIVIDAD 90D,SIN ACTIVIDAD 90D,≤50%,0–3,0
DOC_001227,TEMUCO,FORMACIÓN GENERAL,ADJUNTO,POR HORAS,HABILITANTE,12,10,2,83.33,138,427,0,0,0,0.00031175578409540025,0.9996882442159046,Docente Sintético 001227,3,0,1,24,4,87.77,15.043478260869565,ALTO,SIN ACTIVIDAD 90D,SIN ACTIVIDAD 90D,,10+,0
DOC_001228,TEMUCO,FORMACIÓN GENERAL,ADJUNTO,POR HORAS,SIN_NIVEL,0,0,0,0.0,0,0,0,0,0,0.0007865574615338054,0.9992134425384662,Docente Sintético 001228,3,0,0,0,0,,,ALTO,SIN ACTIVIDAD 90D,SIN ACTIVIDAD 90D,≤50%,0–3,0
DOC_001229,TEMUCO,FORMACIÓN GENERAL,ADJUNTO,POR HORAS,HABILITANTE,11,10,1,90.91,374,640,0,0,0,0.00033933882052799425,0.999660661179472,Docente Sintético 001229,3,0,0,20,0,83.63,16.894736842105264,ALTO,SIN ACTIVIDAD 90D,SIN ACTIVIDAD 90D,,10+,0
DOC_001230,TEMUCO,FORMACIÓN GENERAL,ADJUNTO,POR HORAS,AVANZADO,17,17,0,100.0,6,56,7,0,0,0.2169009960956295,0.7830990039043705,Docente Sintético 001230,3,1,3,47,15,80.95,14.76086956521739,ALTO,CON ACTIVIDAD 90D,CON ACTIVIDAD 90D,,10+,6+
DOC_001231,TEMUCO,FORMACIÓN GENERAL,ADJUNTO,POR HORAS,SIN_NIVEL,4,1,3,25.0,83,333,1,0,0,0.0003766551032320076,0.999623344896768,Docente Sintético 001231,2,1,4,4,4,73.9,8.333333333333334,ALTO,CON ACTIVIDAD 90D,CON ACTIVIDAD 90D,,0–3,1–2
DOC_001232,TEMUCO,FORMACIÓN GENERAL,ADJUNTO,POR HORAS,SIN_NIVEL,1,1,0,100.0,478,486,0,0,0,0.0008019759645796667,0.9991980240354204,Docente Sintético 001232,2,0,0,1,0,98.5,,ALTO,SIN ACTIVIDAD 90D,SIN ACTIVIDAD 90D,,0–3,0
DOC_001233,TEMUCO,FORMACIÓN GENERAL,ADJUNTO,POR HORAS,SIN_NIVEL,0,0,0,0.0,0,0,0,0,0,0.0007865574615338054,0.9992134425384662,Docente Sintético 001233,2,0,0,0,0,,,ALTO,SIN ACTIVIDAD 90D,SIN ACTIVIDAD 90D,≤50%,0–3,0
DOC_001234,TEMUCO,FORMACIÓN GENERAL,ADJUNTO,POR HORAS,SIN_NIVEL,7,4,3,57.14,79,486,2,0,0,0.0016973662546537,0.9983026337453462,Docente Sintético 001234,2,2,7,7,7,80.06,7.0,ALTO,CON ACTIVIDAD 90D,CON ACTIVIDAD 90D,,4–6,1–2
DOC_001235,TEMUCO,FORMACIÓN GENERAL,ADJUNTO,POR HORAS,HABILITANTE,10,10,0,100.0,601,791,0,0,0,0.0010457483888515,0.9989542516111484,Docente Sintético 001235,2,0,0,16,0,86.07,16.666666666666668,ALTO,SIN ACTIVIDAD 90D,SIN ACTIVIDAD 90D,,10+,0
DOC_001236,TEMUCO,FORMACIÓN GENERAL,ADJUNTO,POR HORAS,INICIAL,17,14,3,82.35,248,552,0,0,0,0.0022764010083233,0.9977235989916766,Docente Sintético 001236,2,0,0,44,0,77.26,14.0,ALTO,SIN ACTIVIDAD 90D,SIN ACTIVIDAD 90D,,10+,0
DOC_001237,TEMUCO,FORMACIÓN GENERAL,ADJUNTO,POR HORAS,AVANZADO,19,19,0,100.0,135,258,0,0,0,0.0286565517627666,0.9713434482372334,Docente Sintético 001237,2,0,2,52,6,82.74,10.980392156862743,ALTO,SIN ACTIVIDAD 90D,SIN ACTIVIDAD 90D,,10+,0
DOC_001238,TEMUCO,INGENIERÍA CIVIL INDUSTRIAL,REGULAR,CONTRATADO,HABILITANTE,10,8,2,80.0,594,796,0,0,0,0.00012376974960717034,0.9998762302503929,Docente Sintético 001238,5,0,0,16,0,85.28,16.266666666666666,ALTO,SIN ACTIVIDAD 90D,SIN ACTIVIDAD 90D,,7–9,0
DOC_001239,TEMUCO,INGENIERÍA CIVIL INDUSTRIAL,REGULAR,CONTRATADO,AVANZADO,19,19,0,100.0,2,206,8,0,1,0.508306045413042,0.4916939545869579,Docente Sintético 001239,5,2,2,53,9,84.63,15.98076923076923,MEDIO,CON ACTIVIDAD 90D,CON ACTIVIDAD 90D,,10+,6+
DOC_001240,TEMUCO,INGENIERÍA CIVIL INDUSTRIAL,REGULAR,CONTRATADO,HABILITANTE,10,8,2,80.0,680,792,0,0,0,0.00012376974960717034,0.9998762302503929,Docente Sintético 001240,5,0,0,16,0,81.58,11.333333333333334,ALTO,SIN ACTIVIDAD 90D,SIN ACTIVIDAD 90D,,7–9,0
DOC_001242,TEMUCO,INGENIERÍA CIVIL INDUSTRIAL,REGULAR,CONTRATADO,SIN_NIVEL,0,0,0,0.0,486,486,0,0,0,0.0002888088803213583,0.9997111911196788,Docente Sintético 001242,5,0,0,0,0,,,ALTO,SIN ACTIVIDAD 90D,SIN ACTIVIDAD 90D,≤50%,0–3,0
DOC_001243,TEMUCO,INGENIERÍA CIVIL INDUSTRIAL,REGULAR,CONTRATADO,SIN_NIVEL,0,0,0,0.0,0,0,0,0,0,0.0003618999272872301,0.9996381000727128,Docente Sintético 001243,5,0,0,0,0,,,ALTO,SIN ACTIVIDAD 90D,SIN ACTIVIDAD 90D,≤50%,0–3,0
DOC_001244,TEMUCO,INGENIERÍA CIVIL INDUSTRIAL,ADJUNTO,POR HORAS,HABILITANTE,12,11,1,91.67,612,826,0,0,0,0.00012376974960717034,0.9998762302503929,Docente Sintético 001244,2,0,0,24,0,88.02,10.391304347826088,ALTO,SIN ACTIVIDAD 90D,SIN ACTIVIDAD 90D,,10+,0
DOC_001245,TEMUCO,INGENIERÍA CIVIL INDUSTRIAL,ADJUNTO,POR HORAS,SIN_NIVEL,0,0,0,0.0,121,121,0,0,0,0.0002888088803213583,0.9997111911196788,Docente Sintético 001245,2,0,0,0,0,,,ALTO,SIN ACTIVIDAD 90D,SIN ACTIVIDAD 90D,≤50%,0–3,0
DOC_001246,TEMUCO,INGENIERÍA CIVIL INDUSTRIAL,ADJUNTO,POR HORAS,SIN_NIVEL,0,0,0,0.0,0,0,0,0,0,0.0003618999272872301,0.9996381000727128,Docente Sintético 001246,2,0,0,0,0,,,ALTO,SIN ACTIVIDAD 90D,SIN ACTIVIDAD 90D,≤50%,0–3,0
DOC_001247,TEMUCO,INGENIERÍA CIVIL INDUSTRIAL,ADJUNTO,POR HORAS,SIN_NIVEL,1,1,0,100.0,118,121,0,0,0,0.0035506136766022,0.9964493863233976,Docente Sintético 001247,2,0,1,1,1,98.6,,ALTO,SIN ACTIVIDAD 90D,SIN ACTIVIDAD 90D,,0–3,0
DOC_001249,TEMUCO,INGENIERÍA CIVIL INDUSTRIAL,ADJUNTO,POR HORAS,AVANZADO,17,17,0,100.0,6,109,1,1,1,0.5400719029051549,0.459928097094845,Docente Sintético 001249,2,0,2,45,7,83.23,18.75,MEDIO,CON ACTIVIDAD 90D,CON ACTIVIDAD 90D,,10+,1–2
DOC_001250,TEMUCO,INGENIERÍA CIVIL INDUSTRIAL,ADJUNTO,POR HORAS,SIN_NIVEL,0,0,0,0.0,0,0,0,0,0,0.0003618999272872301,0.9996381000727128,Docente Sintético 001250,1,0,0,0,0,,,ALTO,SIN ACTIVIDAD 90D,SIN ACTIVIDAD 90D,≤50%,0–3,0
DOC_001251,TEMUCO,INGENIERÍA CIVIL INDUSTRIAL,ADJUNTO,POR HORAS,INICIAL,15,15,0,100.0,310,558,0,0,0,0.0143166293768629,0.985683370623137,Docente Sintético 001251,1,0,0,36,0,83.49,15.17142857142857,ALTO,SIN ACTIVIDAD 90D,SIN ACTIVIDAD 90D,,10+,0
DOC_001252,TEMUCO,INGENIERÍA CIVIL INDUSTRIAL,ADJUNTO,POR HORAS,HABILITANTE,13,12,1,92.31,375,647,0,0,0,0.0067904364162738,0.993209563583726,Docente Sintético 001252,1,0,0,28,0,84.98,11.62962962962963,ALTO,SIN ACTIVIDAD 90D,SIN ACTIVIDAD 90D,,10+,0
DOC_001253,TEMUCO,INGENIERÍA CIVIL INDUSTRIAL,ADJUNTO,POR HORAS,HABILITANTE,12,11,1,91.67,605,822,0,0,0,0.00012376974960717034,0.9998762302503929,Docente Sintético 001253,1,0,0,24,0,84.82,10.434782608695652,ALTO,SIN ACTIVIDAD 90D,SIN ACTIVIDAD 90D,,10+,0
DOC_001254,TEMUCO,INGENIERÍA CIVIL INDUSTRIAL,ADJUNTO,POR HORAS,SIN_NIVEL,0,0,0,0.0,333,333,0,0,0,0.0002888088803213583,0.9997111911196788,Docente Sintético 001254,1,0,0,0,0,,,ALTO,SIN ACTIVIDAD 90D,SIN ACTIVIDAD 90D,≤50%,0–3,0
DOC_001255,TEMUCO,INGENIERÍA CIVIL INFORMÁTICA,REGULAR,CONTRATADO,HABILITANTE,12,11,1,91.67,14,350,7,0,0,0.0736704578877071,0.9263295421122928,Docente Sintético 001255,5,2,4,24,14,85.4,19.608695652173918,ALTO,CON ACTIVIDAD 90D,CON ACTIVIDAD 90D,,10+,6+
DOC_001256,TEMUCO,INGENIERÍA CIVIL INFORMÁTICA,REGULAR,CONTRATADO,INICIAL,15,15,0,100.0,5,277,9,1,1,0.7879817212068071,0.2120182787931929,Docente Sintético 001256,5,2,2,39,11,85.45,18.07894736842105,BAJO,CON ACTIVIDAD 90D,CON ACTIVIDAD 90D,,10+,6+
DOC_001259,TEMUCO,INGENIERÍA CIVIL INFORMÁTICA,REGULAR,CONTRATADO,AVANZADO,20,20,0,100.0,5,148,9,1,1,0.7355152327484639,0.2644847672515361,Docente Sintético 001259,5,2,4,57,17,80.84,12.267857142857142,BAJO,CON ACTIVIDAD 90D,CON ACTIVIDAD 90D,,10+,6+
DOC_001260,TEMUCO,INGENIERÍA CIVIL INFORMÁTICA,REGULAR,CONTRATADO,SIN_NIVEL,1,1,0,100.0,330,333,0,0,0,0.0007106517636664247,0.9992893482363336,Docente Sintético 001260,5,0,0,1,0,92.7,,ALTO,SIN ACTIVIDAD 90D,SIN ACTIVIDAD 90D,,0–3,0
DOC_001261,TEMUCO,INGENIERÍA CIVIL INFORMÁTICA,REGULAR,CONTRATADO,INICIAL,14,14,0,100.0,360,485,0,0,0,0.0054888769698805,0.9945111230301196,Docente Sintético 001261,5,0,0,32,0,86.51,10.838709677419354,ALTO,SIN ACTIVIDAD 90D,SIN ACTIVIDAD 90D,,10+,0
DOC_001262,TEMUCO,INGENIERÍA CIVIL INFORMÁTICA,ADJUNTO,POR HORAS,SIN_NIVEL,0,0,0,0.0,121,121,0,0,0,0.0002888088803213583,0.9997111911196788,Docente Sintético 001262,2,0,0,0,0,,,ALTO,SIN ACTIVIDAD 90D,SIN ACTIVIDAD 90D,≤50%,0–3,0
DOC_001263,TEMUCO,INGENIERÍA CIVIL INFORMÁTICA,ADJUNTO,POR HORAS,AVANZADO,20,19,1,95.0,193,345,0,0,0,0.0011702331937977,0.9988297668062022,Docente Sintético 001263,2,0,0,56,0,81.61,11.981818181818182,ALTO,SIN ACTIVIDAD 90D,SIN ACTIVIDAD 90D,,10+,0
DOC_001264,TEMUCO,INGENIERÍA CIVIL INFORMÁTICA,ADJUNTO,POR HORAS,SIN_NIVEL,6,1,5,16.67,293,333,0,0,0,0.00022633385217127292,0.9997736661478288,Docente Sintético 001264,1,0,0,6,0,76.98,7.8,ALTO,SIN ACTIVIDAD 90D,SIN ACTIVIDAD 90D,,0–3,0
DOC_001265,TEMUCO,INGENIERÍA CIVIL INFORMÁTICA,ADJUNTO,POR HORAS,HABILITANTE,11,10,1,90.91,655,829,0,0,0,0.00012376974960717034,0.9998762302503929,Docente Sintético 001265,1,0,0,20,0,83.16,10.263157894736842,ALTO,SIN ACTIVIDAD 90D,SIN ACTIVIDAD 90D,,10+,0
DOC_001266,TEMUCO,INGENIERÍA CIVIL INFORMÁTICA,ADJUNTO,POR HORAS,INICIAL,17,16,1,94.12,347,576,0,0,0,0.0019994670246827,0.9980005329753172,Docente Sintético 001266,1,0,0,44,0,81.61,11.604651162790695,ALTO,SIN ACTIVIDAD 90D,SIN ACTIVIDAD 90D,,10+,0
DOC_001267,TEMUCO,INGENIERÍA CIVIL INFORMÁTICA,ADJUNTO,POR HORAS,AVANZADO,17,17,0,100.0,0,57,7,0,0,0.1912360322999879,0.8087639677000121,Docente Sintético 001267,1,1,4,47,16,85.61,15.130434782608695,ALTO,CON ACTIVIDAD 90D,CON ACTIVIDAD 90D,,10+,6+
DOC_001268,TEMUCO,INGENIERÍA CIVIL INFORMÁTICA,ADJUNTO,POR HORAS,HABILITANTE,11,9,2,81.82,646,816,0,0,0,0.00012376974960717034,0.9998762302503929,Docente Sintético 001268,1,0,0,20,0,82.94,10.526315789473683,ALTO,SIN ACTIVIDAD 90D,SIN ACTIVIDAD 90D,,7–9,0
DOC_001269,TEMUCO,INGENIERÍA CIVIL INFORMÁTICA,ADJUNTO,POR HORAS,SIN_NIVEL,0,0,0,0.0,0,0,0,0,0,0.0003618999272872301,0.9996381000727128,Docente Sintético 001269,1,0,0,0,0,,,ALTO,SIN ACTIVIDAD 90D,SIN ACTIVIDAD 90D,≤50%,0–3,0
DOC_001270,TEMUCO,INGENIERÍA CIVIL INFORMÁTICA,ADJUNTO,POR HORAS,AVANZADO,17,17,0,100.0,27,27,7,0,0,0.063880529308923,0.9361194706910768,Docente Sintético 001270,1,2,4,44,14,82.62,18.72093023255814,ALTO,CON ACTIVIDAD 90D,CON ACTIVIDAD 90D,,10+,6+
DOC_001271,TEMUCO,INGENIERÍA CIVIL INFORMÁTICA,ADJUNTO,POR HORAS,HABILITANTE,9,8,1,88.89,724,788,0,0,0,0.00016143453303466563,0.9998385654669654,Docente Sintético 001271,1,0,0,12,0,85.06,10.636363636363637,ALTO,SIN ACTIVIDAD 90D,SIN ACTIVIDAD 90D,,7–9,0
DOC_001272,TEMUCO,INGENIERÍA CIVIL INFORMÁTICA,ADJUNTO,POR HORAS,INICIAL,15,14,1,93.33,136,295,0,0,0,0.0106331404628081,0.9893668595371918,Docente Sintético 001272,1,0,2,36,6,82.59,16.085714285714285,ALTO,SIN ACTIVIDAD 90D,SIN ACTIVIDAD 90D,,10+,0
DOC_001273,TEMUCO,INGENIERÍA CIVIL INFORMÁTICA,ADJUNTO,POR HORAS,SIN_NIVEL,0,0,0,0.0,0,0,0,0,0,0.0003618999272872301,0.9996381000727128,Docente Sintético 001273,1,0,0,0,0,,,ALTO,SIN ACTIVIDAD 90D,SIN ACTIVIDAD 90D,≤50%,0–3,0
DOC_001274,TEMUCO,INGENIERÍA CIVIL INFORMÁTICA,ADJUNTO,POR HORAS,HABILITANTE,11,9,2,81.82,282,420,0,0,0,0.00012376974960717034,0.9998762302503929,Docente Sintético 001274,1,0,0,20,0,83.06,10.473684210526317,ALTO,SIN ACTIVIDAD 90D,SIN ACTIVIDAD 90D,,7–9,0
DOC_001275,TEMUCO,INGENIERÍA CIVIL QUÍMICA,REGULAR,CONTRATADO,HABILITANTE,10,10,0,100.0,144,278,0,0,0,0.0075493506174934,0.9924506493825066,Docente Sintético 001275,5,0,2,16,5,86.69,12.266666666666667,ALTO,SIN ACTIVIDAD 90D,SIN ACTIVIDAD 90D,,10+,0
DOC_001276,TEMUCO,INGENIERÍA CIVIL QUÍMICA,REGULAR,CONTRATADO,HABILITANTE,12,10,2,83.33,244,451,0,0,0,0.00012376974960717034,0.9998762302503929,Docente Sintético 001276,5,0,0,24,0,83.12,10.217391304347826,ALTO,SIN ACTIVIDAD 90D,SIN ACTIVIDAD 90D,,10+,0
DOC_001277,TEMUCO,INGENIERÍA CIVIL QUÍMICA,REGULAR,CONTRATADO,HABILITANTE,11,10,1,90.91,8,351,7,0,0,0.0260157503425885,0.9739842496574114,Docente Sintético 001277,5,1,3,23,13,85.45,21.681818181818183,ALTO,CON ACTIVIDAD 90D,CON ACTIVIDAD 90D,,10+,6+
DOC_001278,TEMUCO,INGENIERÍA CIVIL QUÍMICA,REGULAR,CONTRATADO,HABILITANTE,10,8,2,80.0,319,455,0,0,0,0.00012376974960717034,0.9998762302503929,Docente Sintético 001278,5,0,0,16,0,82.65,10.933333333333334,ALTO,SIN ACTIVIDAD 90D,SIN ACTIVIDAD 90D,,7–9,0
DOC_001279,TEMUCO,INGENIERÍA CIVIL QUÍMICA,REGULAR,CONTRATADO,INICIAL,16,16,0,100.0,12,289,10,1,1,0.8756154058456709,0.1243845941543291,Docente Sintético 001279,5,3,3,40,12,83.99,17.46153846153846,BAJO,CON ACTIVIDAD 90D,CON ACTIVIDAD 90D,,10+,6+
DOC_001280,TEMUCO,INGENIERÍA CIVIL QUÍMICA,REGULAR,CONTRATADO,SIN_NIVEL,0,0,0,0.0,121,121,0,0,0,0.0002888088803213583,0.9997111911196788,Docente Sintético 001280,5,0,0,0,0,,,ALTO,SIN ACTIVIDAD 90D,SIN ACTIVIDAD 90D,≤50%,0–3,0
DOC_001281,TEMUCO,INGENIERÍA CIVIL QUÍMICA,ADJUNTO,POR HORAS,HABILITANTE,8,8,0,100.0,67,67,3,0,0,0.0038203912155829,0.9961796087844172,Docente Sintético 001281,2,3,8,8,8,89.18,7.285714285714286,ALTO,CON ACTIVIDAD 90D,CON ACTIVIDAD 90D,,7–9,3–5
DOC_001282,TEMUCO,INGENIERÍA CIVIL QUÍMICA,ADJUNTO,POR HORAS,HABILITANTE,13,12,1,92.31,196,424,0,0,0,0.00012376974960717034,0.9998762302503929,Docente Sintético 001282,1,0,0,28,0,83.08,10.333333333333334,ALTO,SIN ACTIVIDAD 90D,SIN ACTIVIDAD 90D,,10+,0
DOC_001284,TEMUCO,INGENIERÍA CIVIL QUÍMICA,ADJUNTO,POR HORAS,SIN_NIVEL,8,4,4,50.0,58,333,5,0,0,0.00047684873690698746,0.999523151263093,Docente Sintético 001284,1,5,8,8,8,76.47,7.428571428571429,ALTO,CON ACTIVIDAD 90D,CON ACTIVIDAD 90D,,4–6,3–5
DOC_001285,TEMUCO,INGENIERÍA CIVIL QUÍMICA,ADJUNTO,POR HORAS,HABILITANTE,13,12,1,92.31,292,635,0,0,0,0.00012376974960717034,0.9998762302503929,Docente Sintético 001285,1,0,0,28,0,81.66,14.703703703703704,ALTO,SIN ACTIVIDAD 90D,SIN ACTIVIDAD 90D,,10+,0
DOC_001287,TEMUCO,INGENIERÍA CIVIL QUÍMICA,ADJUNTO,POR HORAS,SIN_NIVEL,0,0,0,0.0,121,121,0,0,0,0.0002888088803213583,0.9997111911196788,Docente Sintético 001287,1,0,0,0,0,,,ALTO,SIN ACTIVIDAD 90D,SIN ACTIVIDAD 90D,≤50%,0–3,0
DOC_001288,TEMUCO,INGENIERÍA CIVIL QUÍMICA,ADJUNTO,POR HORAS,AVANZADO,17,17,0,100.0,11,11,7,0,0,0.1956918068874077,0.8043081931125923,Docente Sintético 001288,1,2,4,44,15,83.78,19.11627906976744,ALTO,CON ACTIVIDAD 90D,CON ACTIVIDAD 90D,,10+,6+
DOC_001289,TEMUCO,INGENIERÍA CIVIL QUÍMICA,ADJUNTO,POR HORAS,AVANZADO,17,17,0,100.0,4,131,1,0,0,0.3576223496718956,0.6423776503281043,Docente Sintético 001289,1,0,2,45,6,82.06,19.022727272727277,ALTO,CON ACTIVIDAD 90D,CON ACTIVIDAD 90D,,10+,1–2
DOC_001290,TEMUCO,INGENIERÍA CIVIL QUÍMICA,ADJUNTO,POR HORAS,AVANZADO,18,17,1,94.44,2,147,4,0,0,0.0617651730807355,0.9382348269192644,Docente Sintético 001290,1,1,3,48,9,79.26,17.80851063829787,ALTO,CON ACTIVIDAD 90D,CON ACTIVIDAD 90D,,10+,3–5
DOC_001291,TEMUCO,INGENIERÍA CIVIL QUÍMICA,ADJUNTO,POR HORAS,INICIAL,16,14,2,87.5,57,337,4,0,0,0.0043299618460074,0.9956700381539926,Docente Sintético 001291,1,1,3,40,10,80.43,20.28205128205128,ALTO,CON ACTIVIDAD 90D,CON ACTIVIDAD 90D,,10+,3–5
DOC_001292,TEMUCO,INGENIERÍA COMERCIAL,REGULAR,CONTRATADO,SIN_NIVEL,0,0,0,0.0,121,121,0,0,0,0.0002888088803213583,0.9997111911196788,Docente Sintético 001292,5,0,0,0,0,,,ALTO,SIN ACTIVIDAD 90D,SIN ACTIVIDAD 90D,≤50%,0–3,0
DOC_001293,TEMUCO,INGENIERÍA COMERCIAL,REGULAR,CONTRATADO,AVANZADO,19,18,1,94.74,241,336,0,0,0,0.0006352537699294786,0.9993647462300704,Docente Sintético 001293,5,0,0,52,0,80.54,8.843137254901961,ALTO,SIN ACTIVIDAD 90D,SIN ACTIVIDAD 90D,,10+,0
DOC_001294,TEMUCO,INGENIERÍA COMERCIAL,REGULAR,CONTRATADO,HABILITANTE,11,10,1,90.91,536,785,0,0,0,0.00016143453303466563,0.9998385654669654,Docente Sintético 001294,5,0,0,20,0,85.25,16.0,ALTO,SIN ACTIVIDAD 90D,SIN ACTIVIDAD 90D,,10+,0
DOC_001295,TEMUCO,INGENIERÍA COMERCIAL,REGULAR,CONTRATADO,SIN_NIVEL,0,0,0,0.0,0,0,0,0,0,0.0003618999272872301,0.9996381000727128,Docente Sintético 001295,5,0,0,0,0,,,ALTO,SIN ACTIVIDAD 90D,SIN ACTIVIDAD 90D,≤50%,0–3,0
DOC_001296,TEMUCO,INGENIERÍA COMERCIAL,REGULAR,CONTRATADO,AVANZADO,19,19,0,100.0,126,241,0,0,0,0.0388630458017598,0.96113695419824,Docente Sintético 001296,5,0,2,52,7,81.6,14.058823529411764,ALTO,SIN ACTIVIDAD 90D,SIN ACTIVIDAD 90D,,10+,0
DOC_001297,TEMUCO,INGENIERÍA COMERCIAL,REGULAR,CONTRATADO,AVANZADO,19,18,1,94.74,228,350,0,0,0,0.0006352537699294786,0.9993647462300704,Docente Sintético 001297,5,0,0,52,0,80.69,9.215686274509803,ALTO,SIN ACTIVIDAD 90D,SIN ACTIVIDAD 90D,,10+,0
DOC_001298,TEMUCO,INGENIERÍA COMERCIAL,ADJUNTO,POR HORAS,HABILITANTE,11,11,0,100.0,85,273,1,0,0,0.0334575716682762,0.9665424283317238,Docente Sintético 001298,2,1,3,20,10,87.68,12.842105263157896,ALTO,CON ACTIVIDAD 90D,CON ACTIVIDAD 90D,,10+,1–2
DOC_001299,TEMUCO,INGENIERÍA COMERCIAL,ADJUNTO,POR HORAS,AVANZADO,20,20,0,100.0,5,239,10,1,1,0.8308973449318149,0.1691026550681851,Docente Sintético 001299,2,3,3,57,13,81.03,14.910714285714286,BAJO,CON ACTIVIDAD 90D,CON ACTIVIDAD 90D,,10+,6+
DOC_001300,TEMUCO,INGENIERÍA COMERCIAL,ADJUNTO,POR HORAS,AVANZADO,17,17,0,100.0,7,153,2,1,0,0.4910652807329862,0.5089347192670137,Docente Sintético 001300,2,0,1,46,6,81.2,18.511111111111116,MEDIO,CON ACTIVIDAD 90D,CON ACTIVIDAD 90D,,10+,1–2
DOC_001301,TEMUCO,INGENIERÍA COMERCIAL,ADJUNTO,POR HORAS,SIN_NIVEL,0,0,0,0.0,486,486,0,0,0,0.0002888088803213583,0.9997111911196788,Docente Sintético 001301,1,0,0,0,0,,,ALTO,SIN ACTIVIDAD 90D,SIN ACTIVIDAD 90D,≤50%,0–3,0
DOC_001302,TEMUCO,INGENIERÍA COMERCIAL,ADJUNTO,POR HORAS,AVANZADO,20,20,0,100.0,2,153,10,1,1,0.7762922111983503,0.2237077888016496,Docente Sintético 001302,1,3,4,56,16,78.33,15.272727272727272,BAJO,CON ACTIVIDAD 90D,CON ACTIVIDAD 90D,,10+,6+
DOC_001303,TEMUCO,INGENIERÍA COMERCIAL,ADJUNTO,POR HORAS,HABILITANTE,9,9,0,100.0,451,642,0,0,0,0.0013379112322948,0.9986620887677052,Docente Sintético 001303,1,0,0,12,0,85.21,22.09090909090909,ALTO,SIN ACTIVIDAD 90D,SIN ACTIVIDAD 90D,,7–9,0
DOC_001304,TEMUCO,INGENIERÍA COMERCIAL,ADJUNTO,POR HORAS,SIN_NIVEL,0,0,0,0.0,121,121,0,0,0,0.0002888088803213583,0.9997111911196788,Docente Sintético 001304,1,0,0,0,0,,,ALTO,SIN ACTIVIDAD 90D,SIN ACTIVIDAD 90D,≤50%,0–3,0
DOC_001305,TEMUCO,INGENIERÍA COMERCIAL,ADJUNTO,POR HORAS,HABILITANTE,10,10,0,100.0,493,650,0,0,0,0.0007567329902470916,0.9992432670097527,Docente Sintético 001305,1,0,0,16,0,83.8,13.4,ALTO,SIN ACTIVIDAD 90D,SIN ACTIVIDAD 90D,,10+,0
DOC_001306,TEMUCO,INGENIERÍA COMERCIAL,ADJUNTO,POR HORAS,HABILITANTE,10,10,0,100.0,16,274,7,0,0,0.0559541490631301,0.94404585093687,Docente Sintético 001306,1,2,2,16,8,85.66,20.666666666666668,ALTO,CON ACTIVIDAD 90D,CON ACTIVIDAD 90D,,10+,6+
DOC_001307,TEMUCO,INGENIERÍA COMERCIAL,ADJUNTO,POR HORAS,AVANZADO,17,17,0,100.0,65,65,4,0,0,0.0506591210276643,0.9493408789723355,Docente Sintético 001307,1,1,4,44,14,82.42,14.72093023255814,ALTO,CON ACTIVIDAD 90D,CON ACTIVIDAD 90D,,10+,3–5
DOC_001308,TEMUCO,INGENIERÍA COMERCIAL,ADJUNTO,POR HORAS,HABILITANTE,10,9,1,90.0,682,789,0,0,0,0.00016143453303466563,0.9998385654669654,Docente Sintético 001308,1,0,0,16,0,84.03,10.8,ALTO,SIN ACTIVIDAD 90D,SIN ACTIVIDAD 90D,,7–9,0
DOC_001309,TEMUCO,INGENIERÍA EN CONSTRUCCIÓN,REGULAR,CONTRATADO,HABILITANTE,12,12,0,100.0,337,655,0,0,0,0.0008678441013582026,0.9991321558986418,Docente Sintético 001309,5,0,0,24,0,84.88,15.73913043478261,ALTO,SIN ACTIVIDAD 90D,SIN ACTIVIDAD 90D,,10+,0
DOC_001310,TEMUCO,INGENIERÍA EN CONSTRUCCIÓN,REGULAR,CONTRATADO,SIN_NIVEL,2,2,0,100.0,314,333,0,0,0,0.0006541545885251818,0.9993458454114748,Docente Sintético 001310,5,0,0,2,0,87.35,6.0,ALTO,SIN ACTIVIDAD 90D,SIN ACTIVIDAD 90D,,0–3,0
DOC_001311,TEMUCO,INGENIERÍA EN CONSTRUCCIÓN,REGULAR,CONTRATADO,AVANZADO,20,19,1,95.0,7,238,11,0,0,0.0676525390817061,0.9323474609182938,Docente Sintético 001311,5,3,3,56,12,81.24,15.254545454545454,ALTO,CON ACTIVIDAD 90D,CON ACTIVIDAD 90D,,10+,6+
DOC_001312,TEMUCO,INGENIERÍA EN CONSTRUCCIÓN,REGULAR,CONTRATADO,AVANZADO,17,17,0,100.0,5,55,7,1,0,0.4654680451650764,0.5345319548349237,Docente Sintético 001312,5,2,3,46,14,84.42,15.2,MEDIO,CON ACTIVIDAD 90D,CON ACTIVIDAD 90D,,10+,6+
DOC_001313,TEMUCO,INGENIERÍA EN CONSTRUCCIÓN,REGULAR,CONTRATADO,SIN_NIVEL,5,4,1,80.0,83,486,2,0,0,0.0005546889605174916,0.9994453110394824,Docente Sintético 001313,5,2,5,5,5,84.9,7.75,ALTO,CON ACTIVIDAD 90D,CON ACTIVIDAD 90D,,4–6,1–2
DOC_001314,TEMUCO,INGENIERÍA EN CONSTRUCCIÓN,REGULAR,CONTRATADO,SIN_NIVEL,0,0,0,0.0,333,333,0,0,0,0.0002888088803213583,0.9997111911196788,Docente Sintético 001314,5,0,0,0,0,,,ALTO,SIN ACTIVIDAD 90D,SIN ACTIVIDAD 90D,≤50%,0–3,0
DOC_001315,TEMUCO,INGENIERÍA EN CONSTRUCCIÓN,ADJUNTO,POR HORAS,SIN_NIVEL,0,0,0,0.0,121,121,0,0,0,0.0002888088803213583,0.9997111911196788,Docente Sintético 001315,2,0,0,0,0,,,ALTO,SIN ACTIVIDAD 90D,SIN ACTIVIDAD 90D,≤50%,0–3,0
DOC_001317,TEMUCO,INGENIERÍA EN CONSTRUCCIÓN,ADJUNTO,POR HORAS,HABILITANTE,12,10,2,83.33,243,463,0,0,0,0.00012376974960717034,0.9998762302503929,Docente Sintético 001317,2,0,0,24,0,80.82,10.521739130434783,ALTO,SIN ACTIVIDAD 90D,SIN ACTIVIDAD 90D,,10+,0
DOC_001318,TEMUCO,INGENIERÍA EN CONSTRUCCIÓN,ADJUNTO,POR HORAS,AVANZADO,18,18,0,100.0,2,119,4,0,0,0.3124323030130712,0.6875676969869289,Docente Sintético 001318,2,1,3,48,12,82.47,17.97872340425532,ALTO,CON ACTIVIDAD 90D,CON ACTIVIDAD 90D,,10+,3–5
DOC_001319,TEMUCO,INGENIERÍA EN CONSTRUCCIÓN,ADJUNTO,POR HORAS,HABILITANTE,9,8,1,88.89,75,375,3,0,0,0.0051662372409947,0.9948337627590051,Docente Sintético 001319,1,1,1,12,4,84.04,36.63636363636363,ALTO,CON ACTIVIDAD 90D,CON ACTIVIDAD 90D,,7–9,3–5
DOC_001321,TEMUCO,INGENIERÍA EN CONSTRUCCIÓN,ADJUNTO,POR HORAS,HABILITANTE,8,8,0,100.0,208,208,0,0,0,0.0010085107489177,0.9989914892510824,Docente Sintético 001321,1,0,0,8,0,89.22,15.142857142857142,ALTO,SIN ACTIVIDAD 90D,SIN ACTIVIDAD 90D,,7–9,0
DOC_001322,TEMUCO,INGENIERÍA EN CONSTRUCCIÓN,ADJUNTO,POR HORAS,AVANZADO,17,17,0,100.0,8,140,1,0,0,0.2767267814894825,0.7232732185105175,Docente Sintético 001322,1,0,2,45,6,85.52,19.13636363636364,ALTO,CON ACTIVIDAD 90D,CON ACTIVIDAD 90D,,10+,1–2
DOC_001323,TEMUCO,INGENIERÍA EN CONSTRUCCIÓN,ADJUNTO,POR HORAS,AVANZADO,17,17,0,100.0,17,17,8,0,0,0.2363036376313948,0.7636963623686052,Docente Sintético 001323,1,2,4,44,14,79.83,19.162790697674417,ALTO,CON ACTIVIDAD 90D,CON ACTIVIDAD 90D,,10+,6+
DOC_001324,TEMUCO,INGENIERÍA EN CONSTRUCCIÓN,ADJUNTO,POR HORAS,SIN_NIVEL,0,0,0,0.0,121,121,0,0,0,0.0002888088803213583,0.9997111911196788,Docente Sintético 001324,1,0,0,0,0,,,ALTO,SIN ACTIVIDAD 90D,SIN ACTIVIDAD 90D,≤50%,0–3,0
DOC_001325,TEMUCO,INGENIERÍA EN CONSTRUCCIÓN,ADJUNTO,POR HORAS,SIN_NIVEL,0,0,0,0.0,121,121,0,0,0,0.0002888088803213583,0.9997111911196788,Docente Sintético 001325,1,0,0,0,0,,,ALTO,SIN ACTIVIDAD 90D,SIN ACTIVIDAD 90D,≤50%,0–3,0
DOC_001326,TEMUCO,KINESIOLOGÍA,REGULAR,CONTRATADO,AVANZADO,21,18,3,85.71,258,445,0,0,0,0.0006352537699294786,0.9993647462300704,Docente Sintético 001326,5,0,0,60,0,79.32,9.966101694915254,ALTO,SIN ACTIVIDAD 90D,SIN ACTIVIDAD 90D,,10+,0
DOC_001327,TEMUCO,KINESIOLOGÍA,REGULAR,CONTRATADO,HABILITANTE,10,8,2,80.0,6,271,9,0,0,0.0543275136708509,0.945672486329149,Docente Sintético 001327,5,2,2,19,11,80.98,17.944444444444443,ALTO,CON ACTIVIDAD 90D,CON ACTIVIDAD 90D,,7–9,6+
DOC_001329,TEMUCO,KINESIOLOGÍA,REGULAR,CONTRATADO,HABILITANTE,11,10,1,90.91,468,668,0,0,0,0.00016143453303466563,0.9998385654669654,Docente Sintético 001329,5,0,0,20,0,84.2,11.842105263157896,ALTO,SIN ACTIVIDAD 90D,SIN ACTIVIDAD 90D,,10+,0
DOC_001330,TEMUCO,KINESIOLOGÍA,REGULAR,CONTRATADO,HABILITANTE,12,10,2,83.33,519,672,0,0,0,0.00012376974960717034,0.9998762302503929,Docente Sintético 001330,5,0,0,24,0,80.65,7.782608695652174,ALTO,SIN ACTIVIDAD 90D,SIN ACTIVIDAD 90D,,10+,0
DOC_001331,TEMUCO,KINESIOLOGÍA,ADJUNTO,POR HORAS,INICIAL,16,16,0,100.0,10,187,8,1,1,0.6980024216771933,0.3019975783228067,Docente Sintético 001331,2,2,3,40,12,85.11,11.974358974358974,MEDIO,CON ACTIVIDAD 90D,CON ACTIVIDAD 90D,,10+,6+
DOC_001332,TEMUCO,KINESIOLOGÍA,ADJUNTO,POR HORAS,SIN_NIVEL,7,4,3,57.14,441,486,0,0,0,0.00022633385217127292,0.9997736661478288,Docente Sintético 001332,2,0,0,7,0,81.63,6.833333333333333,ALTO,SIN ACTIVIDAD 90D,SIN ACTIVIDAD 90D,,4–6,0
DOC_001333,TEMUCO,KINESIOLOGÍA,ADJUNTO,POR HORAS,AVANZADO,20,19,1,95.0,197,336,0,0,0,0.0082164720327925,0.9917835279672076,Docente Sintético 001333,2,0,0,56,0,82.82,9.036363636363635,ALTO,SIN ACTIVIDAD 90D,SIN ACTIVIDAD 90D,,10+,0
DOC_001334,TEMUCO,KINESIOLOGÍA,ADJUNTO,POR HORAS,SIN_NIVEL,6,3,3,50.0,97,333,0,0,0,0.00024577269347112206,0.9997542273065289,Docente Sintético 001334,2,0,6,6,6,78.65,3.4,ALTO,SIN ACTIVIDAD 90D,SIN ACTIVIDAD 90D,,0–3,0
DOC_001335,TEMUCO,KINESIOLOGÍA,ADJUNTO,POR HORAS,HABILITANTE,11,10,1,90.91,465,636,0,0,0,0.00016143453303466563,0.9998385654669654,Docente Sintético 001335,1,0,0,20,0,87.85,11.842105263157896,ALTO,SIN ACTIVIDAD 90D,SIN ACTIVIDAD 90D,,10+,0
DOC_001336,TEMUCO,KINESIOLOGÍA,ADJUNTO,POR HORAS,SIN_NIVEL,0,0,0,0.0,0,0,0,0,0,0.0003618999272872301,0.9996381000727128,Docente Sintético 001336,1,0,0,0,0,,,ALTO,SIN ACTIVIDAD 90D,SIN ACTIVIDAD 90D,≤50%,0–3,0
DOC_001337,TEMUCO,KINESIOLOGÍA,ADJUNTO,POR HORAS,AVANZADO,20,20,0,100.0,177,332,0,0,0,0.0423212085098622,0.9576787914901376,Docente Sintético 001337,1,0,1,56,1,79.04,12.21818181818182,ALTO,SIN ACTIVIDAD 90D,SIN ACTIVIDAD 90D,,10+,0
DOC_001338,TEMUCO,KINESIOLOGÍA,ADJUNTO,POR HORAS,AVANZADO,17,17,0,100.0,38,38,6,0,0,0.0617188423979937,0.9382811576020064,Docente Sintético 001338,1,2,4,44,14,84.94,15.069767441860463,ALTO,CON ACTIVIDAD 90D,CON ACTIVIDAD 90D,,10+,6+
DOC_001339,TEMUCO,KINESIOLOGÍA,ADJUNTO,POR HORAS,SIN_NIVEL,8,6,2,75.0,298,486,0,0,0,0.00022633385217127292,0.9997736661478288,Docente Sintético 001339,1,0,0,8,0,83.14,4.142857142857143,ALTO,SIN ACTIVIDAD 90D,SIN ACTIVIDAD 90D,,4–6,0
DOC_001340,TEMUCO,MEDICINA,REGULAR,CONTRATADO,INICIAL,16,14,2,87.5,289,485,0,0,0,0.0013196461425214,0.9986803538574786,Docente Sintético 001340,5,0,0,40,0,77.66,10.461538461538462,ALTO,SIN ACTIVIDAD 90D,SIN ACTIVIDAD 90D,,10+,0
DOC_001341,TEMUCO,MEDICINA,REGULAR,CONTRATADO,AVANZADO,17,17,0,100.0,5,142,2,0,0,0.3525782640022166,0.6474217359977834,Docente Sintético 001341,5,0,1,46,6,81.39,18.822222222222223,ALTO,CON ACTIVIDAD 90D,CON ACTIVIDAD 90D,,10+,1–2
DOC_001342,TEMUCO,MEDICINA,REGULAR,CONTRATADO,HABILITANTE,10,9,1,90.0,422,636,0,0,0,0.0005614345330346655,0.9994385654669652,Docente Sintético 001342,5,0,0,16,0,84.88,18.2,ALTO,SIN ACTIVIDAD 90D,SIN ACTIVIDAD 90D,,7–9,0
DOC_001343,TEMUCO,MEDICINA,REGULAR,CONTRATADO,HABILITANTE,9,9,0,100.0,454,624,0,0,0,0.0011624422568259,0.998837557743174,Docente Sintético 001343,5,0,0,12,0,87.51,21.09090909090909,ALTO,SIN ACTIVIDAD 90D,SIN ACTIVIDAD 90D,,7–9,0
DOC_001344,TEMUCO,MEDICINA,REGULAR,CONTRATADO,HABILITANTE,11,10,1,90.91,418,714,0,0,0,0.00012376974960717034,0.9998762302503929,Docente Sintético 001344,5,0,0,20,0,81.95,22.526315789473685,ALTO,SIN ACTIVIDAD 90D,SIN ACTIVIDAD 90D,,10+,0
DOC_001345,TEMUCO,MEDICINA,ADJUNTO,POR HORAS,INICIAL,14,14,0,100.0,85,284,1,0,0,0.0286216975898078,0.9713783024101922,Docente Sintético 001345,2,1,1,32,4,83.1,19.741935483870968,ALTO,CON ACTIVIDAD 90D,CON ACTIVIDAD 90D,,10+,1–2
DOC_001346,TEMUCO,MEDICINA,ADJUNTO,POR HORAS,SIN_NIVEL,0,0,0,0.0,0,0,0,0,0,0.0003618999272872301,0.9996381000727128,Docente Sintético 001346,2,0,0,0,0,,,ALTO,SIN ACTIVIDAD 90D,SIN ACTIVIDAD 90D,≤50%,0–3,0
DOC_001347,TEMUCO,MEDICINA,ADJUNTO,POR HORAS,SIN_NIVEL,3,3,0,100.0,107,333,0,0,0,0.0023321992577202,0.9976678007422796,Docente Sintético 001347,2,0,3,3,3,91.53,6.5,ALTO,SIN ACTIVIDAD 90D,SIN ACTIVIDAD 90D,,0–3,0
DOC_001348,TEMUCO,MEDICINA,ADJUNTO,POR HORAS,SIN_NIVEL,5,3,2,60.0,661,699,0,0,0,0.00022633385217127292,0.9997736661478288,Docente Sintético 001348,2,0,0,5,0,78.64,9.25,ALTO,SIN ACTIVIDAD 90D,SIN ACTIVIDAD 90D,,0–3,0
DOC_001349,TEMUCO,MEDICINA,ADJUNTO,POR HORAS,SIN_NIVEL,5,3,2,60.0,82,486,1,0,0,0.00032299568574626085,0.9996770043142538,Docente Sintético 001349,2,1,5,5,5,84.38,9.0,ALTO,CON ACTIVIDAD 90D,CON ACTIVIDAD 90D,,0–3,1–2
DOC_001350,TEMUCO,MEDICINA,ADJUNTO,POR HORAS,SIN_NIVEL,7,4,3,57.14,826,852,0,0,0,0.00022633385217127292,0.9997736661478288,Docente Sintético 001350,2,0,0,7,0,80.21,3.6666666666666665,ALTO,SIN ACTIVIDAD 90D,SIN ACTIVIDAD 90D,,4–6,0
DOC_001351,TEMUCO,MEDICINA,ADJUNTO,POR HORAS,HABILITANTE,9,9,0,100.0,442,639,0,0,0,0.001249022343406,0.998750977656594,Docente Sintético 001351,1,0,0,12,0,88.12,22.90909090909091,ALTO,SIN ACTIVIDAD 90D,SIN ACTIVIDAD 90D,,7–9,0
DOC_001352,TEMUCO,MEDICINA,ADJUNTO,POR HORAS,HABILITANTE,12,11,1,91.67,610,818,0,0,0,0.00016143453303466563,0.9998385654669654,Docente Sintético 001352,1,0,0,24,0,84.02,10.217391304347826,ALTO,SIN ACTIVIDAD 90D,SIN ACTIVIDAD 90D,,10+,0
DOC_001353,TEMUCO,MEDICINA,ADJUNTO,POR HORAS,HABILITANTE,10,8,2,80.0,693,787,0,0,0,0.00012376974960717034,0.9998762302503929,Docente Sintético 001353,1,0,0,16,0,83.11,9.733333333333333,ALTO,SIN ACTIVIDAD 90D,SIN ACTIVIDAD 90D,,7–9,0
DOC_001354,TEMUCO,NUTRICIÓN Y DIETÉTICA,REGULAR,CONTRATADO,SIN_NIVEL,0,0,0,0.0,121,121,0,0,0,0.00027310412963427546,0.9997268958703656,Docente Sintético 001354,5,0,0,0,0,,,ALTO,SIN ACTIVIDAD 90D,SIN ACTIVIDAD 90D,≤50%,0–3,0
DOC_001355,TEMUCO,NUTRICIÓN Y DIETÉTICA,REGULAR,CONTRATADO,HABILITANTE,9,8,1,88.89,272,421,0,0,0,0.0010981107347285,0.9989018892652716,Docente Sintético 001355,5,0,0,12,0,85.13,18.454545454545453,ALTO,SIN ACTIVIDAD 90D,SIN ACTIVIDAD 90D,,7–9,0
DOC_001356,TEMUCO,NUTRICIÓN Y DIETÉTICA,REGULAR,CONTRATADO,INICIAL,16,16,0,100.0,13,300,10,1,1,0.9091988747784168,0.0908011252215831,Docente Sintético 001356,5,3,3,40,12,81.98,17.435897435897434,BAJO,CON ACTIVIDAD 90D,CON ACTIVIDAD 90D,,10+,6+
DOC_001357,TEMUCO,NUTRICIÓN Y DIETÉTICA,REGULAR,CONTRATADO,HABILITANTE,12,12,0,100.0,331,642,0,0,0,0.0082977705626574,0.9917022294373424,Docente Sintético 001357,5,0,0,24,0,86.68,15.608695652173912,ALTO,SIN ACTIVIDAD 90D,SIN ACTIVIDAD 90D,,10+,0
DOC_001358,TEMUCO,NUTRICIÓN Y DIETÉTICA,REGULAR,CONTRATADO,AVANZADO,18,17,1,94.44,0,61,7,0,0,0.1385680381447052,0.8614319618552948,Docente Sintético 001358,5,2,4,48,16,84.12,14.808510638297872,ALTO,CON ACTIVIDAD 90D,CON ACTIVIDAD 90D,,10+,6+
DOC_001359,TEMUCO,NUTRICIÓN Y DIETÉTICA,ADJUNTO,POR HORAS,AVANZADO,19,18,1,94.74,1,234,8,0,0,0.1634031788385432,0.8365968211614567,Docente Sintético 001359,2,2,2,53,9,82.76,16.173076923076923,ALTO,CON ACTIVIDAD 90D,CON ACTIVIDAD 90D,,10+,6+
DOC_001360,TEMUCO,NUTRICIÓN Y DIETÉTICA,ADJUNTO,POR HORAS,INICIAL,15,14,1,93.33,241,394,0,0,0,0.0032976949029212,0.9967023050970788,Docente Sintético 001360,2,0,0,36,0,85.66,12.914285714285716,ALTO,SIN ACTIVIDAD 90D,SIN ACTIVIDAD 90D,,10+,0
DOC_001361,TEMUCO,NUTRICIÓN Y DIETÉTICA,ADJUNTO,POR HORAS,AVANZADO,17,17,0,100.0,112,112,0,0,0,0.1160005007746211,0.8839994992253788,Docente Sintético 001361,2,0,2,44,7,83.97,17.069767441860463,ALTO,SIN ACTIVIDAD 90D,SIN ACTIVIDAD 90D,,10+,0
DOC_001362,TEMUCO,NUTRICIÓN Y DIETÉTICA,ADJUNTO,POR HORAS,SIN_NIVEL,4,1,3,25.0,825,852,0,0,0,0.00021062910148419016,0.9997893708985158,Docente Sintético 001362,2,0,0,4,0,74.28,7.333333333333333,ALTO,SIN ACTIVIDAD 90D,SIN ACTIVIDAD 90D,,0–3,0
DOC_001363,TEMUCO,NUTRICIÓN Y DIETÉTICA,ADJUNTO,POR HORAS,HABILITANTE,11,9,2,81.82,639,829,0,0,0,0.00010806499892008752,0.99989193500108,Docente Sintético 001363,2,0,0,20,0,82.01,11.105263157894736,ALTO,SIN ACTIVIDAD 90D,SIN ACTIVIDAD 90D,,7–9,0
DOC_001364,TEMUCO,NUTRICIÓN Y DIETÉTICA,ADJUNTO,POR HORAS,HABILITANTE,12,10,2,83.33,516,676,0,0,0,0.00010806499892008752,0.99989193500108,Docente Sintético 001364,1,0,0,24,0,79.6,7.739130434782608,ALTO,SIN ACTIVIDAD 90D,SIN ACTIVIDAD 90D,,10+,0
DOC_001365,TEMUCO,NUTRICIÓN Y DIETÉTICA,ADJUNTO,POR HORAS,AVANZADO,19,18,1,94.74,135,239,0,0,0,0.0249845862544109,0.9750154137455892,Docente Sintético 001365,1,0,2,52,5,81.33,14.058823529411764,ALTO,SIN ACTIVIDAD 90D,SIN ACTIVIDAD 90D,,10+,0
DOC_001366,TEMUCO,NUTRICIÓN Y DIETÉTICA,ADJUNTO,POR HORAS,AVANZADO,18,18,0,100.0,1,65,8,1,1,0.5387392078600723,0.4612607921399276,Docente Sintético 001366,1,2,5,48,18,85.05,14.595744680851064,MEDIO,CON ACTIVIDAD 90D,CON ACTIVIDAD 90D,,10+,6+
DOC_001367,TEMUCO,NUTRICIÓN Y DIETÉTICA,ADJUNTO,POR HORAS,SIN_NIVEL,6,6,0,100.0,5,852,5,1,1,0.8145597668966605,0.1854402331033394,Docente Sintético 001367,1,5,6,6,6,93.75,19.8,BAJO,CON ACTIVIDAD 90D,CON ACTIVIDAD 90D,,4–6,3–5
DOC_001368,TEMUCO,OBSTETRICIA Y PUERICULTURA,REGULAR,CONTRATADO,INICIAL,14,13,1,92.86,262,380,0,0,0,0.0091932078987649,0.990806792101235,Docente Sintético 001368,5,0,0,32,0,83.29,13.67741935483871,ALTO,SIN ACTIVIDAD 90D,SIN ACTIVIDAD 90D,,10+,0
DOC_001369,TEMUCO,OBSTETRICIA Y PUERICULTURA,REGULAR,CONTRATADO,SIN_NIVEL,0,0,0,0.0,0,0,0,0,0,0.0003618999272872301,0.9996381000727128,Docente Sintético 001369,5,0,0,0,0,,,ALTO,SIN ACTIVIDAD 90D,SIN ACTIVIDAD 90D,≤50%,0–3,0
DOC_001370,TEMUCO,OBSTETRICIA Y PUERICULTURA,REGULAR,CONTRATADO,HABILITANTE,13,11,2,84.62,385,645,0,0,0,0.00012376974960717034,0.9998762302503929,Docente Sintético 001370,5,0,0,28,0,78.92,11.22222222222222,ALTO,SIN ACTIVIDAD 90D,SIN ACTIVIDAD 90D,,10+,0
DOC_001371,TEMUCO,OBSTETRICIA Y PUERICULTURA,REGULAR,CONTRATADO,SIN_NIVEL,0,0,0,0.0,121,121,0,0,0,0.0002888088803213583,0.9997111911196788,Docente Sintético 001371,5,0,0,0,0,,,ALTO,SIN ACTIVIDAD 90D,SIN ACTIVIDAD 90D,≤50%,0–3,0
DOC_001372,TEMUCO,OBSTETRICIA Y PUERICULTURA,ADJUNTO,POR HORAS,AVANZADO,20,19,1,95.0,210,347,0,0,0,0.0005529492431805074,0.9994470507568196,Docente Sintético 001372,2,0,0,56,0,79.74,11.6,ALTO,SIN ACTIVIDAD 90D,SIN ACTIVIDAD 90D,,10+,0
DOC_001373,TEMUCO,OBSTETRICIA Y PUERICULTURA,ADJUNTO,POR HORAS,HABILITANTE,10,9,1,90.0,678,793,0,0,0,0.00016143453303466563,0.9998385654669654,Docente Sintético 001373,2,0,0,16,0,86.39,10.933333333333334,ALTO,SIN ACTIVIDAD 90D,SIN ACTIVIDAD 90D,,7–9,0
DOC_001374,TEMUCO,OBSTETRICIA Y PUERICULTURA,ADJUNTO,POR HORAS,HABILITANTE,11,10,1,90.91,373,639,0,0,0,0.00024801461961475226,0.9997519853803852,Docente Sintético 001374,2,0,0,20,0,86.3,16.68421052631579,ALTO,SIN ACTIVIDAD 90D,SIN ACTIVIDAD 90D,,10+,0
DOC_001375,TEMUCO,OBSTETRICIA Y PUERICULTURA,ADJUNTO,POR HORAS,SIN_NIVEL,0,0,0,0.0,121,121,0,0,0,0.0002888088803213583,0.9997111911196788,Docente Sintético 001375,2,0,0,0,0,,,ALTO,SIN ACTIVIDAD 90D,SIN ACTIVIDAD 90D,≤50%,0–3,0
DOC_001376,TEMUCO,OBSTETRICIA Y PUERICULTURA,ADJUNTO,POR HORAS,SIN_NIVEL,0,0,0,0.0,0,0,0,0,0,0.0003618999272872301,0.9996381000727128,Docente Sintético 001376,2,0,0,0,0,,,ALTO,SIN ACTIVIDAD 90D,SIN ACTIVIDAD 90D,≤50%,0–3,0
DOC_001377,TEMUCO,OBSTETRICIA Y PUERICULTURA,ADJUNTO,POR HORAS,SIN_NIVEL,0,0,0,0.0,0,0,0,0,0,0.0003618999272872301,0.9996381000727128,Docente Sintético 001377,2,0,0,0,0,,,ALTO,SIN ACTIVIDAD 90D,SIN ACTIVIDAD 90D,≤50%,0–3,0
DOC_001378,TEMUCO,OBSTETRICIA Y PUERICULTURA,ADJUNTO,POR HORAS,HABILITANTE,10,10,0,100.0,6,278,9,0,0,0.1051278828122851,0.8948721171877149,Docente Sintético 001378,1,2,2,19,11,86.39,18.05555555555556,ALTO,CON ACTIVIDAD 90D,CON ACTIVIDAD 90D,,10+,6+
DOC_001379,TEMUCO,ODONTOLOGÍA,REGULAR,CONTRATADO,HABILITANTE,10,10,0,100.0,688,825,0,0,0,0.0073392399644834,0.9926607600355164,Docente Sintético 001379,6,0,0,16,0,85.37,10.8,ALTO,SIN ACTIVIDAD 90D,SIN ACTIVIDAD 90D,,10+,0
DOC_001380,TEMUCO,ODONTOLOGÍA,REGULAR,CONTRATADO,AVANZADO,19,18,1,94.74,230,347,0,0,0,0.0016321098928748,0.9983678901071252,Docente Sintético 001380,6,0,0,52,0,83.13,9.137254901960784,ALTO,SIN ACTIVIDAD 90D,SIN ACTIVIDAD 90D,,10+,0
DOC_001381,TEMUCO,ODONTOLOGÍA,ADJUNTO,POR HORAS,SIN_NIVEL,0,0,0,0.0,0,0,0,0,0,0.0003618999272872301,0.9996381000727128,Docente Sintético 001381,3,0,0,0,0,,,ALTO,SIN ACTIVIDAD 90D,SIN ACTIVIDAD 90D,≤50%,0–3,0
DOC_001382,TEMUCO,ODONTOLOGÍA,ADJUNTO,POR HORAS,HABILITANTE,10,9,1,90.0,682,821,0,0,0,0.00016143453303466563,0.9998385654669654,Docente Sintético 001382,3,0,0,16,0,88.37,11.066666666666666,ALTO,SIN ACTIVIDAD 90D,SIN ACTIVIDAD 90D,,7–9,0
DOC_001383,TEMUCO,ODONTOLOGÍA,ADJUNTO,POR HORAS,AVANZADO,17,17,0,100.0,73,73,3,0,0,0.0822161195579374,0.9177838804420624,Docente Sintético 001383,3,1,4,44,14,82.97,14.488372093023257,ALTO,CON ACTIVIDAD 90D,CON ACTIVIDAD 90D,,10+,3–5
DOC_001384,TEMUCO,ODONTOLOGÍA,ADJUNTO,POR HORAS,SIN_NIVEL,0,0,0,0.0,121,121,0,0,0,0.0002888088803213583,0.9997111911196788,Docente Sintético 001384,3,0,0,0,0,,,ALTO,SIN ACTIVIDAD 90D,SIN ACTIVIDAD 90D,≤50%,0–3,0
DOC_001385,TEMUCO,PEDAGOGÍA EN EDUCACIÓN BÁSICA MENCIÓN EN EDUCACIÓN MATEMÁTICA,REGULAR,CONTRATADO,HABILITANTE,11,10,1,90.91,276,427,0,0,0,0.00016143453303466563,0.9998385654669654,Docente Sintético 001385,5,0,0,20,0,84.01,10.63157894736842,ALTO,SIN ACTIVIDAD 90D,SIN ACTIVIDAD 90D,,10+,0
DOC_001386,TEMUCO,PEDAGOGÍA EN EDUCACIÓN BÁSICA MENCIÓN EN EDUCACIÓN MATEMÁTICA,REGULAR,CONTRATADO,AVANZADO,17,17,0,100.0,52,52,5,0,0,0.0515601962950241,0.9484398037049758,Docente Sintético 001386,5,2,4,44,13,80.49,14.906976744186046,ALTO,CON ACTIVIDAD 90D,CON ACTIVIDAD 90D,,10+,3–5
DOC_001387,TEMUCO,PEDAGOGÍA EN EDUCACIÓN BÁSICA MENCIÓN EN EDUCACIÓN MATEMÁTICA,REGULAR,CONTRATADO,INICIAL,15,14,1,93.33,230,466,0,0,0,0.0037801838981703,0.9962198161018296,Docente Sintético 001387,5,0,0,36,0,83.51,17.571428571428573,ALTO,SIN ACTIVIDAD 90D,SIN ACTIVIDAD 90D,,10+,0
DOC_001388,TEMUCO,PEDAGOGÍA EN EDUCACIÓN BÁSICA MENCIÓN EN EDUCACIÓN MATEMÁTICA,REGULAR,CONTRATADO,INICIAL,15,13,2,86.67,239,463,0,0,0,0.0015220459754838,0.9984779540245162,Docente Sintético 001388,5,0,0,36,0,78.74,17.257142857142856,ALTO,SIN ACTIVIDAD 90D,SIN ACTIVIDAD 90D,,10+,0
DOC_001389,TEMUCO,PEDAGOGÍA EN EDUCACIÓN BÁSICA MENCIÓN EN EDUCACIÓN MATEMÁTICA,REGULAR,CONTRATADO,SIN_NIVEL,0,0,0,0.0,121,121,0,0,0,0.0002888088803213583,0.9997111911196788,Docente Sintético 001389,5,0,0,0,0,,,ALTO,SIN ACTIVIDAD 90D,SIN ACTIVIDAD 90D,≤50%,0–3,0
DOC_001390,TEMUCO,PEDAGOGÍA EN EDUCACIÓN BÁSICA MENCIÓN EN EDUCACIÓN MATEMÁTICA,REGULAR,CONTRATADO,SIN_NIVEL,0,0,0,0.0,121,121,0,0,0,0.0002888088803213583,0.9997111911196788,Docente Sintético 001390,5,0,0,0,0,,,ALTO,SIN ACTIVIDAD 90D,SIN ACTIVIDAD 90D,≤50%,0–3,0
DOC_001392,TEMUCO,PEDAGOGÍA EN EDUCACIÓN BÁSICA MENCIÓN EN EDUCACIÓN MATEMÁTICA,ADJUNTO,POR HORAS,HABILITANTE,10,9,1,90.0,596,672,0,0,0,0.00016143453303466563,0.9998385654669654,Docente Sintético 001392,3,0,0,16,0,88.87,6.8,ALTO,SIN ACTIVIDAD 90D,SIN ACTIVIDAD 90D,,7–9,0
DOC_001393,TEMUCO,PEDAGOGÍA EN EDUCACIÓN BÁSICA MENCIÓN EN EDUCACIÓN MATEMÁTICA,ADJUNTO,POR HORAS,SIN_NIVEL,0,0,0,0.0,0,0,0,0,0,0.0003618999272872301,0.9996381000727128,Docente Sintético 001393,3,0,0,0,0,,,ALTO,SIN ACTIVIDAD 90D,SIN ACTIVIDAD 90D,≤50%,0–3,0
DOC_001394,TEMUCO,PEDAGOGÍA EN EDUCACIÓN BÁSICA MENCIÓN EN EDUCACIÓN MATEMÁTICA,ADJUNTO,POR HORAS,SIN_NIVEL,3,2,1,66.67,473,486,0,0,0,0.00022633385217127292,0.9997736661478288,Docente Sintético 001394,3,0,0,3,0,79.3,4.5,ALTO,SIN ACTIVIDAD 90D,SIN ACTIVIDAD 90D,,0–3,0
DOC_001395,TEMUCO,PEDAGOGÍA EN EDUCACIÓN BÁSICA MENCIÓN EN EDUCACIÓN MATEMÁTICA,ADJUNTO,POR HORAS,HABILITANTE,11,10,1,90.91,652,835,0,0,0,0.00016143453303466563,0.9998385654669654,Docente Sintético 001395,3,0,0,20,0,85.94,10.526315789473683,ALTO,SIN ACTIVIDAD 90D,SIN ACTIVIDAD 90D,,10+,0
DOC_001396,TEMUCO,PEDAGOGÍA EN EDUCACIÓN BÁSICA MENCIÓN EN EDUCACIÓN MATEMÁTICA,ADJUNTO,POR HORAS,HABILITANTE,13,12,1,92.31,72,576,3,0,0,0.0079666117304655,0.9920333882695344,Docente Sintético 001396,3,1,3,28,11,85.62,22.814814814814813,ALTO,CON ACTIVIDAD 90D,CON ACTIVIDAD 90D,,10+,3–5
DOC_001397,TEMUCO,PEDAGOGÍA EN EDUCACIÓN BÁSICA MENCIÓN EN EDUCACIÓN MATEMÁTICA,ADJUNTO,POR HORAS,HABILITANTE,8,8,0,100.0,4,236,2,0,0,0.0288884344125499,0.97111156558745,Docente Sintético 001397,2,0,0,10,2,90.29,35.0,ALTO,CON ACTIVIDAD 90D,CON ACTIVIDAD 90D,,7–9,1–2
DOC_001398,TEMUCO,PEDAGOGÍA EN EDUCACIÓN BÁSICA MENCIÓN EN EDUCACIÓN MATEMÁTICA,ADJUNTO,POR HORAS,SIN_NIVEL,1,1,0,100.0,696,699,0,0,0,0.0007106517636664247,0.9992893482363336,Docente Sintético 001398,2,0,0,1,0,100.0,,ALTO,SIN ACTIVIDAD 90D,SIN ACTIVIDAD 90D,,0–3,0
DOC_001399,TEMUCO,PEDAGOGÍA EN EDUCACIÓN BÁSICA MENCIÓN EN EDUCACIÓN MATEMÁTICA,ADJUNTO,POR HORAS,INICIAL,15,15,0,100.0,19,125,6,0,0,0.1366520193884699,0.8633479806115301,Docente Sintético 001399,2,2,3,36,12,83.49,19.142857142857142,ALTO,CON ACTIVIDAD 90D,CON ACTIVIDAD 90D,,10+,6+
DOC_001400,TEMUCO,PEDAGOGÍA EN EDUCACIÓN BÁSICA MENCIÓN EN EDUCACIÓN MATEMÁTICA,ADJUNTO,POR HORAS,INICIAL,16,15,1,93.75,158,318,0,0,0,0.0021461368754646,0.9978538631245354,Docente Sintético 001400,2,0,1,40,4,81.61,17.564102564102566,ALTO,SIN ACTIVIDAD 90D,SIN ACTIVIDAD 90D,,10+,0
DOC_001401,TEMUCO,PEDAGOGÍA EN EDUCACIÓN BÁSICA MENCIÓN EN EDUCACIÓN MATEMÁTICA,ADJUNTO,POR HORAS,SIN_NIVEL,3,3,0,100.0,107,333,0,0,0,0.0023321992577202,0.9976678007422796,Docente Sintético 001401,2,0,3,3,3,89.83,5.0,ALTO,SIN ACTIVIDAD 90D,SIN ACTIVIDAD 90D,,0–3,0
DOC_001402,TEMUCO,PEDAGOGÍA EN EDUCACIÓN BÁSICA MENCIÓN EN EDUCACIÓN MATEMÁTICA,ADJUNTO,POR HORAS,HABILITANTE,9,9,0,100.0,536,634,0,0,0,0.0008678441013582026,0.9991321558986418,Docente Sintético 001402,2,0,0,12,0,85.0,14.818181818181818,ALTO,SIN ACTIVIDAD 90D,SIN ACTIVIDAD 90D,,7–9,0
DOC_001403,TEMUCO,PEDAGOGÍA EN EDUCACIÓN BÁSICA MENCIÓN EN EDUCACIÓN MATEMÁTICA,ADJUNTO,POR HORAS,AVANZADO,19,18,1,94.74,4,150,9,0,0,0.0927164012553522,0.9072835987446478,Docente Sintético 001403,2,2,3,55,15,80.76,12.851851851851851,ALTO,CON ACTIVIDAD 90D,CON ACTIVIDAD 90D,,10+,6+
DOC_001404,TEMUCO,PEDAGOGÍA EN EDUCACIÓN BÁSICA MENCIÓN EN EDUCACIÓN MATEMÁTICA,ADJUNTO,POR HORAS,AVANZADO,19,18,1,94.74,142,247,0,0,0,0.0029670716053173,0.9970329283946826,Docente Sintético 001404,2,0,2,52,5,80.55,13.901960784313726,ALTO,SIN ACTIVIDAD 90D,SIN ACTIVIDAD 90D,,10+,0
DOC_001405,TEMUCO,PEDAGOGÍA EN EDUCACIÓN DIFERENCIAL,REGULAR,CONTRATADO,HABILITANTE,12,12,0,100.0,237,436,0,0,0,0.0006002657357281975,0.9993997342642718,Docente Sintético 001405,5,0,0,24,0,82.38,10.652173913043478,ALTO,SIN ACTIVIDAD 90D,SIN ACTIVIDAD 90D,,10+,0
DOC_001407,TEMUCO,PEDAGOGÍA EN EDUCACIÓN DIFERENCIAL,REGULAR,CONTRATADO,AVANZADO,18,17,1,94.44,257,335,0,0,0,0.0006352537699294786,0.9993647462300704,Docente Sintético 001407,5,0,0,48,0,78.96,9.25531914893617,ALTO,SIN ACTIVIDAD 90D,SIN ACTIVIDAD 90D,,10+,0
DOC_001408,TEMUCO,PEDAGOGÍA EN EDUCACIÓN DIFERENCIAL,REGULAR,CONTRATADO,SIN_NIVEL,0,0,0,0.0,121,121,0,0,0,0.0002888088803213583,0.9997111911196788,Docente Sintético 001408,5,0,0,0,0,,,ALTO,SIN ACTIVIDAD 90D,SIN ACTIVIDAD 90D,≤50%,0–3,0
DOC_001409,TEMUCO,PEDAGOGÍA EN EDUCACIÓN DIFERENCIAL,REGULAR,CONTRATADO,AVANZADO,17,17,0,100.0,9,138,1,0,0,0.2967965296163375,0.7032034703836625,Docente Sintético 001409,5,0,2,45,7,81.45,15.613636363636363,ALTO,CON ACTIVIDAD 90D,CON ACTIVIDAD 90D,,10+,1–2
DOC_001410,TEMUCO,PEDAGOGÍA EN EDUCACIÓN DIFERENCIAL,REGULAR,CONTRATADO,HABILITANTE,12,11,1,91.67,475,720,0,0,0,0.00012376974960717034,0.9998762302503929,Docente Sintético 001410,5,0,0,24,0,82.28,15.91304347826087,ALTO,SIN ACTIVIDAD 90D,SIN ACTIVIDAD 90D,,10+,0
DOC_001411,TEMUCO,PEDAGOGÍA EN EDUCACIÓN DIFERENCIAL,REGULAR,CONTRATADO,INICIAL,15,15,0,100.0,317,458,0,0,0,0.0137697840202247,0.9862302159797752,Docente Sintético 001411,5,0,0,36,0,85.24,15.228571428571428,ALTO,SIN ACTIVIDAD 90D,SIN ACTIVIDAD 90D,,10+,0
DOC_001412,TEMUCO,PEDAGOGÍA EN EDUCACIÓN DIFERENCIAL,ADJUNTO,POR HORAS,AVANZADO,20,20,0,100.0,6,245,9,1,1,0.8224391970451482,0.1775608029548517,Docente Sintético 001412,2,3,3,56,12,80.16,15.272727272727272,BAJO,CON ACTIVIDAD 90D,CON ACTIVIDAD 90D,,10+,6+
DOC_001413,TEMUCO,PEDAGOGÍA EN EDUCACIÓN DIFERENCIAL,ADJUNTO,POR HORAS,HABILITANTE,9,9,0,100.0,435,640,0,0,0,0.001249022343406,0.998750977656594,Docente Sintético 001413,2,0,0,12,0,87.3,23.727272727272727,ALTO,SIN ACTIVIDAD 90D,SIN ACTIVIDAD 90D,,7–9,0
DOC_001414,TEMUCO,PEDAGOGÍA EN EDUCACIÓN DIFERENCIAL,ADJUNTO,POR HORAS,SIN_NIVEL,3,2,1,66.67,111,333,0,0,0,0.00028533090231876564,0.9997146690976813,Docente Sintético 001414,2,0,3,3,3,81.43,4.5,ALTO,SIN ACTIVIDAD 90D,SIN ACTIVIDAD 90D,,0–3,0
DOC_001415,TEMUCO,PEDAGOGÍA EN EDUCACIÓN DIFERENCIAL,ADJUNTO,POR HORAS,AVANZADO,17,17,0,100.0,108,108,0,0,0,0.056532964918713,0.9434670350812868,Docente Sintético 001415,2,0,2,44,5,81.91,17.046511627906977,ALTO,SIN ACTIVIDAD 90D,SIN ACTIVIDAD 90D,,10+,0
DOC_001416,TEMUCO,PEDAGOGÍA EN EDUCACIÓN DIFERENCIAL,ADJUNTO,POR HORAS,HABILITANTE,10,8,2,80.0,244,306,0,0,0,0.00015980578564320637,0.9998401942143568,Docente Sintético 001416,2,0,0,16,0,80.21,5.666666666666667,ALTO,SIN ACTIVIDAD 90D,SIN ACTIVIDAD 90D,,7–9,0
DOC_001417,TEMUCO,PEDAGOGÍA EN EDUCACIÓN DIFERENCIAL,ADJUNTO,POR HORAS,AVANZADO,19,18,1,94.74,127,240,0,0,0,0.0072248400914054,0.9927751599085946,Docente Sintético 001417,1,0,2,52,7,83.67,14.019607843137257,ALTO,SIN ACTIVIDAD 90D,SIN ACTIVIDAD 90D,,10+,0
DOC_001418,TEMUCO,PEDAGOGÍA EN EDUCACIÓN DIFERENCIAL,ADJUNTO,POR HORAS,INICIAL,16,14,2,87.5,392,488,0,0,0,0.0010468654252962,0.9989531345747036,Docente Sintético 001418,1,0,0,40,0,81.13,7.769230769230769,ALTO,SIN ACTIVIDAD 90D,SIN ACTIVIDAD 90D,,10+,0
DOC_001419,TEMUCO,PEDAGOGÍA EN EDUCACIÓN DIFERENCIAL,ADJUNTO,POR HORAS,SIN_NIVEL,1,0,1,0.0,113,121,0,0,0,0.00028533090231876564,0.9997146690976813,Docente Sintético 001419,1,0,1,1,1,74.9,,ALTO,SIN ACTIVIDAD 90D,SIN ACTIVIDAD 90D,≤50%,0–3,0
DOC_001420,TEMUCO,PEDAGOGÍA EN EDUCACIÓN DIFERENCIAL,ADJUNTO,POR HORAS,HABILITANTE,10,9,1,90.0,680,791,0,0,0,0.00016143453303466563,0.9998385654669654,Docente Sintético 001420,1,0,0,16,0,85.4,11.4,ALTO,SIN ACTIVIDAD 90D,SIN ACTIVIDAD 90D,,7–9,0
DOC_001421,TEMUCO,PEDAGOGÍA EN EDUCACIÓN DIFERENCIAL,ADJUNTO,POR HORAS,SIN_NIVEL,0,0,0,0.0,0,0,0,0,0,0.0003618999272872301,0.9996381000727128,Docente Sintético 001421,1,0,0,0,0,,,ALTO,SIN ACTIVIDAD 90D,SIN ACTIVIDAD 90D,≤50%,0–3,0
DOC_001422,TEMUCO,PEDAGOGÍA EN EDUCACIÓN DIFERENCIAL,ADJUNTO,POR HORAS,SIN_NIVEL,0,0,0,0.0,0,0,0,0,0,0.0003618999272872301,0.9996381000727128,Docente Sintético 001422,1,0,0,0,0,,,ALTO,SIN ACTIVIDAD 90D,SIN ACTIVIDAD 90D,≤50%,0–3,0
DOC_001424,TEMUCO,PEDAGOGÍA EN EDUCACIÓN DIFERENCIAL,ADJUNTO,POR HORAS,HABILITANTE,13,11,2,84.62,494,674,0,0,0,0.00012376974960717034,0.9998762302503929,Docente Sintético 001424,1,0,0,28,0,83.11,7.481481481481482,ALTO,SIN ACTIVIDAD 90D,SIN ACTIVIDAD 90D,,10+,0
DOC_001425,TEMUCO,PEDAGOGÍA EN EDUCACIÓN FÍSICA,REGULAR,CONTRATADO,HABILITANTE,13,12,1,92.31,578,823,0,0,0,0.00011490450138021998,0.9998850954986198,Docente Sintético 001425,5,0,0,28,0,81.46,9.88888888888889,ALTO,SIN ACTIVIDAD 90D,SIN ACTIVIDAD 90D,,10+,0
DOC_001426,TEMUCO,PEDAGOGÍA EN EDUCACIÓN FÍSICA,REGULAR,CONTRATADO,SIN_NIVEL,0,0,0,0.0,333,333,0,0,0,0.000279943632094408,0.9997200563679056,Docente Sintético 001426,5,0,0,0,0,,,ALTO,SIN ACTIVIDAD 90D,SIN ACTIVIDAD 90D,≤50%,0–3,0
DOC_001427,TEMUCO,PEDAGOGÍA EN EDUCACIÓN FÍSICA,REGULAR,CONTRATADO,SIN_NIVEL,2,1,1,50.0,473,699,0,0,0,0.00021746860394432257,0.9997825313960556,Docente Sintético 001427,5,0,0,2,0,78.15,6.0,ALTO,SIN ACTIVIDAD 90D,SIN ACTIVIDAD 90D,,0–3,0
DOC_001428,TEMUCO,PEDAGOGÍA EN EDUCACIÓN FÍSICA,REGULAR,CONTRATADO,SIN_NIVEL,0,0,0,0.0,121,121,0,0,0,0.000279943632094408,0.9997200563679056,Docente Sintético 001428,5,0,0,0,0,,,ALTO,SIN ACTIVIDAD 90D,SIN ACTIVIDAD 90D,≤50%,0–3,0
DOC_001429,TEMUCO,PEDAGOGÍA EN EDUCACIÓN FÍSICA,REGULAR,CONTRATADO,AVANZADO,18,18,0,100.0,0,117,4,0,0,0.310187934935336,0.689812065064664,Docente Sintético 001429,5,1,3,48,12,79.66,17.78723404255319,ALTO,CON ACTIVIDAD 90D,CON ACTIVIDAD 90D,,10+,3–5
DOC_001430,TEMUCO,PEDAGOGÍA EN EDUCACIÓN FÍSICA,REGULAR,CONTRATADO,SIN_NIVEL,7,6,1,85.71,308,333,0,0,0,0.00025513338737181783,0.9997448666126282,Docente Sintético 001430,5,0,0,7,0,90.37,3.8333333333333335,ALTO,SIN ACTIVIDAD 90D,SIN ACTIVIDAD 90D,,4–6,0
DOC_001431,TEMUCO,PEDAGOGÍA EN EDUCACIÓN FÍSICA,REGULAR,CONTRATADO,HABILITANTE,12,10,2,83.33,238,426,0,0,0,0.00011490450138021998,0.9998850954986198,Docente Sintético 001431,5,0,0,24,0,81.58,10.652173913043478,ALTO,SIN ACTIVIDAD 90D,SIN ACTIVIDAD 90D,,10+,0
DOC_001432,TEMUCO,PEDAGOGÍA EN EDUCACIÓN FÍSICA,ADJUNTO,POR HORAS,AVANZADO,18,18,0,100.0,366,428,0,0,0,0.0031555975004413,0.9968444024995587,Docente Sintético 001432,2,0,0,48,0,84.31,10.319148936170214,ALTO,SIN ACTIVIDAD 90D,SIN ACTIVIDAD 90D,,10+,0
DOC_001433,TEMUCO,PEDAGOGÍA EN EDUCACIÓN FÍSICA,ADJUNTO,POR HORAS,AVANZADO,20,20,0,100.0,10,235,8,1,1,0.7624879664277564,0.2375120335722436,Docente Sintético 001433,2,2,3,56,12,83.99,15.090909090909092,BAJO,CON ACTIVIDAD 90D,CON ACTIVIDAD 90D,,10+,6+
DOC_001434,TEMUCO,PEDAGOGÍA EN EDUCACIÓN FÍSICA,ADJUNTO,POR HORAS,AVANZADO,17,17,0,100.0,19,19,8,0,0,0.1312085511615883,0.8687914488384116,Docente Sintético 001434,2,2,4,44,15,82.82,18.976744186046517,ALTO,CON ACTIVIDAD 90D,CON ACTIVIDAD 90D,,10+,6+
DOC_001435,TEMUCO,PEDAGOGÍA EN EDUCACIÓN FÍSICA,ADJUNTO,POR HORAS,AVANZADO,17,17,0,100.0,119,119,0,0,0,0.0517185324817459,0.948281467518254,Docente Sintético 001435,2,0,2,44,8,79.46,16.72093023255814,ALTO,SIN ACTIVIDAD 90D,SIN ACTIVIDAD 90D,,10+,0
DOC_001436,TEMUCO,PEDAGOGÍA EN EDUCACIÓN FÍSICA,ADJUNTO,POR HORAS,HABILITANTE,10,10,0,100.0,219,423,0,0,0,0.000945558939711339,0.9990544410602886,Docente Sintético 001436,1,0,0,16,0,88.08,16.866666666666667,ALTO,SIN ACTIVIDAD 90D,SIN ACTIVIDAD 90D,,10+,0
DOC_001437,TEMUCO,PEDAGOGÍA EN EDUCACIÓN FÍSICA,ADJUNTO,POR HORAS,INICIAL,14,14,0,100.0,454,492,0,0,0,0.004496863394924,0.995503136605076,Docente Sintético 001437,1,0,0,32,0,84.33,7.774193548387097,ALTO,SIN ACTIVIDAD 90D,SIN ACTIVIDAD 90D,,10+,0
DOC_001438,TEMUCO,PEDAGOGÍA EN EDUCACIÓN FÍSICA,ADJUNTO,POR HORAS,SIN_NIVEL,1,0,1,0.0,685,699,0,0,0,0.00021746860394432257,0.9997825313960556,Docente Sintético 001438,1,0,0,1,0,72.8,,ALTO,SIN ACTIVIDAD 90D,SIN ACTIVIDAD 90D,≤50%,0–3,0
DOC_001439,TEMUCO,PEDAGOGÍA EN EDUCACIÓN FÍSICA,ADJUNTO,POR HORAS,AVANZADO,18,17,1,94.44,89,233,1,0,0,0.0209497932626533,0.9790502067373468,Docente Sintético 001439,1,1,1,48,4,81.19,16.170212765957448,ALTO,CON ACTIVIDAD 90D,CON ACTIVIDAD 90D,,10+,1–2
DOC_001440,TEMUCO,PEDAGOGÍA EN EDUCACIÓN FÍSICA,ADJUNTO,POR HORAS,SIN_NIVEL,0,0,0,0.0,0,0,0,0,0,0.00035303467906027964,0.9996469653209398,Docente Sintético 001440,1,0,0,0,0,,,ALTO,SIN ACTIVIDAD 90D,SIN ACTIVIDAD 90D,≤50%,0–3,0
DOC_001441,TEMUCO,PEDAGOGÍA EN EDUCACIÓN FÍSICA,ADJUNTO,POR HORAS,SIN_NIVEL,1,1,0,100.0,481,486,0,0,0,0.0006597874505545769,0.9993402125494454,Docente Sintético 001441,1,0,0,1,0,81.9,,ALTO,SIN ACTIVIDAD 90D,SIN ACTIVIDAD 90D,,0–3,0
DOC_001442,TEMUCO,PEDAGOGÍA EN EDUCACIÓN FÍSICA,ADJUNTO,POR HORAS,INICIAL,14,14,0,100.0,451,553,0,0,0,0.0049909674076721,0.995009032592328,Docente Sintético 001442,1,0,0,32,0,83.9,12.774193548387096,ALTO,SIN ACTIVIDAD 90D,SIN ACTIVIDAD 90D,,10+,0
DOC_001443,TEMUCO,PEDAGOGÍA EN EDUCACIÓN FÍSICA,ADJUNTO,POR HORAS,SIN_NIVEL,0,0,0,0.0,0,0,0,0,0,0.00035303467906027964,0.9996469653209398,Docente Sintético 001443,1,0,0,0,0,,,ALTO,SIN ACTIVIDAD 90D,SIN ACTIVIDAD 90D,≤50%,0–3,0
DOC_001444,TEMUCO,PEDAGOGÍA EN EDUCACIÓN FÍSICA,ADJUNTO,POR HORAS,HABILITANTE,10,9,1,90.0,610,674,0,0,0,0.00011490450138021998,0.9998850954986198,Docente Sintético 001444,1,0,0,16,0,81.61,5.866666666666666,ALTO,SIN ACTIVIDAD 90D,SIN ACTIVIDAD 90D,,7–9,0
DOC_001445,TEMUCO,PEDAGOGÍA EN EDUCACIÓN PARVULARIA,REGULAR,CONTRATADO,AVANZADO,20,20,0,100.0,194,337,0,0,0,0.0038236447731527,0.9961763552268472,Docente Sintético 001445,5,0,0,56,0,81.28,9.127272727272729,ALTO,SIN ACTIVIDAD 90D,SIN ACTIVIDAD 90D,,10+,0
DOC_001446,TEMUCO,PEDAGOGÍA EN EDUCACIÓN PARVULARIA,REGULAR,CONTRATADO,INICIAL,13,13,0,100.0,3,242,1,0,0,0.0994334684832563,0.9005665315167437,Docente Sintético 001446,5,0,0,29,1,85.69,30.142857142857142,ALTO,CON ACTIVIDAD 90D,CON ACTIVIDAD 90D,,10+,1–2
DOC_001447,TEMUCO,PEDAGOGÍA EN EDUCACIÓN PARVULARIA,REGULAR,CONTRATADO,SIN_NIVEL,0,0,0,0.0,0,0,0,0,0,0.0003618999272872301,0.9996381000727128,Docente Sintético 001447,5,0,0,0,0,,,ALTO,SIN ACTIVIDAD 90D,SIN ACTIVIDAD 90D,≤50%,0–3,0
DOC_001448,TEMUCO,PEDAGOGÍA EN EDUCACIÓN PARVULARIA,REGULAR,CONTRATADO,SIN_NIVEL,0,0,0,0.0,0,0,0,0,0,0.0003618999272872301,0.9996381000727128,Docente Sintético 001448,5,0,0,0,0,,,ALTO,SIN ACTIVIDAD 90D,SIN ACTIVIDAD 90D,≤50%,0–3,0
DOC_001449,TEMUCO,PEDAGOGÍA EN EDUCACIÓN PARVULARIA,REGULAR,CONTRATADO,HABILITANTE,10,9,1,90.0,1,271,9,0,0,0.0193880496870153,0.9806119503129846,Docente Sintético 001449,5,2,2,19,11,81.68,18.05555555555556,ALTO,CON ACTIVIDAD 90D,CON ACTIVIDAD 90D,,7–9,6+
DOC_001450,TEMUCO,PEDAGOGÍA EN EDUCACIÓN PARVULARIA,REGULAR,CONTRATADO,AVANZADO,18,18,0,100.0,2,32,8,1,1,0.5481251274615863,0.4518748725384137,Docente Sintético 001450,5,2,4,48,16,84.33,17.659574468085108,MEDIO,CON ACTIVIDAD 90D,CON ACTIVIDAD 90D,,10+,6+
DOC_001452,TEMUCO,PEDAGOGÍA EN EDUCACIÓN PARVULARIA,ADJUNTO,POR HORAS,AVANZADO,18,18,0,100.0,273,354,0,0,0,0.003213568514934,0.996786431485066,Docente Sintético 001452,2,0,0,48,0,83.69,9.04255319148936,ALTO,SIN ACTIVIDAD 90D,SIN ACTIVIDAD 90D,,10+,0
DOC_001453,TEMUCO,PEDAGOGÍA EN EDUCACIÓN PARVULARIA,ADJUNTO,POR HORAS,HABILITANTE,11,10,1,90.91,535,791,0,0,0,0.00024801461961475226,0.9997519853803852,Docente Sintético 001453,2,0,0,20,0,83.66,16.157894736842106,ALTO,SIN ACTIVIDAD 90D,SIN ACTIVIDAD 90D,,10+,0
DOC_001454,TEMUCO,PEDAGOGÍA EN EDUCACIÓN PARVULARIA,ADJUNTO,POR HORAS,HABILITANTE,9,9,0,100.0,249,440,0,0,0,0.001249022343406,0.998750977656594,Docente Sintético 001454,2,0,0,12,0,89.54,21.545454545454547,ALTO,SIN ACTIVIDAD 90D,SIN ACTIVIDAD 90D,,7–9,0
DOC_001455,TEMUCO,PEDAGOGÍA EN EDUCACIÓN PARVULARIA,ADJUNTO,POR HORAS,AVANZADO,17,17,0,100.0,1,30,9,0,0,0.3878461975757113,0.6121538024242886,Docente Sintético 001455,2,2,4,45,16,82.25,15.75,ALTO,CON ACTIVIDAD 90D,CON ACTIVIDAD 90D,,10+,6+
DOC_001456,TEMUCO,PEDAGOGÍA EN EDUCACIÓN PARVULARIA,ADJUNTO,POR HORAS,HABILITANTE,13,11,2,84.62,281,647,0,0,0,0.00012376974960717034,0.9998762302503929,Docente Sintético 001456,1,0,0,28,0,81.58,15.185185185185183,ALTO,SIN ACTIVIDAD 90D,SIN ACTIVIDAD 90D,,10+,0
DOC_001457,TEMUCO,PEDAGOGÍA EN EDUCACIÓN PARVULARIA,ADJUNTO,POR HORAS,SIN_NIVEL,0,0,0,0.0,0,0,0,0,0,0.0003618999272872301,0.9996381000727128,Docente Sintético 001457,1,0,0,0,0,,,ALTO,SIN ACTIVIDAD 90D,SIN ACTIVIDAD 90D,≤50%,0–3,0
DOC_001458,TEMUCO,PEDAGOGÍA EN EDUCACIÓN PARVULARIA,ADJUNTO,POR HORAS,INICIAL,16,14,2,87.5,189,374,0,0,0,0.0010468654252962,0.9989531345747036,Docente Sintético 001458,1,0,0,40,0,79.74,12.794871794871796,ALTO,SIN ACTIVIDAD 90D,SIN ACTIVIDAD 90D,,10+,0
DOC_001459,TEMUCO,PEDAGOGÍA EN EDUCACIÓN PARVULARIA,ADJUNTO,POR HORAS,HABILITANTE,11,11,0,100.0,618,792,0,0,0,0.000908569148439182,0.9990914308515608,Docente Sintético 001459,1,0,0,20,0,85.08,11.63157894736842,ALTO,SIN ACTIVIDAD 90D,SIN ACTIVIDAD 90D,,10+,0
DOC_001461,TEMUCO,PEDAGOGÍA EN EDUCACIÓN PARVULARIA,ADJUNTO,POR HORAS,SIN_NIVEL,0,0,0,0.0,333,333,0,0,0,0.0002888088803213583,0.9997111911196788,Docente Sintético 001461,1,0,0,0,0,,,ALTO,SIN ACTIVIDAD 90D,SIN ACTIVIDAD 90D,≤50%,0–3,0
DOC_001462,TEMUCO,PEDAGOGÍA EN INGLÉS,REGULAR,CONTRATADO,AVANZADO,19,19,0,100.0,231,351,0,0,0,0.0365011352578783,0.9634988647421217,Docente Sintético 001462,5,0,0,52,0,83.3,9.07843137254902,ALTO,SIN ACTIVIDAD 90D,SIN ACTIVIDAD 90D,,10+,0
DOC_001463,TEMUCO,PEDAGOGÍA EN INGLÉS,REGULAR,CONTRATADO,AVANZADO,18,17,1,94.44,87,127,1,0,0,0.0233046229909972,0.9766953770090028,Docente Sintético 001463,5,1,3,48,10,82.51,15.851063829787234,ALTO,CON ACTIVIDAD 90D,CON ACTIVIDAD 90D,,10+,1–2
DOC_001464,TEMUCO,PEDAGOGÍA EN INGLÉS,REGULAR,CONTRATADO,HABILITANTE,9,8,1,88.89,536,649,0,0,0,0.00016143453303466563,0.9998385654669654,Docente Sintético 001464,5,0,0,12,0,83.73,14.818181818181818,ALTO,SIN ACTIVIDAD 90D,SIN ACTIVIDAD 90D,,7–9,0
DOC_001465,TEMUCO,PEDAGOGÍA EN INGLÉS,REGULAR,CONTRATADO,SIN_NIVEL,3,1,2,33.33,82,333,2,0,0,0.0141922378523036,0.9858077621476964,Docente Sintético 001465,5,2,3,3,3,76.23,17.0,ALTO,CON ACTIVIDAD 90D,CON ACTIVIDAD 90D,,0–3,1–2
DOC_001466,TEMUCO,PEDAGOGÍA EN INGLÉS,REGULAR,CONTRATADO,INICIAL,15,15,0,100.0,6,248,8,1,1,0.7650338801621345,0.2349661198378655,Docente Sintético 001466,5,2,2,37,9,83.11,19.166666666666668,BAJO,CON ACTIVIDAD 90D,CON ACTIVIDAD 90D,,10+,6+
DOC_001467,TEMUCO,PEDAGOGÍA EN INGLÉS,REGULAR,CONTRATADO,INICIAL,16,16,0,100.0,1,163,9,1,1,0.8800932154744638,0.1199067845255361,Docente Sintético 001467,5,3,4,40,14,83.42,17.58974358974359,BAJO,CON ACTIVIDAD 90D,CON ACTIVIDAD 90D,,10+,6+
DOC_001468,TEMUCO,PEDAGOGÍA EN INGLÉS,REGULAR,CONTRATADO,AVANZADO,17,17,0,100.0,8,236,2,1,1,0.5388352143253574,0.4611647856746426,Docente Sintético 001468,5,0,0,46,2,80.46,18.444444444444443,MEDIO,CON ACTIVIDAD 90D,CON ACTIVIDAD 90D,,10+,1–2
DOC_001469,TEMUCO,PEDAGOGÍA EN INGLÉS,ADJUNTO,POR HORAS,HABILITANTE,8,8,0,100.0,4,201,1,0,0,0.0149253402234162,0.9850746597765838,Docente Sintético 001469,2,0,0,9,1,90.45,39.625,ALTO,CON ACTIVIDAD 90D,CON ACTIVIDAD 90D,,7–9,1–2
DOC_001470,TEMUCO,PEDAGOGÍA EN INGLÉS,ADJUNTO,POR HORAS,HABILITANTE,9,8,1,88.89,363,423,0,0,0,0.00016143453303466563,0.9998385654669654,Docente Sintético 001470,2,0,0,12,0,85.03,9.909090909090908,ALTO,SIN ACTIVIDAD 90D,SIN ACTIVIDAD 90D,,7–9,0
DOC_001471,TEMUCO,PEDAGOGÍA EN INGLÉS,ADJUNTO,POR HORAS,SIN_NIVEL,3,1,2,33.33,96,121,0,0,0,0.0004068370238248871,0.9995931629761752,Docente Sintético 001471,2,0,3,3,3,75.47,9.0,ALTO,SIN ACTIVIDAD 90D,SIN ACTIVIDAD 90D,,0–3,0
DOC_001472,TEMUCO,PEDAGOGÍA EN INGLÉS,ADJUNTO,POR HORAS,HABILITANTE,12,9,3,75.0,40,269,5,0,0,0.0006205441664238724,0.999379455833576,Docente Sintético 001472,2,2,4,24,13,82.12,12.347826086956522,ALTO,CON ACTIVIDAD 90D,CON ACTIVIDAD 90D,,7–9,3–5
DOC_001473,TEMUCO,PEDAGOGÍA EN INGLÉS,ADJUNTO,POR HORAS,AVANZADO,20,20,0,100.0,0,249,10,0,1,0.5561939117840324,0.4438060882159675,Docente Sintético 001473,2,2,3,58,14,81.61,14.87719298245614,MEDIO,CON ACTIVIDAD 90D,CON ACTIVIDAD 90D,,10+,6+
DOC_001474,TEMUCO,PEDAGOGÍA EN INGLÉS,ADJUNTO,POR HORAS,HABILITANTE,9,9,0,100.0,358,423,0,0,0,0.0006544692247168326,0.9993455307752832,Docente Sintético 001474,2,0,0,12,0,87.84,10.454545454545457,ALTO,SIN ACTIVIDAD 90D,SIN ACTIVIDAD 90D,,7–9,0
DOC_001475,TEMUCO,PEDAGOGÍA EN INGLÉS,ADJUNTO,POR HORAS,SIN_NIVEL,0,0,0,0.0,0,0,0,0,0,0.000316133336898214,0.9996838666631018,Docente Sintético 001475,2,0,0,0,0,,,ALTO,SIN ACTIVIDAD 90D,SIN ACTIVIDAD 90D,≤50%,0–3,0
DOC_001476,TEMUCO,PEDAGOGÍA EN INGLÉS,ADJUNTO,POR HORAS,HABILITANTE,11,11,0,100.0,371,711,0,0,0,0.0014115890863503,0.9985884109136496,Docente Sintético 001476,2,0,0,20,0,85.15,24.31578947368421,ALTO,SIN ACTIVIDAD 90D,SIN ACTIVIDAD 90D,,10+,0
DOC_001477,TEMUCO,PEDAGOGÍA EN INGLÉS,ADJUNTO,POR HORAS,AVANZADO,18,18,0,100.0,89,246,1,0,0,0.0956226126045153,0.9043773873954848,Docente Sintético 001477,2,1,1,48,4,82.28,16.0,ALTO,CON ACTIVIDAD 90D,CON ACTIVIDAD 90D,,10+,1–2
DOC_001478,TEMUCO,PEDAGOGÍA EN INGLÉS,ADJUNTO,POR HORAS,AVANZADO,21,20,1,95.24,59,248,4,0,0,0.009870495740169,0.9901295042598308,Docente Sintético 001478,2,1,4,60,13,79.59,13.389830508474576,ALTO,CON ACTIVIDAD 90D,CON ACTIVIDAD 90D,,10+,3–5
DOC_001479,TEMUCO,PEDAGOGÍA EN INGLÉS,ADJUNTO,POR HORAS,INICIAL,16,14,2,87.5,96,286,0,0,0,0.0031621179079853,0.9968378820920146,Docente Sintético 001479,2,0,3,40,10,81.81,15.153846153846152,ALTO,SIN ACTIVIDAD 90D,SIN ACTIVIDAD 90D,,10+,0
DOC_001480,TEMUCO,PEDAGOGÍA EN INGLÉS,ADJUNTO,POR HORAS,HABILITANTE,12,11,1,91.67,414,645,0,0,0,0.00012376974960717034,0.9998762302503929,Docente Sintético 001480,1,0,0,24,0,81.13,12.173913043478262,ALTO,SIN ACTIVIDAD 90D,SIN ACTIVIDAD 90D,,10+,0
DOC_001481,TEMUCO,PEDAGOGÍA EN INGLÉS,ADJUNTO,POR HORAS,INICIAL,13,13,0,100.0,2,194,2,0,0,0.30279641284511,0.69720358715489,Docente Sintético 001481,1,0,0,30,2,82.72,16.517241379310345,ALTO,CON ACTIVIDAD 90D,CON ACTIVIDAD 90D,,10+,1–2
DOC_001482,TEMUCO,PERIODISMO,REGULAR,CONTRATADO,INICIAL,15,14,1,93.33,335,485,0,0,0,0.0035861803708334,0.9964138196291664,Docente Sintético 001482,5,0,0,36,0,85.75,10.257142857142858,ALTO,SIN ACTIVIDAD 90D,SIN ACTIVIDAD 90D,,10+,0
DOC_001483,TEMUCO,PERIODISMO,REGULAR,CONTRATADO,INICIAL,17,16,1,94.12,353,576,0,0,0,0.0022722477419078,0.997727752258092,Docente Sintético 001483,5,0,0,44,0,78.75,11.465116279069768,ALTO,SIN ACTIVIDAD 90D,SIN ACTIVIDAD 90D,,10+,0
DOC_001484,TEMUCO,PERIODISMO,REGULAR,CONTRATADO,SIN_NIVEL,6,4,2,66.67,833,852,0,0,0,0.00026399863559876816,0.9997360013644012,Docente Sintético 001484,5,0,0,6,0,85.18,3.4,ALTO,SIN ACTIVIDAD 90D,SIN ACTIVIDAD 90D,,4–6,0
DOC_001485,TEMUCO,PERIODISMO,REGULAR,CONTRATADO,SIN_NIVEL,4,4,0,100.0,677,852,0,0,0,0.0006232367141290466,0.999376763285871,Docente Sintético 001485,5,0,0,4,0,86.72,6.666666666666667,ALTO,SIN ACTIVIDAD 90D,SIN ACTIVIDAD 90D,,4–6,0
DOC_001486,TEMUCO,PERIODISMO,REGULAR,CONTRATADO,SIN_NIVEL,0,0,0,0.0,121,121,0,0,0,0.0002888088803213583,0.9997111911196788,Docente Sintético 001486,5,0,0,0,0,,,ALTO,SIN ACTIVIDAD 90D,SIN ACTIVIDAD 90D,≤50%,0–3,0
DOC_001487,TEMUCO,PERIODISMO,REGULAR,CONTRATADO,AVANZADO,17,17,0,100.0,28,28,7,0,0,0.0810781390409363,0.9189218609590636,Docente Sintético 001487,5,2,4,44,14,82.26,15.325581395348838,ALTO,CON ACTIVIDAD 90D,CON ACTIVIDAD 90D,,10+,6+
DOC_001488,TEMUCO,PERIODISMO,REGULAR,CONTRATADO,HABILITANTE,11,9,2,81.82,352,631,0,0,0,0.00012376974960717034,0.9998762302503929,Docente Sintético 001488,5,0,0,20,0,82.22,17.57894736842105,ALTO,SIN ACTIVIDAD 90D,SIN ACTIVIDAD 90D,,7–9,0
DOC_001489,TEMUCO,PERIODISMO,ADJUNTO,POR HORAS,HABILITANTE,12,12,0,100.0,627,829,0,0,0,0.000908569148439182,0.9990914308515608,Docente Sintético 001489,2,0,0,24,0,89.13,9.652173913043478,ALTO,SIN ACTIVIDAD 90D,SIN ACTIVIDAD 90D,,10+,0
DOC_001490,TEMUCO,PERIODISMO,ADJUNTO,POR HORAS,AVANZADO,17,17,0,100.0,1,118,1,0,0,0.4846463057753977,0.5153536942246022,Docente Sintético 001490,2,0,2,45,9,84.09,19.204545454545453,MEDIO,CON ACTIVIDAD 90D,CON ACTIVIDAD 90D,,10+,1–2
DOC_001491,TEMUCO,PERIODISMO,ADJUNTO,POR HORAS,INICIAL,16,16,0,100.0,8,192,10,1,1,0.8215958892893085,0.1784041107106915,Docente Sintético 001491,2,3,3,40,12,83.24,12.256410256410255,BAJO,CON ACTIVIDAD 90D,CON ACTIVIDAD 90D,,10+,6+
DOC_001492,TEMUCO,PERIODISMO,ADJUNTO,POR HORAS,HABILITANTE,9,8,1,88.89,719,820,0,0,0,0.00016143453303466563,0.9998385654669654,Docente Sintético 001492,2,0,0,12,0,86.9,11.727272727272728,ALTO,SIN ACTIVIDAD 90D,SIN ACTIVIDAD 90D,,7–9,0
DOC_001493,TEMUCO,PERIODISMO,ADJUNTO,POR HORAS,INICIAL,16,14,2,87.5,12,289,9,0,0,0.0799316053756948,0.9200683946243052,Docente Sintético 001493,1,3,3,40,12,80.85,17.28205128205128,ALTO,CON ACTIVIDAD 90D,CON ACTIVIDAD 90D,,10+,6+
DOC_001494,TEMUCO,PERIODISMO,ADJUNTO,POR HORAS,HABILITANTE,12,11,1,91.67,524,669,0,0,0,0.00016143453303466563,0.9998385654669654,Docente Sintético 001494,1,0,0,24,0,84.9,7.478260869565218,ALTO,SIN ACTIVIDAD 90D,SIN ACTIVIDAD 90D,,10+,0
DOC_001495,TEMUCO,PERIODISMO,ADJUNTO,POR HORAS,SIN_NIVEL,3,3,0,100.0,469,852,0,0,0,0.0006232367141290466,0.999376763285871,Docente Sintético 001495,1,0,0,3,0,90.7,5.0,ALTO,SIN ACTIVIDAD 90D,SIN ACTIVIDAD 90D,,0–3,0
DOC_001496,TEMUCO,PERIODISMO,ADJUNTO,POR HORAS,HABILITANTE,10,10,0,100.0,686,822,0,0,0,0.0007002358151058486,0.9992997641848942,Docente Sintético 001496,1,0,0,16,0,86.37,10.733333333333333,ALTO,SIN ACTIVIDAD 90D,SIN ACTIVIDAD 90D,,10+,0
DOC_001497,TEMUCO,PERIODISMO,ADJUNTO,POR HORAS,AVANZADO,20,19,1,95.0,108,256,0,0,0,0.0020665739768157,0.9979334260231842,Docente Sintético 001497,1,0,2,56,8,80.78,10.727272727272728,ALTO,SIN ACTIVIDAD 90D,SIN ACTIVIDAD 90D,,10+,0
DOC_001498,TEMUCO,PERIODISMO,ADJUNTO,POR HORAS,SIN_NIVEL,2,1,1,50.0,469,486,0,0,0,0.00022633385217127292,0.9997736661478288,Docente Sintético 001498,1,0,0,2,0,77.25,5.0,ALTO,SIN ACTIVIDAD 90D,SIN ACTIVIDAD 90D,,0–3,0
DOC_001499,TEMUCO,PERIODISMO,ADJUNTO,POR HORAS,AVANZADO,20,20,0,100.0,6,147,10,0,1,0.5877227724608179,0.412277227539182,Docente Sintético 001499,1,3,4,56,16,82.54,15.21818181818182,MEDIO,CON ACTIVIDAD 90D,CON ACTIVIDAD 90D,,10+,6+
DOC_001500,TEMUCO,PERIODISMO,ADJUNTO,POR HORAS,SIN_NIVEL,3,1,2,33.33,303,333,0,0,0,0.00022633385217127292,0.9997736661478288,Docente Sintético 001500,1,0,0,3,0,73.77,8.0,ALTO,SIN ACTIVIDAD 90D,SIN ACTIVIDAD 90D,,0–3,0
DOC_001501,TEMUCO,PERIODISMO,ADJUNTO,POR HORAS,HABILITANTE,13,11,2,84.62,94,427,0,0,0,0.0002459052052315408,0.9997540947947684,Docente Sintético 001501,1,0,3,28,9,80.6,14.37037037037037,ALTO,SIN ACTIVIDAD 90D,SIN ACTIVIDAD 90D,,10+,0
DOC_001502,TEMUCO,PSICOLOGÍA,REGULAR,CONTRATADO,HABILITANTE,10,9,1,90.0,685,819,0,0,0,0.00012376974960717034,0.9998762302503929,Docente Sintético 001502,5,0,0,16,0,81.85,10.733333333333333,ALTO,SIN ACTIVIDAD 90D,SIN ACTIVIDAD 90D,,7–9,0
DOC_001503,TEMUCO,PSICOLOGÍA,REGULAR,CONTRATADO,AVANZADO,19,18,1,94.74,54,152,4,0,0,0.0148580136657384,0.9851419863342616,Docente Sintético 001503,5,1,3,52,12,81.89,12.627450980392156,ALTO,CON ACTIVIDAD 90D,CON ACTIVIDAD 90D,,10+,3–5
DOC_001504,TEMUCO,PSICOLOGÍA,REGULAR,CONTRATADO,AVANZADO,17,17,0,100.0,1,135,3,1,1,0.5420023638316619,0.4579976361683381,Docente Sintético 001504,5,0,1,47,7,84.19,18.30434782608696,MEDIO,CON ACTIVIDAD 90D,CON ACTIVIDAD 90D,,10+,3–5
DOC_001505,TEMUCO,PSICOLOGÍA,REGULAR,CONTRATADO,HABILITANTE,9,9,0,100.0,536,635,0,0,0,0.0007567329902470916,0.9992432670097527,Docente Sintético 001505,5,0,0,12,0,87.1,13.545454545454543,ALTO,SIN ACTIVIDAD 90D,SIN ACTIVIDAD 90D,,7–9,0
DOC_001506,TEMUCO,PSICOLOGÍA,REGULAR,CONTRATADO,AVANZADO,20,20,0,100.0,291,426,0,0,0,0.0032317704775804,0.9967682295224196,Docente Sintético 001506,5,0,0,56,0,83.82,10.10909090909091,ALTO,SIN ACTIVIDAD 90D,SIN ACTIVIDAD 90D,,10+,0
DOC_001507,TEMUCO,PSICOLOGÍA,REGULAR,CONTRATADO,SIN_NIVEL,3,3,0,100.0,111,121,0,0,0,0.0024537053792264,0.9975462946207736,Docente Sintético 001507,5,0,3,3,3,86.77,3.5,ALTO,SIN ACTIVIDAD 90D,SIN ACTIVIDAD 90D,,0–3,0
DOC_001508,TEMUCO,PSICOLOGÍA,REGULAR,CONTRATADO,HABILITANTE,11,10,1,90.91,551,782,0,0,0,0.00016143453303466563,0.9998385654669654,Docente Sintético 001508,5,0,0,20,0,84.55,15.263157894736842,ALTO,SIN ACTIVIDAD 90D,SIN ACTIVIDAD 90D,,10+,0
DOC_001509,TEMUCO,PSICOLOGÍA,ADJUNTO,POR HORAS,SIN_NIVEL,5,3,2,60.0,97,121,0,0,0,0.0004068370238248871,0.9995931629761752,Docente Sintético 001509,2,0,5,5,5,82.86,5.75,ALTO,SIN ACTIVIDAD 90D,SIN ACTIVIDAD 90D,,0–3,0
DOC_001510,TEMUCO,PSICOLOGÍA,ADJUNTO,POR HORAS,SIN_NIVEL,2,1,1,50.0,481,699,0,0,0,0.00022633385217127292,0.9997736661478288,Docente Sintético 001510,2,0,0,2,0,70.75,2.0,ALTO,SIN ACTIVIDAD 90D,SIN ACTIVIDAD 90D,,0–3,0
DOC_001511,TEMUCO,PSICOLOGÍA,ADJUNTO,POR HORAS,INICIAL,16,16,0,100.0,474,584,0,0,0,0.0140801685222689,0.9859198314777312,Docente Sintético 001511,2,0,0,40,0,85.12,9.512820512820513,ALTO,SIN ACTIVIDAD 90D,SIN ACTIVIDAD 90D,,10+,0
DOC_001513,TEMUCO,PSICOLOGÍA,ADJUNTO,POR HORAS,SIN_NIVEL,2,0,2,0.0,326,486,0,0,0,0.00022633385217127292,0.9997736661478288,Docente Sintético 001513,2,0,0,2,0,74.8,6.0,ALTO,SIN ACTIVIDAD 90D,SIN ACTIVIDAD 90D,≤50%,0–3,0
DOC_001514,TEMUCO,PSICOLOGÍA,ADJUNTO,POR HORAS,AVANZADO,17,17,0,100.0,5,48,6,0,0,0.2263595547723553,0.7736404452276446,Docente Sintético 001514,1,1,4,46,15,82.29,15.177777777777775,ALTO,CON ACTIVIDAD 90D,CON ACTIVIDAD 90D,,10+,6+
DOC_001515,TEMUCO,PSICOLOGÍA,ADJUNTO,POR HORAS,AVANZADO,19,18,1,94.74,336,440,0,0,0,0.0005529492431805074,0.9994470507568196,Docente Sintético 001515,1,0,0,52,0,80.71,9.980392156862743,ALTO,SIN ACTIVIDAD 90D,SIN ACTIVIDAD 90D,,10+,0
DOC_001516,TEMUCO,PSICOLOGÍA,ADJUNTO,POR HORAS,SIN_NIVEL,0,0,0,0.0,0,0,0,0,0,0.0003618999272872301,0.9996381000727128,Docente Sintético 001516,1,0,0,0,0,,,ALTO,SIN ACTIVIDAD 90D,SIN ACTIVIDAD 90D,≤50%,0–3,0
DOC_001517,TEMUCO,PSICOLOGÍA,ADJUNTO,POR HORAS,HABILITANTE,11,10,1,90.91,147,556,0,0,0,0.0006204315831821582,0.999379568416818,Docente Sintético 001517,1,0,1,20,4,85.78,28.0,ALTO,SIN ACTIVIDAD 90D,SIN ACTIVIDAD 90D,,10+,0
DOC_001518,TEMUCO,PSICOLOGÍA,ADJUNTO,POR HORAS,AVANZADO,17,17,0,100.0,3,47,7,0,0,0.2273002678796116,0.7726997321203883,Docente Sintético 001518,1,1,4,47,16,84.18,15.0,ALTO,CON ACTIVIDAD 90D,CON ACTIVIDAD 90D,,10+,6+
DOC_001519,TEMUCO,PSICOLOGÍA,ADJUNTO,POR HORAS,HABILITANTE,13,10,3,76.92,560,791,0,0,0,0.00012376974960717034,0.9998762302503929,Docente Sintético 001519,1,0,0,28,0,80.46,10.592592592592592,ALTO,SIN ACTIVIDAD 90D,SIN ACTIVIDAD 90D,,10+,0
DOC_001520,TEMUCO,PSICOLOGÍA,ADJUNTO,POR HORAS,HABILITANTE,12,12,0,100.0,613,823,0,0,0,0.0008085990690615308,0.9991914009309384,Docente Sintético 001520,1,0,0,24,0,80.94,10.217391304347826,ALTO,SIN ACTIVIDAD 90D,SIN ACTIVIDAD 90D,,10+,0
DOC_001521,TEMUCO,PSICOLOGÍA,ADJUNTO,POR HORAS,SIN_NIVEL,4,3,1,75.0,84,121,1,0,0,0.0006743868647236467,0.9993256131352763,Docente Sintético 001521,1,1,4,4,4,91.95,9.0,ALTO,CON ACTIVIDAD 90D,CON ACTIVIDAD 90D,,0–3,1–2
DOC_001522,TEMUCO,QUÍMICA Y FARMACIA,REGULAR,CONTRATADO,HABILITANTE,11,11,0,100.0,356,641,0,0,0,0.0009489539159569324,0.999051046084043,Docente Sintético 001522,5,0,0,20,0,84.44,17.63157894736842,ALTO,SIN ACTIVIDAD 90D,SIN ACTIVIDAD 90D,,10+,0
DOC_001523,TEMUCO,QUÍMICA Y FARMACIA,REGULAR,CONTRATADO,AVANZADO,17,17,0,100.0,3,148,2,0,0,0.4373438079226958,0.5626561920773041,Docente Sintético 001523,5,0,2,46,7,82.96,18.711111111111112,MEDIO,CON ACTIVIDAD 90D,CON ACTIVIDAD 90D,,10+,1–2
DOC_001524,TEMUCO,QUÍMICA Y FARMACIA,REGULAR,CONTRATADO,HABILITANTE,10,9,1,90.0,225,431,0,0,0,0.0001536554587445062,0.9998463445412556,Docente Sintético 001524,5,0,0,16,0,84.44,17.333333333333332,ALTO,SIN ACTIVIDAD 90D,SIN ACTIVIDAD 90D,,7–9,0
DOC_001525,TEMUCO,QUÍMICA Y FARMACIA,REGULAR,CONTRATADO,AVANZADO,19,17,2,89.47,338,445,0,0,0,0.0006274746956393191,0.9993725253043608,Docente Sintético 001525,5,0,0,52,0,81.24,10.03921568627451,ALTO,SIN ACTIVIDAD 90D,SIN ACTIVIDAD 90D,,10+,0
DOC_001526,TEMUCO,QUÍMICA Y FARMACIA,REGULAR,CONTRATADO,HABILITANTE,11,11,0,100.0,548,783,0,0,0,0.0008600650270680434,0.999139934972932,Docente Sintético 001526,5,0,0,20,0,87.04,15.526315789473683,ALTO,SIN ACTIVIDAD 90D,SIN ACTIVIDAD 90D,,10+,0
DOC_001527,TEMUCO,QUÍMICA Y FARMACIA,ADJUNTO,POR HORAS,INICIAL,15,14,1,93.33,40,293,6,0,0,0.0040554117224498,0.9959445882775502,Docente Sintético 001527,1,2,2,36,8,79.26,18.685714285714287,ALTO,CON ACTIVIDAD 90D,CON ACTIVIDAD 90D,,10+,6+
DOC_001529,TEMUCO,QUÍMICA Y FARMACIA,ADJUNTO,POR HORAS,AVANZADO,18,17,1,94.44,94,146,0,0,0,0.0150160690624377,0.9849839309375622,Docente Sintético 001529,1,0,3,48,9,83.11,16.06382978723404,ALTO,SIN ACTIVIDAD 90D,SIN ACTIVIDAD 90D,,10+,0
DOC_001530,TEMUCO,QUÍMICA Y FARMACIA,ADJUNTO,POR HORAS,SIN_NIVEL,0,0,0,0.0,121,121,0,0,0,0.0002810298060311989,0.9997189701939688,Docente Sintético 001530,1,0,0,0,0,,,ALTO,SIN ACTIVIDAD 90D,SIN ACTIVIDAD 90D,≤50%,0–3,0
DOC_001531,TEMUCO,QUÍMICA Y FARMACIA,ADJUNTO,POR HORAS,HABILITANTE,9,8,1,88.89,258,339,0,0,0,0.0006402355453245928,0.9993597644546754,Docente Sintético 001531,1,0,0,12,0,85.92,19.181818181818183,ALTO,SIN ACTIVIDAD 90D,SIN ACTIVIDAD 90D,,7–9,0
DOC_001532,TEMUCO,QUÍMICA Y FARMACIA,ADJUNTO,POR HORAS,AVANZADO,20,19,1,95.0,14,133,10,0,0,0.0394600932997929,0.9605399067002072,Docente Sintético 001532,1,3,5,56,17,80.74,12.236363636363636,ALTO,CON ACTIVIDAD 90D,CON ACTIVIDAD 90D,,10+,6+
DOC_001533,TEMUCO,QUÍMICA Y FARMACIA,ADJUNTO,POR HORAS,SIN_NIVEL,0,0,0,0.0,0,0,0,0,0,0.00035412085299707063,0.999645879147003,Docente Sintético 001533,1,0,0,0,0,,,ALTO,SIN ACTIVIDAD 90D,SIN ACTIVIDAD 90D,≤50%,0–3,0
DOC_001534,TEMUCO,QUÍMICA Y FARMACIA,ADJUNTO,POR HORAS,HABILITANTE,11,10,1,90.91,284,419,0,0,0,0.0001536554587445062,0.9998463445412556,Docente Sintético 001534,1,0,0,20,0,84.94,10.31578947368421,ALTO,SIN ACTIVIDAD 90D,SIN ACTIVIDAD 90D,,10+,0
DOC_001535,TEMUCO,QUÍMICA Y FARMACIA,ADJUNTO,POR HORAS,SIN_NIVEL,7,5,2,71.43,101,333,0,0,0,0.0002834374768986174,0.9997165625231014,Docente Sintético 001535,1,0,7,7,7,85.27,3.333333333333333,ALTO,SIN ACTIVIDAD 90D,SIN ACTIVIDAD 90D,,4–6,0
DOC_001536,TEMUCO,TERAPIA OCUPACIONAL,REGULAR,CONTRATADO,AVANZADO,18,18,0,100.0,349,439,0,0,0,0.0038877473372553,0.9961122526627446,Docente Sintético 001536,5,0,0,48,0,81.64,10.617021276595745,ALTO,SIN ACTIVIDAD 90D,SIN ACTIVIDAD 90D,,10+,0
DOC_001537,TEMUCO,TERAPIA OCUPACIONAL,REGULAR,CONTRATADO,HABILITANTE,12,10,2,83.33,161,432,0,0,0,0.00018276679975466297,0.9998172332002452,Docente Sintético 001537,5,0,1,24,2,81.04,13.782608695652174,ALTO,SIN ACTIVIDAD 90D,SIN ACTIVIDAD 90D,,10+,0
DOC_001538,TEMUCO,TERAPIA OCUPACIONAL,REGULAR,CONTRATADO,HABILITANTE,11,11,0,100.0,281,429,0,0,0,0.0007002358151058486,0.9992997641848942,Docente Sintético 001538,5,0,0,20,0,86.52,10.736842105263158,ALTO,SIN ACTIVIDAD 90D,SIN ACTIVIDAD 90D,,10+,0
DOC_001539,TEMUCO,TERAPIA OCUPACIONAL,REGULAR,CONTRATADO,SIN_NIVEL,5,3,2,60.0,684,699,0,0,0,0.00022633385217127292,0.9997736661478288,Docente Sintético 001539,5,0,0,5,0,82.48,3.25,ALTO,SIN ACTIVIDAD 90D,SIN ACTIVIDAD 90D,,0–3,0
DOC_001540,TEMUCO,TERAPIA OCUPACIONAL,REGULAR,CONTRATADO,AVANZADO,17,17,0,100.0,50,50,4,0,0,0.0743403228304977,0.9256596771695024,Docente Sintético 001540,5,1,4,44,13,82.39,15.069767441860463,ALTO,CON ACTIVIDAD 90D,CON ACTIVIDAD 90D,,10+,3–5
DOC_001541,TEMUCO,TERAPIA OCUPACIONAL,ADJUNTO,POR HORAS,AVANZADO,17,17,0,100.0,5,142,2,0,0,0.3278823457967295,0.6721176542032705,Docente Sintético 001541,2,0,2,46,7,80.57,15.155555555555557,ALTO,CON ACTIVIDAD 90D,CON ACTIVIDAD 90D,,10+,1–2
DOC_001542,TEMUCO,TERAPIA OCUPACIONAL,ADJUNTO,POR HORAS,HABILITANTE,10,9,1,90.0,224,432,0,0,0,0.00024801461961475226,0.9997519853803852,Docente Sintético 001542,2,0,0,16,0,86.04,17.4,ALTO,SIN ACTIVIDAD 90D,SIN ACTIVIDAD 90D,,7–9,0
DOC_001543,TEMUCO,TERAPIA OCUPACIONAL,ADJUNTO,POR HORAS,HABILITANTE,9,9,0,100.0,358,419,0,0,0,0.0007002358151058486,0.9992997641848942,Docente Sintético 001543,2,0,0,12,0,89.69,10.454545454545457,ALTO,SIN ACTIVIDAD 90D,SIN ACTIVIDAD 90D,,7–9,0
DOC_001544,TEMUCO,TERAPIA OCUPACIONAL,ADJUNTO,POR HORAS,HABILITANTE,12,12,0,100.0,431,668,0,0,0,0.000908569148439182,0.9990914308515608,Docente Sintético 001544,1,0,0,24,0,85.98,11.521739130434783,ALTO,SIN ACTIVIDAD 90D,SIN ACTIVIDAD 90D,,10+,0
DOC_001545,TEMUCO,TERAPIA OCUPACIONAL,ADJUNTO,POR HORAS,AVANZADO,19,17,2,89.47,332,425,0,0,0,0.0005529492431805074,0.9994470507568196,Docente Sintético 001545,1,0,0,52,0,80.65,10.07843137254902,ALTO,SIN ACTIVIDAD 90D,SIN ACTIVIDAD 90D,,10+,0
DOC_001546,TEMUCO,TERAPIA OCUPACIONAL,ADJUNTO,POR HORAS,AVANZADO,20,20,0,100.0,289,439,0,0,0,0.0038904703209688,0.9961095296790312,Docente Sintético 001546,1,0,0,56,0,82.38,10.163636363636364,ALTO,SIN ACTIVIDAD 90D,SIN ACTIVIDAD 90D,,10+,0
DOC_001547,TEMUCO,TERAPIA OCUPACIONAL,ADJUNTO,POR HORAS,HABILITANTE,13,11,2,84.62,402,667,0,0,0,0.00012376974960717034,0.9998762302503929,Docente Sintético 001547,1,0,0,28,0,82.45,10.74074074074074,ALTO,SIN ACTIVIDAD 90D,SIN ACTIVIDAD 90D,,10+,0
DOC_001548,TEMUCO,TERAPIA OCUPACIONAL,ADJUNTO,POR HORAS,SIN_NIVEL,7,2,5,28.57,96,333,0,0,0,0.00024577269347112206,0.9997542273065289,Docente Sintético 001548,1,0,7,7,7,80.57,3.8333333333333335,ALTO,SIN ACTIVIDAD 90D,SIN ACTIVIDAD 90D,,0–3,0
DOC_001549,TEMUCO,TERAPIA OCUPACIONAL,ADJUNTO,POR HORAS,AVANZADO,18,17,1,94.44,347,430,0,0,0,0.0005529492431805074,0.9994470507568196,Docente Sintético 001549,1,0,0,48,0,81.29,10.74468085106383,ALTO,SIN ACTIVIDAD 90D,SIN ACTIVIDAD 90D,,10+,0
DOC_001550,TEMUCO,TRABAJO SOCIAL,REGULAR,CONTRATADO,AVANZADO,20,20,0,100.0,297,438,0,0,0,0.0035404651508427,0.9964595348491572,Docente Sintético 001550,5,0,0,56,0,79.48,10.090909090909092,ALTO,SIN ACTIVIDAD 90D,SIN ACTIVIDAD 90D,,10+,0
DOC_001552,TEMUCO,TRABAJO SOCIAL,REGULAR,CONTRATADO,SIN_NIVEL,4,2,2,50.0,302,333,0,0,0,0.00022633385217127292,0.9997736661478288,Docente Sintético 001552,5,0,0,4,0,79.55,8.333333333333334,ALTO,SIN ACTIVIDAD 90D,SIN ACTIVIDAD 90D,,0–3,0
DOC_001553,TEMUCO,TRABAJO SOCIAL,REGULAR,CONTRATADO,AVANZADO,19,19,0,100.0,244,357,0,0,0,0.0084577625436752,0.9915422374563247,Docente Sintético 001553,5,0,0,52,0,81.63,11.803921568627452,ALTO,SIN ACTIVIDAD 90D,SIN ACTIVIDAD 90D,,10+,0
DOC_001554,TEMUCO,TRABAJO SOCIAL,REGULAR,CONTRATADO,AVANZADO,19,19,0,100.0,27,204,6,0,0,0.1065199967825686,0.8934800032174313,Docente Sintético 001554,5,2,2,52,8,82.47,16.098039215686274,ALTO,CON ACTIVIDAD 90D,CON ACTIVIDAD 90D,,10+,6+
DOC_001556,TEMUCO,TRABAJO SOCIAL,ADJUNTO,POR HORAS,HABILITANTE,11,10,1,90.91,537,794,0,0,0,0.00024801461961475226,0.9997519853803852,Docente Sintético 001556,2,0,0,20,0,86.0,16.05263157894737,ALTO,SIN ACTIVIDAD 90D,SIN ACTIVIDAD 90D,,10+,0
DOC_001557,TEMUCO,TRABAJO SOCIAL,ADJUNTO,POR HORAS,SIN_NIVEL,0,0,0,0.0,121,121,0,0,0,0.0002888088803213583,0.9997111911196788,Docente Sintético 001557,2,0,0,0,0,,,ALTO,SIN ACTIVIDAD 90D,SIN ACTIVIDAD 90D,≤50%,0–3,0
DOC_001558,TEMUCO,TRABAJO SOCIAL,ADJUNTO,POR HORAS,SIN_NIVEL,2,0,2,0.0,478,486,0,0,0,0.00022633385217127292,0.9997736661478288,Docente Sintético 001558,2,0,0,2,0,72.2,6.0,ALTO,SIN ACTIVIDAD 90D,SIN ACTIVIDAD 90D,≤50%,0–3,0
DOC_001559,TEMUCO,TRABAJO SOCIAL,ADJUNTO,POR HORAS,SIN_NIVEL,0,0,0,0.0,0,0,0,0,0,0.0003618999272872301,0.9996381000727128,Docente Sintético 001559,1,0,0,0,0,,,ALTO,SIN ACTIVIDAD 90D,SIN ACTIVIDAD 90D,≤50%,0–3,0
DOC_001560,TEMUCO,TRABAJO SOCIAL,ADJUNTO,POR HORAS,SIN_NIVEL,0,0,0,0.0,333,333,0,0,0,0.0002888088803213583,0.9997111911196788,Docente Sintético 001560,1,0,0,0,0,,,ALTO,SIN ACTIVIDAD 90D,SIN ACTIVIDAD 90D,≤50%,0–3,0
DOC_001561,TEMUCO,TRABAJO SOCIAL,ADJUNTO,POR HORAS,HABILITANTE,11,10,1,90.91,661,824,0,0,0,0.00012376974960717034,0.9998762302503929,Docente Sintético 001561,1,0,0,20,0,82.3,10.052631578947368,ALTO,SIN ACTIVIDAD 90D,SIN ACTIVIDAD 90D,,10+,0
DOC_001562,TEMUCO,TRABAJO SOCIAL,ADJUNTO,POR HORAS,INICIAL,15,14,1,93.33,220,470,0,0,0,0.0041569190846983,0.9958430809153016,Docente Sintético 001562,1,0,0,36,0,83.33,18.0,ALTO,SIN ACTIVIDAD 90D,SIN ACTIVIDAD 90D,,10+,0
DOC_001563,TEMUCO,TRABAJO SOCIAL,ADJUNTO,POR HORAS,HABILITANTE,12,11,1,91.67,215,569,0,0,0,0.0006480146196147523,0.9993519853803852,Docente Sintético 001563,1,0,0,24,0,85.99,20.695652173913043,ALTO,SIN ACTIVIDAD 90D,SIN ACTIVIDAD 90D,,10+,0
DOC_001564,TEMUCO,TRABAJO SOCIAL,ADJUNTO,POR HORAS,SIN_NIVEL,0,0,0,0.0,121,121,0,0,0,0.0002888088803213583,0.9997111911196788,Docente Sintético 001564,1,0,0,0,0,,,ALTO,SIN ACTIVIDAD 90D,SIN ACTIVIDAD 90D,≤50%,0–3,0
DOC_001565,TEMUCO,TRABAJO SOCIAL,ADJUNTO,POR HORAS,HABILITANTE,10,10,0,100.0,309,416,0,0,0,0.0073179978123814,0.9926820021876184,Docente Sintético 001565,1,0,0,16,0,87.13,11.666666666666666,ALTO,SIN ACTIVIDAD 90D,SIN ACTIVIDAD 90D,,10+,0
DOC_001566,TEMUCO,TRABAJO SOCIAL,ADJUNTO,POR HORAS,INICIAL,13,13,0,100.0,3,192,2,1,0,0.4320110374993691,0.5679889625006309,Docente Sintético 001566,1,0,0,30,2,84.75,16.310344827586206,MEDIO,CON ACTIVIDAD 90D,CON ACTIVIDAD 90D,,10+,1–2
