id_docente,sede,unidad_academica,tipo_vinculacion,jornada,nivel_aprobado_corte
DOC_000001,SANTIAGO,ADMINISTRACIÓN PÚBLICA,REGULAR,CONTRATADO,HABILITANTE
DOC_000002,SANTIAGO,ADMINISTRACIÓN PÚBLICA,REGULAR,CONTRATADO,SIN_NIVEL
DOC_000003,SANTIAGO,ADMINISTRACIÓN PÚBLICA,REGULAR,CONTRATADO,HABILITANTE
DOC_000004,SANTIAGO,ADMINISTRACIÓN PÚBLICA,REGULAR,CONTRATADO,INICIAL
DOC_000005,SANTIAGO,ADMINISTRACIÓN PÚBLICA,REGULAR,CONTRATADO,EXPERTO
DOC_000006,SANTIAGO,ADMINISTRACIÓN PÚBLICA,REGULAR,CONTRATADO,SIN_NIVEL
DOC_000007,SANTIAGO,ADMINISTRACIÓN PÚBLICA,REGULAR,CONTRATADO,HABILITANTE
DOC_000008,SANTIAGO,ADMINISTRACIÓN PÚBLICA,ADJUNTO,POR HORAS,HABILITANTE
DOC_000009,SANTIAGO,ADMINISTRACIÓN PÚBLICA,ADJUNTO,POR HORAS,EXPERTO
DOC_000010,SANTIAGO,ADMINISTRACIÓN PÚBLICA,ADJUNTO,POR HORAS,AVANZADO
DOC_000011,SANTIAGO,ADMINISTRACIÓN PÚBLICA,ADJUNTO,POR HORAS,INICIAL
DOC_000012,SANTIAGO,ADMINISTRACIÓN PÚBLICA,ADJUNTO,POR HORAS,SIN_NIVEL
DOC_000013,SANTIAGO,ADMINISTRACIÓN PÚBLICA,ADJUNTO,POR HORAS,SIN_NIVEL
DOC_000014,SANTIAGO,ADMINISTRACIÓN PÚBLICA,ADJUNTO,POR HORAS,SIN_NIVEL
DOC_000015,SANTIAGO,ADMINISTRACIÓN PÚBLICA,ADJUNTO,POR HORAS,SIN_NIVEL
DOC_000016,SANTIAGO,ADMINISTRACIÓN PÚBLICA,ADJUNTO,POR HORAS,SIN_NIVEL
DOC_000017,SANTIAGO,ADMINISTRACIÓN PÚBLICA,ADJUNTO,POR HORAS,AVANZADO
DOC_000018,SANTIAGO,ADMINISTRACIÓN PÚBLICA,ADJUNTO,POR HORAS,AVANZADO
DOC_000019,SANTIAGO,ADMINISTRACIÓN PÚBLICA,ADJUNTO,POR HORAS,SIN_NIVEL
DOC_000020,SANTIAGO,ADMINISTRACIÓN PÚBLICA,ADJUNTO,POR HORAS,INICIAL
DOC_000021,SANTIAGO,ARQUITECTURA,REGULAR,CONTRATADO,AVANZADO
DOC_000022,SANTIAGO,ARQUITECTURA,REGULAR,CONTRATADO,SIN_NIVEL
DOC_000023,SANTIAGO,ARQUITECTURA,REGULAR,CONTRATADO,HABILITANTE
DOC_000024,SANTIAGO,ARQUITECTURA,REGULAR,CONTRATADO,SIN_NIVEL
DOC_000025,SANTIAGO,ARQUITECTURA,REGULAR,CONTRATADO,SIN_NIVEL
DOC_000026,SANTIAGO,ARQUITECTURA,REGULAR,CONTRATADO,HABILITANTE
DOC_000027,SANTIAGO,ARQUITECTURA,REGULAR,CONTRATADO,AVANZADO
DOC_000028,SANTIAGO,ARQUITECTURA,ADJUNTO,POR HORAS,SIN_NIVEL
DOC_000029,SANTIAGO,ARQUITECTURA,ADJUNTO,POR HORAS,HABILITANTE
DOC_000030,SANTIAGO,ARQUITECTURA,ADJUNTO,POR HORAS,AVANZADO
DOC_000031,SANTIAGO,ARQUITECTURA,ADJUNTO,POR HORAS,AVANZADO
DOC_000032,SANTIAGO,ARQUITECTURA,ADJUNTO,POR HORAS,EXPERTO
DOC_000033,SANTIAGO,ARQUITECTURA,ADJUNTO,POR HORAS,HABILITANTE
DOC_000034,SANTIAGO,ARQUITECTURA,ADJUNTO,POR HORAS,INICIAL
DOC_000035,SANTIAGO,ARQUITECTURA,ADJUNTO,POR HORAS,SIN_NIVEL
DOC_000036,SANTIAGO,ARQUITECTURA,ADJUNTO,POR HORAS,HABILITANTE
DOC_000037,SANTIAGO,ARQUITECTURA,ADJUNTO,POR HORAS,SIN_NIVEL
DOC_000038,SANTIAGO,ARQUITECTURA,ADJUNTO,POR HORAS,SIN_NIVEL
DOC_000039,SANTIAGO,ARQUITECTURA,ADJUNTO,POR HORAS,AVANZADO
DOC_000040,SANTIAGO,ARQUITECTURA,ADJUNTO,POR HORAS,EXPERTO
DOC_000041,SANTIAGO,AUDITORÍA E INGENIERÍA EN CONTROL DE GESTIÓN,REGULAR,CONTRATADO,INICIAL
DOC_000042,SANTIAGO,AUDITORÍA E INGENIERÍA EN CONTROL DE GESTIÓN,REGULAR,CONTRATADO,SIN_NIVEL
DOC_000043,SANTIAGO,AUDITORÍA E INGENIERÍA EN CONTROL DE GESTIÓN,REGULAR,CONTRATADO,HABILITANTE
DOC_000044,SANTIAGO,AUDITORÍA E INGENIERÍA EN CONTROL DE GESTIÓN,REGULAR,CONTRATADO,EXPERTO
DOC_000045,SANTIAGO,AUDITORÍA E INGENIERÍA EN CONTROL DE GESTIÓN,REGULAR,CONTRATADO,AVANZADO
DOC_000046,SANTIAGO,AUDITORÍA E INGENIERÍA EN CONTROL DE GESTIÓN,REGULAR,CONTRATADO,SIN_NIVEL
DOC_000047,SANTIAGO,AUDITORÍA E INGENIERÍA EN CONTROL DE GESTIÓN,REGULAR,CONTRATADO,HABILITANTE
DOC_000048,SANTIAGO,AUDITORÍA E INGENIERÍA EN CONTROL DE GESTIÓN,ADJUNTO,POR HORAS,SIN_NIVEL
DOC_000049,SANTIAGO,AUDITORÍA E INGENIERÍA EN CONTROL DE GESTIÓN,ADJUNTO,POR HORAS,HABILITANTE
DOC_000050,SANTIAGO,AUDITORÍA E INGENIERÍA EN CONTROL DE GESTIÓN,ADJUNTO,POR HORAS,SIN_NIVEL
DOC_000051,SANTIAGO,AUDITORÍA E INGENIERÍA EN CONTROL DE GESTIÓN,ADJUNTO,POR HORAS,SIN_NIVEL
DOC_000052,SANTIAGO,AUDITORÍA E INGENIERÍA EN CONTROL DE GESTIÓN,ADJUNTO,POR HORAS,HABILITANTE
DOC_000053,SANTIAGO,AUDITORÍA E INGENIERÍA EN CONTROL DE GESTIÓN,ADJUNTO,POR HORAS,AVANZADO
DOC_000054,SANTIAGO,AUDITORÍA E INGENIERÍA EN CONTROL DE GESTIÓN,ADJUNTO,POR HORAS,AVANZADO
DOC_000055,SANTIAGO,AUDITORÍA E INGENIERÍA EN CONTROL DE GESTIÓN,ADJUNTO,POR HORAS,AVANZADO
DOC_000056,SANTIAGO,AUDITORÍA E INGENIERÍA EN CONTROL DE GESTIÓN,ADJUNTO,POR HORAS,INICIAL
DOC_000057,SANTIAGO,AUDITORÍA E INGENIERÍA EN CONTROL DE GESTIÓN,ADJUNTO,POR HORAS,AVANZADO
DOC_000058,SANTIAGO,AUDITORÍA E INGENIERÍA EN CONTROL DE GESTIÓN,ADJUNTO,POR HORAS,EXPERTO
DOC_000059,SANTIAGO,AUDITORÍA E INGENIERÍA EN CONTROL DE GESTIÓN,ADJUNTO,POR HORAS,SIN_NIVEL
DOC_000060,SANTIAGO,AUDITORÍA E INGENIERÍA EN CONTROL DE GESTIÓN,ADJUNTO,POR HORAS,HABILITANTE
DOC_000061,SANTIAGO,DEPARTAMENTO DE ANÁLISIS DE DATOS,REGULAR,CONTRATADO,SIN_NIVEL
DOC_000062,SANTIAGO,DEPARTAMENTO DE ANÁLISIS DE DATOS,ADJUNTO,POR HORAS,INICIAL
DOC_000063,SANTIAGO,DEPARTAMENTO DE ANÁLISIS DE DATOS,ADJUNTO,POR HORAS,AVANZADO
DOC_000064,SANTIAGO,DEPARTAMENTO DE CIENCIAS BIOLÓGICAS,REGULAR,CONTRATADO,SIN_NIVEL
DOC_000065,SANTIAGO,DEPARTAMENTO DE CIENCIAS BIOLÓGICAS,REGULAR,CONTRATADO,AVANZADO
DOC_000066,SANTIAGO,DEPARTAMENTO DE CIENCIAS BIOLÓGICAS,REGULAR,CONTRATADO,AVANZADO
DOC_000067,SANTIAGO,DEPARTAMENTO DE CIENCIAS BIOLÓGICAS,REGULAR,CONTRATADO,SIN_NIVEL
DOC_000068,SANTIAGO,DEPARTAMENTO DE CIENCIAS BIOLÓGICAS,REGULAR,CONTRATADO,AVANZADO
DOC_000069,SANTIAGO,DEPARTAMENTO DE CIENCIAS BIOLÓGICAS,REGULAR,CONTRATADO,EXPERTO
DOC_000070,SANTIAGO,DEPARTAMENTO DE CIENCIAS BIOLÓGICAS,REGULAR,CONTRATADO,INICIAL
DOC_000071,SANTIAGO,DEPARTAMENTO DE CIENCIAS BIOLÓGICAS,REGULAR,CONTRATADO,SIN_NIVEL
DOC_000072,SANTIAGO,DEPARTAMENTO DE CIENCIAS BIOLÓGICAS,REGULAR,CONTRATADO,HABILITANTE
DOC_000073,SANTIAGO,DEPARTAMENTO DE CIENCIAS BIOLÓGICAS,REGULAR,CONTRATADO,INICIAL
DOC_000074,SANTIAGO,DEPARTAMENTO DE CIENCIAS BIOLÓGICAS,REGULAR,CONTRATADO,AVANZADO
DOC_000075,SANTIAGO,DEPARTAMENTO DE CIENCIAS BIOLÓGICAS,REGULAR,CONTRATADO,HABILITANTE
DOC_000076,SANTIAGO,DEPARTAMENTO DE CIENCIAS BIOLÓGICAS,REGULAR,CONTRATADO,AVANZADO
DOC_000077,SANTIAGO,DEPARTAMENTO DE CIENCIAS BIOLÓGICAS,REGULAR,CONTRATADO,HABILITANTE
DOC_000078,SANTIAGO,DEPARTAMENTO DE CIENCIAS BIOLÓGICAS,REGULAR,CONTRATADO,AVANZADO
DOC_000079,SANTIAGO,DEPARTAMENTO DE CIENCIAS BIOLÓGICAS,REGULAR,CONTRATADO,HABILITANTE
DOC_000080,SANTIAGO,DEPARTAMENTO DE CIENCIAS BIOLÓGICAS,REGULAR,CONTRATADO,HABILITANTE
DOC_000081,SANTIAGO,DEPARTAMENTO DE CIENCIAS BIOLÓGICAS,REGULAR,CONTRATADO,SIN_NIVEL
DOC_000082,SANTIAGO,DEPARTAMENTO DE CIENCIAS BIOLÓGICAS,REGULAR,CONTRATADO,AVANZADO
DOC_000083,SANTIAGO,DEPARTAMENTO DE CIENCIAS BIOLÓGICAS,REGULAR,CONTRATADO,HABILITANTE
DOC_000084,SANTIAGO,DEPARTAMENTO DE CIENCIAS BIOLÓGICAS,REGULAR,CONTRATADO,SIN_NIVEL
DOC_000085,SANTIAGO,DEPARTAMENTO DE CIENCIAS BIOLÓGICAS,ADJUNTO,POR HORAS,AVANZADO
DOC_000086,SANTIAGO,DEPARTAMENTO DE CIENCIAS BIOLÓGICAS,ADJUNTO,POR HORAS,HABILITANTE
DOC_000087,SANTIAGO,DEPARTAMENTO DE CIENCIAS BIOLÓGICAS,ADJUNTO,POR HORAS,AVANZADO
DOC_000088,SANTIAGO,DEPARTAMENTO DE CIENCIAS BIOLÓGICAS,ADJUNTO,POR HORAS,INICIAL
DOC_000089,SANTIAGO,DEPARTAMENTO DE CIENCIAS BIOLÓGICAS,ADJUNTO,POR HORAS,SIN_NIVEL
DOC_000090,SANTIAGO,DEPARTAMENTO DE CIENCIAS BIOLÓGICAS,ADJUNTO,POR HORAS,SIN_NIVEL
DOC_000091,SANTIAGO,DEPARTAMENTO DE CIENCIAS BIOLÓGICAS,ADJUNTO,POR HORAS,HABILITANTE
DOC_000092,SANTIAGO,DEPARTAMENTO DE CIENCIAS BIOLÓGICAS,ADJUNTO,POR HORAS,SIN_NIVEL
DOC_000093,SANTIAGO,DEPARTAMENTO DE CIENCIAS BIOLÓGICAS,ADJUNTO,POR HORAS,SIN_NIVEL
DOC_000094,SANTIAGO,DEPARTAMENTO DE CIENCIAS BIOLÓGICAS,ADJUNTO,POR HORAS,INICIAL
DOC_000095,SANTIAGO,DEPARTAMENTO DE CIENCIAS BIOLÓGICAS,ADJUNTO,POR HORAS,SIN_NIVEL
DOC_000096,SANTIAGO,DEPARTAMENTO DE CIENCIAS BIOLÓGICAS,ADJUNTO,POR HORAS,HABILITANTE
DOC_000097,SANTIAGO,DEPARTAMENTO DE CIENCIAS BIOLÓGICAS,ADJUNTO,POR HORAS,AVANZADO
DOC_000098,SANTIAGO,DEPARTAMENTO DE CIENCIAS BIOLÓGICAS,ADJUNTO,POR HORAS,HABILITANTE
DOC_000099,SANTIAGO,DEPARTAMENTO DE CIENCIAS BIOLÓGICAS,ADJUNTO,POR HORAS,HABILITANTE
DOC_000100,SANTIAGO,DEPARTAMENTO DE CIENCIAS BIOLÓGICAS,ADJUNTO,POR HORAS,HABILITANTE
DOC_000101,SANTIAGO,DEPARTAMENTO DE CIENCIAS BIOLÓGICAS,ADJUNTO,POR HORAS,SIN_NIVEL
DOC_000102,SANTIAGO,DEPARTAMENTO DE CIENCIAS BIOLÓGICAS,ADJUNTO,POR HORAS,HABILITANTE
DOC_000103,SANTIAGO,DEPARTAMENTO DE CIENCIAS BIOLÓGICAS,ADJUNTO,POR HORAS,SIN_NIVEL
DOC_000104,SANTIAGO,DEPARTAMENTO DE CIENCIAS BIOLÓGICAS,ADJUNTO,POR HORAS,EXPERTO
DOC_000105,SANTIAGO,DEPARTAMENTO DE CIENCIAS BIOLÓGICAS,ADJUNTO,POR HORAS,SIN_NIVEL
DOC_000106,SANTIAGO,DEPARTAMENTO DE CIENCIAS BIOLÓGICAS,ADJUNTO,POR HORAS,SIN_NIVEL
DOC_000107,SANTIAGO,DEPARTAMENTO DE CIENCIAS BIOLÓGICAS,ADJUNTO,POR HORAS,SIN_NIVEL
DOC_000108,SANTIAGO,DEPARTAMENTO DE CIENCIAS BIOLÓGICAS,ADJUNTO,POR HORAS,HABILITANTE
DOC_000109,SANTIAGO,DEPARTAMENTO DE CIENCIAS BIOLÓGICAS,ADJUNTO,POR HORAS,AVANZADO
DOC_000110,SANTIAGO,DEPARTAMENTO DE CIENCIAS BIOLÓGICAS,ADJUNTO,POR HORAS,HABILITANTE
DOC_000111,SANTIAGO,DEPARTAMENTO DE CIENCIAS BIOLÓGICAS,ADJUNTO,POR HORAS,AVANZADO
DOC_000112,SANTIAGO,DEPARTAMENTO DE CIENCIAS BIOLÓGICAS,ADJUNTO,POR HORAS,SIN_NIVEL
DOC_000113,SANTIAGO,DEPARTAMENTO DE CIENCIAS BIOLÓGICAS,ADJUNTO,POR HORAS,AVANZADO
DOC_000114,SANTIAGO,DEPARTAMENTO DE CIENCIAS BIOLÓGICAS,ADJUNTO,POR HORAS,HABILITANTE
DOC_000115,SANTIAGO,DEPARTAMENTO DE CIENCIAS BIOLÓGICAS,ADJUNTO,POR HORAS,AVANZADO
DOC_000116,SANTIAGO,DEPARTAMENTO DE CIENCIAS BIOLÓGICAS,ADJUNTO,POR HORAS,AVANZADO
DOC_000117,SANTIAGO,DEPARTAMENTO DE CIENCIAS BIOLÓGICAS,ADJUNTO,POR HORAS,AVANZADO
DOC_000118,SANTIAGO,DEPARTAMENTO DE CIENCIAS BIOLÓGICAS,ADJUNTO,POR HORAS,HABILITANTE
DOC_000119,SANTIAGO,DEPARTAMENTO DE CIENCIAS BIOLÓGICAS,ADJUNTO,POR HORAS,HABILITANTE
DOC_000120,SANTIAGO,DEPARTAMENTO DE CIENCIAS BIOLÓGICAS,ADJUNTO,POR HORAS,HABILITANTE
DOC_000121,SANTIAGO,DEPARTAMENTO DE CIENCIAS BIOLÓGICAS,ADJUNTO,POR HORAS,HABILITANTE
DOC_000122,SANTIAGO,DEPARTAMENTO DE CIENCIAS BIOLÓGICAS,ADJUNTO,POR HORAS,HABILITANTE
DOC_000123,SANTIAGO,DEPARTAMENTO DE CIENCIAS BIOLÓGICAS,ADJUNTO,POR HORAS,HABILITANTE
DOC_000124,SANTIAGO,DEPARTAMENTO DE FÍSICA-QUÍMICA,REGULAR,CONTRATADO,INICIAL
DOC_000125,SANTIAGO,DEPARTAMENTO DE FÍSICA-QUÍMICA,REGULAR,CONTRATADO,SIN_NIVEL
DOC_000126,SANTIAGO,DEPARTAMENTO DE FÍSICA-QUÍMICA,REGULAR,CONTRATADO,HABILITANTE
DOC_000127,SANTIAGO,DEPARTAMENTO DE FÍSICA-QUÍMICA,REGULAR,CONTRATADO,HABILITANTE
DOC_000128,SANTIAGO,DEPARTAMENTO DE FÍSICA-QUÍMICA,REGULAR,CONTRATADO,SIN_NIVEL
DOC_000129,SANTIAGO,DEPARTAMENTO DE FÍSICA-QUÍMICA,ADJUNTO,POR HORAS,AVANZADO
DOC_000130,SANTIAGO,DEPARTAMENTO DE FÍSICA-QUÍMICA,ADJUNTO,POR HORAS,INICIAL
DOC_000131,SANTIAGO,DEPARTAMENTO DE FÍSICA-QUÍMICA,ADJUNTO,POR HORAS,HABILITANTE
DOC_000132,SANTIAGO,DEPARTAMENTO DE FÍSICA-QUÍMICA,ADJUNTO,POR HORAS,HABILITANTE
DOC_000133,SANTIAGO,DEPARTAMENTO DE FÍSICA-QUÍMICA,ADJUNTO,POR HORAS,AVANZADO
DOC_000134,SANTIAGO,DEPARTAMENTO DE FÍSICA-QUÍMICA,ADJUNTO,POR HORAS,INICIAL
DOC_000135,SANTIAGO,DEPARTAMENTO DE FÍSICA-QUÍMICA,ADJUNTO,POR HORAS,SIN_NIVEL
DOC_000136,SANTIAGO,DEPARTAMENTO DE FÍSICA-QUÍMICA,ADJUNTO,POR HORAS,HABILITANTE
DOC_000137,SANTIAGO,DEPARTAMENTO DE FÍSICA-QUÍMICA,ADJUNTO,POR HORAS,HABILITANTE
DOC_000138,SANTIAGO,DEPARTAMENTO DE MATEMÁTICAS,REGULAR,CONTRATADO,INICIAL
DOC_000139,SANTIAGO,DEPARTAMENTO DE MATEMÁTICAS,REGULAR,CONTRATADO,AVANZADO
DOC_000140,SANTIAGO,DEPARTAMENTO DE MATEMÁTICAS,REGULAR,CONTRATADO,AVANZADO
DOC_000141,SANTIAGO,DEPARTAMENTO DE MATEMÁTICAS,REGULAR,CONTRATADO,SIN_NIVEL
DOC_000142,SANTIAGO,DEPARTAMENTO DE MATEMÁTICAS,REGULAR,CONTRATADO,AVANZADO
DOC_000143,SANTIAGO,DEPARTAMENTO DE MATEMÁTICAS,REGULAR,CONTRATADO,AVANZADO
DOC_000144,SANTIAGO,DEPARTAMENTO DE MATEMÁTICAS,REGULAR,CONTRATADO,AVANZADO
DOC_000145,SANTIAGO,DEPARTAMENTO DE MATEMÁTICAS,REGULAR,CONTRATADO,SIN_NIVEL
DOC_000146,SANTIAGO,DEPARTAMENTO DE MATEMÁTICAS,REGULAR,CONTRATADO,SIN_NIVEL
DOC_000147,SANTIAGO,DEPARTAMENTO DE MATEMÁTICAS,REGULAR,CONTRATADO,AVANZADO
DOC_000148,SANTIAGO,DEPARTAMENTO DE MATEMÁTICAS,REGULAR,CONTRATADO,AVANZADO
DOC_000149,SANTIAGO,DEPARTAMENTO DE MATEMÁTICAS,REGULAR,CONTRATADO,SIN_NIVEL
DOC_000150,SANTIAGO,DEPARTAMENTO DE MATEMÁTICAS,REGULAR,CONTRATADO,HABILITANTE
DOC_000151,SANTIAGO,DEPARTAMENTO DE MATEMÁTICAS,REGULAR,CONTRATADO,SIN_NIVEL
DOC_000152,SANTIAGO,DEPARTAMENTO DE MATEMÁTICAS,ADJUNTO,POR HORAS,AVANZADO
DOC_000153,SANTIAGO,DEPARTAMENTO DE MATEMÁTICAS,ADJUNTO,POR HORAS,SIN_NIVEL
DOC_000154,SANTIAGO,DEPARTAMENTO DE MATEMÁTICAS,ADJUNTO,POR HORAS,INICIAL
DOC_000155,SANTIAGO,DEPARTAMENTO DE MATEMÁTICAS,ADJUNTO,POR HORAS,AVANZADO
DOC_000156,SANTIAGO,DEPARTAMENTO DE MATEMÁTICAS,ADJUNTO,POR HORAS,SIN_NIVEL
DOC_000157,SANTIAGO,DEPARTAMENTO DE MATEMÁTICAS,ADJUNTO,POR HORAS,INICIAL
DOC_000158,SANTIAGO,DEPARTAMENTO DE MATEMÁTICAS,ADJUNTO,POR HORAS,AVANZADO
DOC_000159,SANTIAGO,DEPARTAMENTO DE MATEMÁTICAS,ADJUNTO,POR HORAS,AVANZADO
DOC_000160,SANTIAGO,DEPARTAMENTO DE MATEMÁTICAS,ADJUNTO,POR HORAS,SIN_NIVEL
DOC_000161,SANTIAGO,DEPARTAMENTO DE MATEMÁTICAS,ADJUNTO,POR HORAS,SIN_NIVEL
DOC_000162,SANTIAGO,DEPARTAMENTO DE MATEMÁTICAS,ADJUNTO,POR HORAS,HABILITANTE
DOC_000163,SANTIAGO,DEPARTAMENTO DE MATEMÁTICAS,ADJUNTO,POR HORAS,AVANZADO
DOC_000164,SANTIAGO,DEPARTAMENTO DE MATEMÁTICAS,ADJUNTO,POR HORAS,HABILITANTE
DOC_000165,SANTIAGO,DEPARTAMENTO DE MATEMÁTICAS,ADJUNTO,POR HORAS,EXPERTO
DOC_000166,SANTIAGO,DEPARTAMENTO DE MATEMÁTICAS,ADJUNTO,POR HORAS,SIN_NIVEL
DOC_000167,SANTIAGO,DEPARTAMENTO DE MATEMÁTICAS,ADJUNTO,POR HORAS,HABILITANTE
DOC_000168,SANTIAGO,DEPARTAMENTO DE MATEMÁTICAS,ADJUNTO,POR HORAS,HABILITANTE
DOC_000169,SANTIAGO,DEPARTAMENTO DE MATEMÁTICAS,ADJUNTO,POR HORAS,HABILITANTE
DOC_000170,SANTIAGO,DEPARTAMENTO DE MATEMÁTICAS,ADJUNTO,POR HORAS,HABILITANTE
DOC_000171,SANTIAGO,DEPARTAMENTO DE MATEMÁTICAS,ADJUNTO,POR HORAS,INICIAL
DOC_000172,SANTIAGO,DEPARTAMENTO DE MATEMÁTICAS,ADJUNTO,POR HORAS,HABILITANTE
DOC_000173,SANTIAGO,DEPARTAMENTO DE MATEMÁTICAS,ADJUNTO,POR HORAS,HABILITANTE
DOC_000174,SANTIAGO,DEPARTAMENTO DE MATEMÁTICAS,ADJUNTO,POR HORAS,SIN_NIVEL
DOC_000175,SANTIAGO,DEPARTAMENTO DE MATEMÁTICAS,ADJUNTO,POR HORAS,HABILITANTE
DOC_000176,SANTIAGO,DEPARTAMENTO DE MATEMÁTICAS,ADJUNTO,POR HORAS,HABILITANTE
DOC_000177,SANTIAGO,DEPARTAMENTO DE MATEMÁTICAS,ADJUNTO,POR HORAS,HABILITANTE
DOC_000178,SANTIAGO,DERECHO,REGULAR,CONTRATADO,AVANZADO
DOC_000179,SANTIAGO,DERECHO,REGULAR,CONTRATADO,SIN_NIVEL
DOC_000180,SANTIAGO,DERECHO,REGULAR,CONTRATADO,HABILITANTE
DOC_000181,SANTIAGO,DERECHO,REGULAR,CONTRATADO,SIN_NIVEL
DOC_000182,SANTIAGO,DERECHO,REGULAR,CONTRATADO,HABILITANTE
DOC_000183,SANTIAGO,DERECHO,REGULAR,CONTRATADO,HABILITANTE
DOC_000184,SANTIAGO,DERECHO,REGULAR,CONTRATADO,SIN_NIVEL
DOC_000185,SANTIAGO,DERECHO,ADJUNTO,POR HORAS,AVANZADO
DOC_000186,SANTIAGO,DERECHO,ADJUNTO,POR HORAS,HABILITANTE
DOC_000187,SANTIAGO,DERECHO,ADJUNTO,POR HORAS,EXPERTO
DOC_000188,SANTIAGO,DERECHO,ADJUNTO,POR HORAS,HABILITANTE
DOC_000189,SANTIAGO,DERECHO,ADJUNTO,POR HORAS,AVANZADO
DOC_000190,SANTIAGO,DERECHO,ADJUNTO,POR HORAS,HABILITANTE
DOC_000191,SANTIAGO,DERECHO,ADJUNTO,POR HORAS,SIN_NIVEL
DOC_000192,SANTIAGO,DERECHO,ADJUNTO,POR HORAS,INICIAL
DOC_000193,SANTIAGO,DERECHO,ADJUNTO,POR HORAS,INICIAL
DOC_000194,SANTIAGO,DERECHO,ADJUNTO,POR HORAS,HABILITANTE
DOC_000195,SANTIAGO,DERECHO,ADJUNTO,POR HORAS,SIN_NIVEL
DOC_000196,SANTIAGO,DERECHO,ADJUNTO,POR HORAS,INICIAL
DOC_000197,SANTIAGO,DERECHO,ADJUNTO,POR HORAS,HABILITANTE
DOC_000198,SANTIAGO,ENFERMERÍA,REGULAR,CONTRATADO,AVANZADO
DOC_000199,SANTIAGO,ENFERMERÍA,REGULAR,CONTRATADO,HABILITANTE
DOC_000200,SANTIAGO,ENFERMERÍA,REGULAR,CONTRATADO,SIN_NIVEL
DOC_000201,SANTIAGO,ENFERMERÍA,REGULAR,CONTRATADO,AVANZADO
DOC_000202,SANTIAGO,ENFERMERÍA,REGULAR,CONTRATADO,SIN_NIVEL
DOC_000203,SANTIAGO,ENFERMERÍA,ADJUNTO,POR HORAS,HABILITANTE
DOC_000204,SANTIAGO,ENFERMERÍA,ADJUNTO,POR HORAS,SIN_NIVEL
DOC_000205,SANTIAGO,ENFERMERÍA,ADJUNTO,POR HORAS,HABILITANTE
DOC_000206,SANTIAGO,ENFERMERÍA,ADJUNTO,POR HORAS,AVANZADO
DOC_000207,SANTIAGO,ENFERMERÍA,ADJUNTO,POR HORAS,SIN_NIVEL
DOC_000208,SANTIAGO,ENFERMERÍA,ADJUNTO,POR HORAS,SIN_NIVEL
DOC_000209,SANTIAGO,ENFERMERÍA,ADJUNTO,POR HORAS,INICIAL
DOC_000210,SANTIAGO,ENFERMERÍA,ADJUNTO,POR HORAS,SIN_NIVEL
DOC_000211,SANTIAGO,ENFERMERÍA,ADJUNTO,POR HORAS,HABILITANTE
DOC_000212,SANTIAGO,FONOAUDIOLOGÍA,REGULAR,CONTRATADO,SIN_NIVEL
DOC_000213,SANTIAGO,FONOAUDIOLOGÍA,REGULAR,CONTRATADO,SIN_NIVEL
DOC_000214,SANTIAGO,FONOAUDIOLOGÍA,REGULAR,CONTRATADO,HABILITANTE
DOC_000215,SANTIAGO,FONOAUDIOLOGÍA,REGULAR,CONTRATADO,SIN_NIVEL
DOC_000216,SANTIAGO,FONOAUDIOLOGÍA,REGULAR,CONTRATADO,HABILITANTE
DOC_000217,SANTIAGO,FONOAUDIOLOGÍA,REGULAR,CONTRATADO,AVANZADO
DOC_000218,SANTIAGO,FONOAUDIOLOGÍA,ADJUNTO,POR HORAS,HABILITANTE
DOC_000219,SANTIAGO,FONOAUDIOLOGÍA,ADJUNTO,POR HORAS,AVANZADO
DOC_000220,SANTIAGO,FONOAUDIOLOGÍA,ADJUNTO,POR HORAS,SIN_NIVEL
DOC_000221,SANTIAGO,FONOAUDIOLOGÍA,ADJUNTO,POR HORAS,HABILITANTE
DOC_000222,SANTIAGO,FONOAUDIOLOGÍA,ADJUNTO,POR HORAS,SIN_NIVEL
DOC_000223,SANTIAGO,FONOAUDIOLOGÍA,ADJUNTO,POR HORAS,SIN_NIVEL
DOC_000224,SANTIAGO,FONOAUDIOLOGÍA,ADJUNTO,POR HORAS,AVANZADO
DOC_000225,SANTIAGO,FONOAUDIOLOGÍA,ADJUNTO,POR HORAS,SIN_NIVEL
DOC_000226,SANTIAGO,FONOAUDIOLOGÍA,ADJUNTO,POR HORAS,AVANZADO
DOC_000227,SANTIAGO,FONOAUDIOLOGÍA,ADJUNTO,POR HORAS,SIN_NIVEL
DOC_000228,SANTIAGO,FONOAUDIOLOGÍA,ADJUNTO,POR HORAS,HABILITANTE
DOC_000229,SANTIAGO,FORMACIÓN GENERAL,REGULAR,CONTRATADO,HABILITANTE
DOC_000230,SANTIAGO,FORMACIÓN GENERAL,REGULAR,CONTRATADO,AVANZADO
DOC_000231,SANTIAGO,FORMACIÓN GENERAL,REGULAR,CONTRATADO,AVANZADO
DOC_000232,SANTIAGO,FORMACIÓN GENERAL,REGULAR,CONTRATADO,SIN_NIVEL
DOC_000233,SANTIAGO,FORMACIÓN GENERAL,REGULAR,CONTRATADO,AVANZADO
DOC_000234,SANTIAGO,FORMACIÓN GENERAL,REGULAR,CONTRATADO,SIN_NIVEL
DOC_000235,SANTIAGO,FORMACIÓN GENERAL,REGULAR,CONTRATADO,EXPERTO
DOC_000236,SANTIAGO,FORMACIÓN GENERAL,REGULAR,CONTRATADO,SIN_NIVEL
DOC_000237,SANTIAGO,FORMACIÓN GENERAL,REGULAR,CONTRATADO,HABILITANTE
DOC_000238,SANTIAGO,FORMACIÓN GENERAL,REGULAR,CONTRATADO,INICIAL
DOC_000239,SANTIAGO,FORMACIÓN GENERAL,REGULAR,CONTRATADO,INICIAL
DOC_000240,SANTIAGO,FORMACIÓN GENERAL,REGULAR,CONTRATADO,INICIAL
DOC_000241,SANTIAGO,FORMACIÓN GENERAL,REGULAR,CONTRATADO,AVANZADO
DOC_000242,SANTIAGO,FORMACIÓN GENERAL,REGULAR,CONTRATADO,AVANZADO
DOC_000243,SANTIAGO,FORMACIÓN GENERAL,REGULAR,CONTRATADO,AVANZADO
DOC_000244,SANTIAGO,FORMACIÓN GENERAL,REGULAR,CONTRATADO,HABILITANTE
DOC_000245,SANTIAGO,FORMACIÓN GENERAL,REGULAR,CONTRATADO,AVANZADO
DOC_000246,SANTIAGO,FORMACIÓN GENERAL,REGULAR,CONTRATADO,EXPERTO
DOC_000247,SANTIAGO,FORMACIÓN GENERAL,REGULAR,CONTRATADO,SIN_NIVEL
DOC_000248,SANTIAGO,FORMACIÓN GENERAL,REGULAR,CONTRATADO,AVANZADO
DOC_000249,SANTIAGO,FORMACIÓN GENERAL,REGULAR,CONTRATADO,SIN_NIVEL
DOC_000250,SANTIAGO,FORMACIÓN GENERAL,ADJUNTO,POR HORAS,INICIAL
DOC_000251,SANTIAGO,FORMACIÓN GENERAL,ADJUNTO,POR HORAS,INICIAL
DOC_000252,SANTIAGO,FORMACIÓN GENERAL,ADJUNTO,POR HORAS,HABILITANTE
DOC_000253,SANTIAGO,FORMACIÓN GENERAL,ADJUNTO,POR HORAS,INICIAL
DOC_000254,SANTIAGO,FORMACIÓN GENERAL,ADJUNTO,POR HORAS,INICIAL
DOC_000255,SANTIAGO,FORMACIÓN GENERAL,ADJUNTO,POR HORAS,HABILITANTE
DOC_000256,SANTIAGO,FORMACIÓN GENERAL,ADJUNTO,POR HORAS,HABILITANTE
DOC_000257,SANTIAGO,FORMACIÓN GENERAL,ADJUNTO,POR HORAS,HABILITANTE
DOC_000258,SANTIAGO,FORMACIÓN GENERAL,ADJUNTO,POR HORAS,AVANZADO
DOC_000259,SANTIAGO,FORMACIÓN GENERAL,ADJUNTO,POR HORAS,INICIAL
DOC_000260,SANTIAGO,FORMACIÓN GENERAL,ADJUNTO,POR HORAS,AVANZADO
DOC_000261,SANTIAGO,FORMACIÓN GENERAL,ADJUNTO,POR HORAS,SIN_NIVEL
DOC_000262,SANTIAGO,FORMACIÓN GENERAL,ADJUNTO,POR HORAS,HABILITANTE
DOC_000263,SANTIAGO,FORMACIÓN GENERAL,ADJUNTO,POR HORAS,HABILITANTE
DOC_000264,SANTIAGO,FORMACIÓN GENERAL,ADJUNTO,POR HORAS,SIN_NIVEL
DOC_000265,SANTIAGO,FORMACIÓN GENERAL,ADJUNTO,POR HORAS,SIN_NIVEL
DOC_000266,SANTIAGO,FORMACIÓN GENERAL,ADJUNTO,POR HORAS,AVANZADO
DOC_000267,SANTIAGO,FORMACIÓN GENERAL,ADJUNTO,POR HORAS,HABILITANTE
DOC_000268,SANTIAGO,FORMACIÓN GENERAL,ADJUNTO,POR HORAS,AVANZADO
DOC_000269,SANTIAGO,FORMACIÓN GENERAL,ADJUNTO,POR HORAS,HABILITANTE
DOC_000270,SANTIAGO,FORMACIÓN GENERAL,ADJUNTO,POR HORAS,AVANZADO
DOC_000271,SANTIAGO,FORMACIÓN GENERAL,ADJUNTO,POR HORAS,AVANZADO
DOC_000272,SANTIAGO,FORMACIÓN GENERAL,ADJUNTO,POR HORAS,AVANZADO
DOC_000273,SANTIAGO,FORMACIÓN GENERAL,ADJUNTO,POR HORAS,HABILITANTE
DOC_000274,SANTIAGO,FORMACIÓN GENERAL,ADJUNTO,POR HORAS,SIN_NIVEL
DOC_000275,SANTIAGO,FORMACIÓN GENERAL,ADJUNTO,POR HORAS,INICIAL
DOC_000276,SANTIAGO,FORMACIÓN GENERAL,ADJUNTO,POR HORAS,AVANZADO
DOC_000277,SANTIAGO,FORMACIÓN GENERAL,ADJUNTO,POR HORAS,AVANZADO
DOC_000278,SANTIAGO,FORMACIÓN GENERAL,ADJUNTO,POR HORAS,SIN_NIVEL
DOC_000279,SANTIAGO,FORMACIÓN GENERAL,ADJUNTO,POR HORAS,HABILITANTE
DOC_000280,SANTIAGO,FORMACIÓN GENERAL,ADJUNTO,POR HORAS,EXPERTO
DOC_000281,SANTIAGO,FORMACIÓN GENERAL,ADJUNTO,POR HORAS,HABILITANTE
DOC_000282,SANTIAGO,FORMACIÓN GENERAL,ADJUNTO,POR HORAS,HABILITANTE
DOC_000283,SANTIAGO,FORMACIÓN GENERAL,ADJUNTO,POR HORAS,HABILITANTE
DOC_000284,SANTIAGO,FORMACIÓN GENERAL,ADJUNTO,POR HORAS,EXPERTO
DOC_000285,SANTIAGO,FORMACIÓN GENERAL,ADJUNTO,POR HORAS,INICIAL
DOC_000286,SANTIAGO,FORMACIÓN GENERAL,ADJUNTO,POR HORAS,SIN_NIVEL
DOC_000287,SANTIAGO,FORMACIÓN GENERAL,ADJUNTO,POR HORAS,AVANZADO
DOC_000288,SANTIAGO,FORMACIÓN GENERAL,ADJUNTO,POR HORAS,HABILITANTE
DOC_000289,SANTIAGO,INGENIERÍA CIVIL INDUSTRIAL,REGULAR,CONTRATADO,AVANZADO
DOC_000290,SANTIAGO,INGENIERÍA CIVIL INDUSTRIAL,REGULAR,CONTRATADO,EXPERTO
DOC_000291,SANTIAGO,INGENIERÍA CIVIL INDUSTRIAL,REGULAR,CONTRATADO,SIN_NIVEL
DOC_000292,SANTIAGO,INGENIERÍA CIVIL INDUSTRIAL,REGULAR,CONTRATADO,HABILITANTE
DOC_000293,SANTIAGO,INGENIERÍA CIVIL INDUSTRIAL,REGULAR,CONTRATADO,SIN_NIVEL
DOC_000294,SANTIAGO,INGENIERÍA CIVIL INDUSTRIAL,REGULAR,CONTRATADO,AVANZADO
DOC_000295,SANTIAGO,INGENIERÍA CIVIL INDUSTRIAL,REGULAR,CONTRATADO,AVANZADO
DOC_000296,SANTIAGO,INGENIERÍA CIVIL INDUSTRIAL,ADJUNTO,POR HORAS,EXPERTO
DOC_000297,SANTIAGO,INGENIERÍA CIVIL INDUSTRIAL,ADJUNTO,POR HORAS,SIN_NIVEL
DOC_000298,SANTIAGO,INGENIERÍA CIVIL INDUSTRIAL,ADJUNTO,POR HORAS,AVANZADO
DOC_000299,SANTIAGO,INGENIERÍA CIVIL INDUSTRIAL,ADJUNTO,POR HORAS,AVANZADO
DOC_000300,SANTIAGO,INGENIERÍA CIVIL INDUSTRIAL,ADJUNTO,POR HORAS,HABILITANTE
DOC_000301,SANTIAGO,INGENIERÍA CIVIL INDUSTRIAL,ADJUNTO,POR HORAS,AVANZADO
DOC_000302,SANTIAGO,INGENIERÍA CIVIL INDUSTRIAL,ADJUNTO,POR HORAS,SIN_NIVEL
DOC_000303,SANTIAGO,INGENIERÍA CIVIL INDUSTRIAL,ADJUNTO,POR HORAS,INICIAL
DOC_000304,SANTIAGO,INGENIERÍA CIVIL INDUSTRIAL,ADJUNTO,POR HORAS,SIN_NIVEL
DOC_000305,SANTIAGO,INGENIERÍA CIVIL INDUSTRIAL,ADJUNTO,POR HORAS,INICIAL
DOC_000306,SANTIAGO,INGENIERÍA CIVIL INDUSTRIAL,ADJUNTO,POR HORAS,HABILITANTE
DOC_000307,SANTIAGO,INGENIERÍA CIVIL INDUSTRIAL,ADJUNTO,POR HORAS,HABILITANTE
DOC_000308,SANTIAGO,INGENIERÍA CIVIL INDUSTRIAL,ADJUNTO,POR HORAS,HABILITANTE
DOC_000309,SANTIAGO,INGENIERÍA CIVIL INFORMÁTICA,REGULAR,CONTRATADO,HABILITANTE
DOC_000310,SANTIAGO,INGENIERÍA CIVIL INFORMÁTICA,REGULAR,CONTRATADO,EXPERTO
DOC_000311,SANTIAGO,INGENIERÍA CIVIL INFORMÁTICA,REGULAR,CONTRATADO,HABILITANTE
DOC_000312,SANTIAGO,INGENIERÍA CIVIL INFORMÁTICA,REGULAR,CONTRATADO,HABILITANTE
DOC_000313,SANTIAGO,INGENIERÍA CIVIL INFORMÁTICA,REGULAR,CONTRATADO,HABILITANTE
DOC_000314,SANTIAGO,INGENIERÍA CIVIL INFORMÁTICA,REGULAR,CONTRATADO,EXPERTO
DOC_000315,SANTIAGO,INGENIERÍA CIVIL INFORMÁTICA,REGULAR,CONTRATADO,AVANZADO
DOC_000316,SANTIAGO,INGENIERÍA CIVIL INFORMÁTICA,ADJUNTO,POR HORAS,HABILITANTE
DOC_000317,SANTIAGO,INGENIERÍA CIVIL INFORMÁTICA,ADJUNTO,POR HORAS,SIN_NIVEL
DOC_000318,SANTIAGO,INGENIERÍA CIVIL INFORMÁTICA,ADJUNTO,POR HORAS,SIN_NIVEL
DOC_000319,SANTIAGO,INGENIERÍA CIVIL INFORMÁTICA,ADJUNTO,POR HORAS,SIN_NIVEL
DOC_000320,SANTIAGO,INGENIERÍA CIVIL INFORMÁTICA,ADJUNTO,POR HORAS,SIN_NIVEL
DOC_000321,SANTIAGO,INGENIERÍA CIVIL INFORMÁTICA,ADJUNTO,POR HORAS,AVANZADO
DOC_000322,SANTIAGO,INGENIERÍA CIVIL INFORMÁTICA,ADJUNTO,POR HORAS,HABILITANTE
DOC_000323,SANTIAGO,INGENIERÍA CIVIL INFORMÁTICA,ADJUNTO,POR HORAS,AVANZADO
DOC_000324,SANTIAGO,INGENIERÍA CIVIL INFORMÁTICA,ADJUNTO,POR HORAS,SIN_NIVEL
DOC_000325,SANTIAGO,INGENIERÍA CIVIL INFORMÁTICA,ADJUNTO,POR HORAS,SIN_NIVEL
DOC_000326,SANTIAGO,INGENIERÍA CIVIL INFORMÁTICA,ADJUNTO,POR HORAS,INICIAL
DOC_000327,SANTIAGO,INGENIERÍA CIVIL INFORMÁTICA,ADJUNTO,POR HORAS,AVANZADO
DOC_000328,SANTIAGO,INGENIERÍA CIVIL INFORMÁTICA,ADJUNTO,POR HORAS,AVANZADO
DOC_000329,SANTIAGO,INGENIERÍA CIVIL QUÍMICA,REGULAR,CONTRATADO,INICIAL
DOC_000330,SANTIAGO,INGENIERÍA CIVIL QUÍMICA,REGULAR,CONTRATADO,AVANZADO
DOC_000331,SANTIAGO,INGENIERÍA CIVIL QUÍMICA,REGULAR,CONTRATADO,AVANZADO
DOC_000332,SANTIAGO,INGENIERÍA CIVIL QUÍMICA,REGULAR,CONTRATADO,AVANZADO
DOC_000333,SANTIAGO,INGENIERÍA CIVIL QUÍMICA,REGULAR,CONTRATADO,EXPERTO
DOC_000334,SANTIAGO,INGENIERÍA CIVIL QUÍMICA,REGULAR,CONTRATADO,SIN_NIVEL
DOC_000335,SANTIAGO,INGENIERÍA CIVIL QUÍMICA,ADJUNTO,POR HORAS,AVANZADO
DOC_000336,SANTIAGO,INGENIERÍA CIVIL QUÍMICA,ADJUNTO,POR HORAS,SIN_NIVEL
DOC_000337,SANTIAGO,INGENIERÍA CIVIL QUÍMICA,ADJUNTO,POR HORAS,SIN_NIVEL
DOC_000338,SANTIAGO,INGENIERÍA CIVIL QUÍMICA,ADJUNTO,POR HORAS,INICIAL
DOC_000339,SANTIAGO,INGENIERÍA CIVIL QUÍMICA,ADJUNTO,POR HORAS,AVANZADO
DOC_000340,SANTIAGO,INGENIERÍA CIVIL QUÍMICA,ADJUNTO,POR HORAS,SIN_NIVEL
DOC_000341,SANTIAGO,INGENIERÍA CIVIL QUÍMICA,ADJUNTO,POR HORAS,HABILITANTE
DOC_000342,SANTIAGO,INGENIERÍA CIVIL QUÍMICA,ADJUNTO,POR HORAS,INICIAL
DOC_000343,SANTIAGO,INGENIERÍA CIVIL QUÍMICA,ADJUNTO,POR HORAS,HABILITANTE
DOC_000344,SANTIAGO,INGENIERÍA CIVIL QUÍMICA,ADJUNTO,POR HORAS,HABILITANTE
DOC_000345,SANTIAGO,INGENIERÍA CIVIL QUÍMICA,ADJUNTO,POR HORAS,SIN_NIVEL
DOC_000346,SANTIAGO,INGENIERÍA COMERCIAL,REGULAR,CONTRATADO,HABILITANTE
DOC_000347,SANTIAGO,INGENIERÍA COMERCIAL,REGULAR,CONTRATADO,SIN_NIVEL
DOC_000348,SANTIAGO,INGENIERÍA COMERCIAL,REGULAR,CONTRATADO,SIN_NIVEL
DOC_000349,SANTIAGO,INGENIERÍA COMERCIAL,REGULAR,CONTRATADO,AVANZADO
DOC_000350,SANTIAGO,INGENIERÍA COMERCIAL,REGULAR,CONTRATADO,AVANZADO
DOC_000351,SANTIAGO,INGENIERÍA COMERCIAL,REGULAR,CONTRATADO,INICIAL
DOC_000352,SANTIAGO,INGENIERÍA COMERCIAL,REGULAR,CONTRATADO,AVANZADO
DOC_000353,SANTIAGO,INGENIERÍA COMERCIAL,ADJUNTO,POR HORAS,AVANZADO
DOC_000354,SANTIAGO,INGENIERÍA COMERCIAL,ADJUNTO,POR HORAS,HABILITANTE
DOC_000355,SANTIAGO,INGENIERÍA COMERCIAL,ADJUNTO,POR HORAS,SIN_NIVEL
DOC_000356,SANTIAGO,INGENIERÍA COMERCIAL,ADJUNTO,POR HORAS,SIN_NIVEL
DOC_000357,SANTIAGO,INGENIERÍA COMERCIAL,ADJUNTO,POR HORAS,HABILITANTE
DOC_000358,SANTIAGO,INGENIERÍA COMERCIAL,ADJUNTO,POR HORAS,SIN_NIVEL
DOC_000359,SANTIAGO,INGENIERÍA COMERCIAL,ADJUNTO,POR HORAS,EXPERTO
DOC_000360,SANTIAGO,INGENIERÍA COMERCIAL,ADJUNTO,POR HORAS,HABILITANTE
DOC_000361,SANTIAGO,INGENIERÍA COMERCIAL,ADJUNTO,POR HORAS,SIN_NIVEL
DOC_000362,SANTIAGO,INGENIERÍA COMERCIAL,ADJUNTO,POR HORAS,SIN_NIVEL
DOC_000363,SANTIAGO,INGENIERÍA COMERCIAL,ADJUNTO,POR HORAS,INICIAL
DOC_000364,SANTIAGO,INGENIERÍA COMERCIAL,ADJUNTO,POR HORAS,SIN_NIVEL
DOC_000365,SANTIAGO,INGENIERÍA COMERCIAL,ADJUNTO,POR HORAS,EXPERTO
DOC_000366,SANTIAGO,INGENIERÍA EN ADMINISTRACIÓN,REGULAR,CONTRATADO,HABILITANTE
DOC_000367,SANTIAGO,INGENIERÍA EN ADMINISTRACIÓN,REGULAR,CONTRATADO,AVANZADO
DOC_000368,SANTIAGO,INGENIERÍA EN ADMINISTRACIÓN,REGULAR,CONTRATADO,AVANZADO
DOC_000369,SANTIAGO,INGENIERÍA EN ADMINISTRACIÓN,REGULAR,CONTRATADO,HABILITANTE
DOC_000370,SANTIAGO,INGENIERÍA EN ADMINISTRACIÓN,REGULAR,CONTRATADO,SIN_NIVEL
DOC_000371,SANTIAGO,INGENIERÍA EN ADMINISTRACIÓN,REGULAR,CONTRATADO,AVANZADO
DOC_000372,SANTIAGO,INGENIERÍA EN ADMINISTRACIÓN,ADJUNTO,POR HORAS,HABILITANTE
DOC_000373,SANTIAGO,INGENIERÍA EN ADMINISTRACIÓN,ADJUNTO,POR HORAS,AVANZADO
DOC_000374,SANTIAGO,INGENIERÍA EN ADMINISTRACIÓN,ADJUNTO,POR HORAS,EXPERTO
DOC_000375,SANTIAGO,INGENIERÍA EN ADMINISTRACIÓN,ADJUNTO,POR HORAS,SIN_NIVEL
DOC_000376,SANTIAGO,INGENIERÍA EN ADMINISTRACIÓN,ADJUNTO,POR HORAS,INICIAL
DOC_000377,SANTIAGO,INGENIERÍA EN ADMINISTRACIÓN,ADJUNTO,POR HORAS,SIN_NIVEL
DOC_000378,SANTIAGO,INGENIERÍA EN ADMINISTRACIÓN,ADJUNTO,POR HORAS,SIN_NIVEL
DOC_000379,SANTIAGO,INGENIERÍA EN ADMINISTRACIÓN,ADJUNTO,POR HORAS,HABILITANTE
DOC_000380,SANTIAGO,INGENIERÍA EN ADMINISTRACIÓN,ADJUNTO,POR HORAS,INICIAL
DOC_000381,SANTIAGO,INGENIERÍA EN ADMINISTRACIÓN,ADJUNTO,POR HORAS,HABILITANTE
DOC_000382,SANTIAGO,INGENIERÍA EN ADMINISTRACIÓN,ADJUNTO,POR HORAS,SIN_NIVEL
DOC_000383,SANTIAGO,INGENIERÍA EN CONSTRUCCIÓN,REGULAR,CONTRATADO,SIN_NIVEL
DOC_000384,SANTIAGO,INGENIERÍA EN CONSTRUCCIÓN,REGULAR,CONTRATADO,INICIAL
DOC_000385,SANTIAGO,INGENIERÍA EN CONSTRUCCIÓN,REGULAR,CONTRATADO,AVANZADO
DOC_000386,SANTIAGO,INGENIERÍA EN CONSTRUCCIÓN,REGULAR,CONTRATADO,HABILITANTE
DOC_000387,SANTIAGO,INGENIERÍA EN CONSTRUCCIÓN,REGULAR,CONTRATADO,HABILITANTE
DOC_000388,SANTIAGO,INGENIERÍA EN CONSTRUCCIÓN,REGULAR,CONTRATADO,SIN_NIVEL
DOC_000389,SANTIAGO,INGENIERÍA EN CONSTRUCCIÓN,ADJUNTO,POR HORAS,SIN_NIVEL
DOC_000390,SANTIAGO,INGENIERÍA EN CONSTRUCCIÓN,ADJUNTO,POR HORAS,AVANZADO
DOC_000391,SANTIAGO,INGENIERÍA EN CONSTRUCCIÓN,ADJUNTO,POR HORAS,SIN_NIVEL
DOC_000392,SANTIAGO,INGENIERÍA EN CONSTRUCCIÓN,ADJUNTO,POR HORAS,AVANZADO
DOC_000393,SANTIAGO,INGENIERÍA EN CONSTRUCCIÓN,ADJUNTO,POR HORAS,HABILITANTE
DOC_000394,SANTIAGO,INGENIERÍA EN CONSTRUCCIÓN,ADJUNTO,POR HORAS,INICIAL
DOC_000395,SANTIAGO,INGENIERÍA EN CONSTRUCCIÓN,ADJUNTO,POR HORAS,HABILITANTE
DOC_000396,SANTIAGO,INGENIERÍA EN CONSTRUCCIÓN,ADJUNTO,POR HORAS,SIN_NIVEL
DOC_000397,SANTIAGO,INGENIERÍA EN CONSTRUCCIÓN,ADJUNTO,POR HORAS,HABILITANTE
DOC_000398,SANTIAGO,INGENIERÍA EN CONSTRUCCIÓN,ADJUNTO,POR HORAS,INICIAL
DOC_000399,SANTIAGO,INGENIERÍA EN CONSTRUCCIÓN,ADJUNTO,POR HORAS,HABILITANTE
DOC_000400,SANTIAGO,KINESIOLOGÍA,REGULAR,CONTRATADO,AVANZADO
DOC_000401,SANTIAGO,KINESIOLOGÍA,REGULAR,CONTRATADO,SIN_NIVEL
DOC_000402,SANTIAGO,KINESIOLOGÍA,REGULAR,CONTRATADO,SIN_NIVEL
DOC_000403,SANTIAGO,KINESIOLOGÍA,REGULAR,CONTRATADO,HABILITANTE
DOC_000404,SANTIAGO,KINESIOLOGÍA,REGULAR,CONTRATADO,SIN_NIVEL
DOC_000405,SANTIAGO,KINESIOLOGÍA,REGULAR,CONTRATADO,INICIAL
DOC_000406,SANTIAGO,KINESIOLOGÍA,ADJUNTO,POR HORAS,HABILITANTE
DOC_000407,SANTIAGO,KINESIOLOGÍA,ADJUNTO,POR HORAS,HABILITANTE
DOC_000408,SANTIAGO,KINESIOLOGÍA,ADJUNTO,POR HORAS,HABILITANTE
DOC_000409,SANTIAGO,KINESIOLOGÍA,ADJUNTO,POR HORAS,SIN_NIVEL
DOC_000410,SANTIAGO,KINESIOLOGÍA,ADJUNTO,POR HORAS,EXPERTO
DOC_000411,SANTIAGO,KINESIOLOGÍA,ADJUNTO,POR HORAS,HABILITANTE
DOC_000412,SANTIAGO,KINESIOLOGÍA,ADJUNTO,POR HORAS,HABILITANTE
DOC_000413,SANTIAGO,KINESIOLOGÍA,ADJUNTO,POR HORAS,HABILITANTE
DOC_000414,SANTIAGO,KINESIOLOGÍA,ADJUNTO,POR HORAS,AVANZADO
DOC_000415,SANTIAGO,KINESIOLOGÍA,ADJUNTO,POR HORAS,AVANZADO
DOC_000416,SANTIAGO,KINESIOLOGÍA,ADJUNTO,POR HORAS,SIN_NIVEL
DOC_000417,SANTIAGO,LICENCIATURA EN ARTES VISUALES,REGULAR,CONTRATADO,SIN_NIVEL
DOC_000418,SANTIAGO,LICENCIATURA EN ARTES VISUALES,REGULAR,CONTRATADO,INICIAL
DOC_000419,SANTIAGO,LICENCIATURA EN ARTES VISUALES,REGULAR,CONTRATADO,AVANZADO
DOC_000420,SANTIAGO,LICENCIATURA EN ARTES VISUALES,REGULAR,CONTRATADO,AVANZADO
DOC_000421,SANTIAGO,LICENCIATURA EN ARTES VISUALES,REGULAR,CONTRATADO,SIN_NIVEL
DOC_000422,SANTIAGO,LICENCIATURA EN ARTES VISUALES,ADJUNTO,POR HORAS,HABILITANTE
DOC_000423,SANTIAGO,LICENCIATURA EN ARTES VISUALES,ADJUNTO,POR HORAS,HABILITANTE
DOC_000424,SANTIAGO,LICENCIATURA EN ARTES VISUALES,ADJUNTO,POR HORAS,INICIAL
DOC_000425,SANTIAGO,LICENCIATURA EN ARTES VISUALES,ADJUNTO,POR HORAS,INICIAL
DOC_000426,SANTIAGO,LICENCIATURA EN ARTES VISUALES,ADJUNTO,POR HORAS,AVANZADO
DOC_000427,SANTIAGO,LICENCIATURA EN ARTES VISUALES,ADJUNTO,POR HORAS,SIN_NIVEL
DOC_000428,SANTIAGO,LICENCIATURA EN ARTES VISUALES,ADJUNTO,POR HORAS,SIN_NIVEL
DOC_000429,SANTIAGO,LICENCIATURA EN ARTES VISUALES,ADJUNTO,POR HORAS,HABILITANTE
DOC_000430,SANTIAGO,LICENCIATURA EN ARTES VISUALES,ADJUNTO,POR HORAS,HABILITANTE
DOC_000431,SANTIAGO,MEDICINA,REGULAR,CONTRATADO,SIN_NIVEL
DOC_000432,SANTIAGO,MEDICINA,REGULAR,CONTRATADO,SIN_NIVEL
DOC_000433,SANTIAGO,MEDICINA,REGULAR,CONTRATADO,SIN_NIVEL
DOC_000434,SANTIAGO,MEDICINA,REGULAR,CONTRATADO,AVANZADO
DOC_000435,SANTIAGO,MEDICINA,REGULAR,CONTRATADO,EXPERTO
DOC_000436,SANTIAGO,MEDICINA,REGULAR,CONTRATADO,AVANZADO
DOC_000437,SANTIAGO,MEDICINA,ADJUNTO,POR HORAS,HABILITANTE
DOC_000438,SANTIAGO,MEDICINA,ADJUNTO,POR HORAS,SIN_NIVEL
DOC_000439,SANTIAGO,MEDICINA,ADJUNTO,POR HORAS,HABILITANTE
DOC_000440,SANTIAGO,MEDICINA,ADJUNTO,POR HORAS,HABILITANTE
DOC_000441,SANTIAGO,MEDICINA,ADJUNTO,POR HORAS,SIN_NIVEL
DOC_000442,SANTIAGO,MEDICINA,ADJUNTO,POR HORAS,AVANZADO
DOC_000443,SANTIAGO,MEDICINA,ADJUNTO,POR HORAS,AVANZADO
DOC_000444,SANTIAGO,MEDICINA,ADJUNTO,POR HORAS,AVANZADO
DOC_000445,SANTIAGO,MEDICINA,ADJUNTO,POR HORAS,HABILITANTE
DOC_000446,SANTIAGO,MEDICINA,ADJUNTO,POR HORAS,SIN_NIVEL
DOC_000447,SANTIAGO,MEDICINA,ADJUNTO,POR HORAS,HABILITANTE
DOC_000448,SANTIAGO,NUTRICIÓN Y DIETÉTICA,REGULAR,CONTRATADO,SIN_NIVEL
DOC_000449,SANTIAGO,NUTRICIÓN Y DIETÉTICA,REGULAR,CONTRATADO,INICIAL
DOC_000450,SANTIAGO,NUTRICIÓN Y DIETÉTICA,REGULAR,CONTRATADO,HABILITANTE
DOC_000451,SANTIAGO,NUTRICIÓN Y DIETÉTICA,REGULAR,CONTRATADO,SIN_NIVEL
DOC_000452,SANTIAGO,NUTRICIÓN Y DIETÉTICA,REGULAR,CONTRATADO,SIN_NIVEL
DOC_000453,SANTIAGO,NUTRICIÓN Y DIETÉTICA,ADJUNTO,POR HORAS,AVANZADO
DOC_000454,SANTIAGO,NUTRICIÓN Y DIETÉTICA,ADJUNTO,POR HORAS,HABILITANTE
DOC_000455,SANTIAGO,NUTRICIÓN Y DIETÉTICA,ADJUNTO,POR HORAS,INICIAL
DOC_000456,SANTIAGO,NUTRICIÓN Y DIETÉTICA,ADJUNTO,POR HORAS,SIN_NIVEL
DOC_000457,SANTIAGO,NUTRICIÓN Y DIETÉTICA,ADJUNTO,POR HORAS,AVANZADO
DOC_000458,SANTIAGO,NUTRICIÓN Y DIETÉTICA,ADJUNTO,POR HORAS,HABILITANTE
DOC_000459,SANTIAGO,NUTRICIÓN Y DIETÉTICA,ADJUNTO,POR HORAS,SIN_NIVEL
DOC_000460,SANTIAGO,NUTRICIÓN Y DIETÉTICA,ADJUNTO,POR HORAS,AVANZADO
DOC_000461,SANTIAGO,NUTRICIÓN Y DIETÉTICA,ADJUNTO,POR HORAS,SIN_NIVEL
DOC_000462,SANTIAGO,OBSTETRICIA Y PUERICULTURA,REGULAR,CONTRATADO,INICIAL
DOC_000463,SANTIAGO,OBSTETRICIA Y PUERICULTURA,REGULAR,CONTRATADO,HABILITANTE
DOC_000464,SANTIAGO,OBSTETRICIA Y PUERICULTURA,REGULAR,CONTRATADO,AVANZADO
DOC_000465,SANTIAGO,OBSTETRICIA Y PUERICULTURA,REGULAR,CONTRATADO,HABILITANTE
DOC_000466,SANTIAGO,OBSTETRICIA Y PUERICULTURA,REGULAR,CONTRATADO,SIN_NIVEL
DOC_000467,SANTIAGO,OBSTETRICIA Y PUERICULTURA,ADJUNTO,POR HORAS,HABILITANTE
DOC_000468,SANTIAGO,OBSTETRICIA Y PUERICULTURA,ADJUNTO,POR HORAS,HABILITANTE
DOC_000469,SANTIAGO,OBSTETRICIA Y PUERICULTURA,ADJUNTO,POR HORAS,AVANZADO
DOC_000470,SANTIAGO,OBSTETRICIA Y PUERICULTURA,ADJUNTO,POR HORAS,SIN_NIVEL
DOC_000471,SANTIAGO,OBSTETRICIA Y PUERICULTURA,ADJUNTO,POR HORAS,HABILITANTE
DOC_000472,SANTIAGO,OBSTETRICIA Y PUERICULTURA,ADJUNTO,POR HORAS,SIN_NIVEL
DOC_000473,SANTIAGO,OBSTETRICIA Y PUERICULTURA,ADJUNTO,POR HORAS,AVANZADO
DOC_000474,SANTIAGO,OBSTETRICIA Y PUERICULTURA,ADJUNTO,POR HORAS,HABILITANTE
DOC_000475,SANTIAGO,OBSTETRICIA Y PUERICULTURA,ADJUNTO,POR HORAS,AVANZADO
DOC_000476,SANTIAGO,ODONTOLOGÍA,REGULAR,CONTRATADO,SIN_NIVEL
DOC_000477,SANTIAGO,ODONTOLOGÍA,REGULAR,CONTRATADO,SIN_NIVEL
DOC_000478,SANTIAGO,ODONTOLOGÍA,ADJUNTO,POR HORAS,INICIAL
DOC_000479,SANTIAGO,ODONTOLOGÍA,ADJUNTO,POR HORAS,HABILITANTE
DOC_000480,SANTIAGO,ODONTOLOGÍA,ADJUNTO,POR HORAS,HABILITANTE
DOC_000481,SANTIAGO,ODONTOLOGÍA,ADJUNTO,POR HORAS,AVANZADO
DOC_000482,SANTIAGO,PEDAGOGÍA EN EDUCACIÓN BÁSICA MENCIÓN EN EDUCACIÓN MATEMÁTICA,REGULAR,CONTRATADO,SIN_NIVEL
DOC_000483,SANTIAGO,PEDAGOGÍA EN EDUCACIÓN BÁSICA MENCIÓN EN EDUCACIÓN MATEMÁTICA,REGULAR,CONTRATADO,HABILITANTE
DOC_000484,SANTIAGO,PEDAGOGÍA EN EDUCACIÓN BÁSICA MENCIÓN EN EDUCACIÓN MATEMÁTICA,REGULAR,CONTRATADO,SIN_NIVEL
DOC_000485,SANTIAGO,PEDAGOGÍA EN EDUCACIÓN BÁSICA MENCIÓN EN EDUCACIÓN MATEMÁTICA,REGULAR,CONTRATADO,AVANZADO
DOC_000486,SANTIAGO,PEDAGOGÍA EN EDUCACIÓN BÁSICA MENCIÓN EN EDUCACIÓN MATEMÁTICA,REGULAR,CONTRATADO,AVANZADO
DOC_000487,SANTIAGO,PEDAGOGÍA EN EDUCACIÓN BÁSICA MENCIÓN EN EDUCACIÓN MATEMÁTICA,REGULAR,CONTRATADO,EXPERTO
DOC_000488,SANTIAGO,PEDAGOGÍA EN EDUCACIÓN BÁSICA MENCIÓN EN EDUCACIÓN MATEMÁTICA,REGULAR,CONTRATADO,AVANZADO
DOC_000489,SANTIAGO,PEDAGOGÍA EN EDUCACIÓN BÁSICA MENCIÓN EN EDUCACIÓN MATEMÁTICA,ADJUNTO,POR HORAS,SIN_NIVEL
DOC_000490,SANTIAGO,PEDAGOGÍA EN EDUCACIÓN BÁSICA MENCIÓN EN EDUCACIÓN MATEMÁTICA,ADJUNTO,POR HORAS,HABILITANTE
DOC_000491,SANTIAGO,PEDAGOGÍA EN EDUCACIÓN BÁSICA MENCIÓN EN EDUCACIÓN MATEMÁTICA,ADJUNTO,POR HORAS,SIN_NIVEL
DOC_000492,SANTIAGO,PEDAGOGÍA EN EDUCACIÓN BÁSICA MENCIÓN EN EDUCACIÓN MATEMÁTICA,ADJUNTO,POR HORAS,SIN_NIVEL
DOC_000493,SANTIAGO,PEDAGOGÍA EN EDUCACIÓN BÁSICA MENCIÓN EN EDUCACIÓN MATEMÁTICA,ADJUNTO,POR HORAS,SIN_NIVEL
DOC_000494,SANTIAGO,PEDAGOGÍA EN EDUCACIÓN BÁSICA MENCIÓN EN EDUCACIÓN MATEMÁTICA,ADJUNTO,POR HORAS,EXPERTO
DOC_000495,SANTIAGO,PEDAGOGÍA EN EDUCACIÓN BÁSICA MENCIÓN EN EDUCACIÓN MATEMÁTICA,ADJUNTO,POR HORAS,HABILITANTE
DOC_000496,SANTIAGO,PEDAGOGÍA EN EDUCACIÓN BÁSICA MENCIÓN EN EDUCACIÓN MATEMÁTICA,ADJUNTO,POR HORAS,HABILITANTE
DOC_000497,SANTIAGO,PEDAGOGÍA EN EDUCACIÓN BÁSICA MENCIÓN EN EDUCACIÓN MATEMÁTICA,ADJUNTO,POR HORAS,AVANZADO
DOC_000498,SANTIAGO,PEDAGOGÍA EN EDUCACIÓN BÁSICA MENCIÓN EN EDUCACIÓN MATEMÁTICA,ADJUNTO,POR HORAS,HABILITANTE
DOC_000499,SANTIAGO,PEDAGOGÍA EN EDUCACIÓN BÁSICA MENCIÓN EN EDUCACIÓN MATEMÁTICA,ADJUNTO,POR HORAS,SIN_NIVEL
DOC_000500,SANTIAGO,PEDAGOGÍA EN EDUCACIÓN BÁSICA MENCIÓN EN EDUCACIÓN MATEMÁTICA,ADJUNTO,POR HORAS,AVANZADO
DOC_000501,SANTIAGO,PEDAGOGÍA EN EDUCACIÓN BÁSICA MENCIÓN EN EDUCACIÓN MATEMÁTICA,ADJUNTO,POR HORAS,AVANZADO
DOC_000502,SANTIAGO,PEDAGOGÍA EN EDUCACIÓN DIFERENCIAL,REGULAR,CONTRATADO,HABILITANTE
DOC_000503,SANTIAGO,PEDAGOGÍA EN EDUCACIÓN DIFERENCIAL,REGULAR,CONTRATADO,SIN_NIVEL
DOC_000504,SANTIAGO,PEDAGOGÍA EN EDUCACIÓN DIFERENCIAL,REGULAR,CONTRATADO,SIN_NIVEL
DOC_000505,SANTIAGO,PEDAGOGÍA EN EDUCACIÓN DIFERENCIAL,REGULAR,CONTRATADO,HABILITANTE
DOC_000506,SANTIAGO,PEDAGOGÍA EN EDUCACIÓN DIFERENCIAL,REGULAR,CONTRATADO,HABILITANTE
DOC_000507,SANTIAGO,PEDAGOGÍA EN EDUCACIÓN DIFERENCIAL,REGULAR,CONTRATADO,AVANZADO
DOC_000508,SANTIAGO,PEDAGOGÍA EN EDUCACIÓN DIFERENCIAL,REGULAR,CONTRATADO,EXPERTO
DOC_000509,SANTIAGO,PEDAGOGÍA EN EDUCACIÓN DIFERENCIAL,ADJUNTO,POR HORAS,AVANZADO
DOC_000510,SANTIAGO,PEDAGOGÍA EN EDUCACIÓN DIFERENCIAL,ADJUNTO,POR HORAS,INICIAL
DOC_000511,SANTIAGO,PEDAGOGÍA EN EDUCACIÓN DIFERENCIAL,ADJUNTO,POR HORAS,SIN_NIVEL
DOC_000512,SANTIAGO,PEDAGOGÍA EN EDUCACIÓN DIFERENCIAL,ADJUNTO,POR HORAS,HABILITANTE
DOC_000513,SANTIAGO,PEDAGOGÍA EN EDUCACIÓN DIFERENCIAL,ADJUNTO,POR HORAS,SIN_NIVEL
DOC_000514,SANTIAGO,PEDAGOGÍA EN EDUCACIÓN DIFERENCIAL,ADJUNTO,POR HORAS,SIN_NIVEL
DOC_000515,SANTIAGO,PEDAGOGÍA EN EDUCACIÓN DIFERENCIAL,ADJUNTO,POR HORAS,SIN_NIVEL
DOC_000516,SANTIAGO,PEDAGOGÍA EN EDUCACIÓN DIFERENCIAL,ADJUNTO,POR HORAS,HABILITANTE
DOC_000517,SANTIAGO,PEDAGOGÍA EN EDUCACIÓN DIFERENCIAL,ADJUNTO,POR HORAS,SIN_NIVEL
DOC_000518,SANTIAGO,PEDAGOGÍA EN EDUCACIÓN DIFERENCIAL,ADJUNTO,POR HORAS,AVANZADO
DOC_000519,SANTIAGO,PEDAGOGÍA EN EDUCACIÓN DIFERENCIAL,ADJUNTO,POR HORAS,AVANZADO
DOC_000520,SANTIAGO,PEDAGOGÍA EN EDUCACIÓN DIFERENCIAL,ADJUNTO,POR HORAS,INICIAL
DOC_000521,SANTIAGO,PEDAGOGÍA EN EDUCACIÓN DIFERENCIAL,ADJUNTO,POR HORAS,HABILITANTE
DOC_000522,SANTIAGO,PEDAGOGÍA EN EDUCACIÓN FÍSICA,REGULAR,CONTRATADO,HABILITANTE
DOC_000523,SANTIAGO,PEDAGOGÍA EN EDUCACIÓN FÍSICA,REGULAR,CONTRATADO,AVANZADO
DOC_000524,SANTIAGO,PEDAGOGÍA EN EDUCACIÓN FÍSICA,REGULAR,CONTRATADO,SIN_NIVEL
DOC_000525,SANTIAGO,PEDAGOGÍA EN EDUCACIÓN FÍSICA,REGULAR,CONTRATADO,INICIAL
DOC_000526,SANTIAGO,PEDAGOGÍA EN EDUCACIÓN FÍSICA,REGULAR,CONTRATADO,EXPERTO
DOC_000527,SANTIAGO,PEDAGOGÍA EN EDUCACIÓN FÍSICA,REGULAR,CONTRATADO,SIN_NIVEL
DOC_000528,SANTIAGO,PEDAGOGÍA EN EDUCACIÓN FÍSICA,REGULAR,CONTRATADO,INICIAL
DOC_000529,SANTIAGO,PEDAGOGÍA EN EDUCACIÓN FÍSICA,ADJUNTO,POR HORAS,SIN_NIVEL
DOC_000530,SANTIAGO,PEDAGOGÍA EN EDUCACIÓN FÍSICA,ADJUNTO,POR HORAS,SIN_NIVEL
DOC_000531,SANTIAGO,PEDAGOGÍA EN EDUCACIÓN FÍSICA,ADJUNTO,POR HORAS,HABILITANTE
DOC_000532,SANTIAGO,PEDAGOGÍA EN EDUCACIÓN FÍSICA,ADJUNTO,POR HORAS,INICIAL
DOC_000533,SANTIAGO,PEDAGOGÍA EN EDUCACIÓN FÍSICA,ADJUNTO,POR HORAS,AVANZADO
DOC_000534,SANTIAGO,PEDAGOGÍA EN EDUCACIÓN FÍSICA,ADJUNTO,POR HORAS,HABILITANTE
DOC_000535,SANTIAGO,PEDAGOGÍA EN EDUCACIÓN FÍSICA,ADJUNTO,POR HORAS,HABILITANTE
DOC_000536,SANTIAGO,PEDAGOGÍA EN EDUCACIÓN FÍSICA,ADJUNTO,POR HORAS,INICIAL
DOC_000537,SANTIAGO,PEDAGOGÍA EN EDUCACIÓN FÍSICA,ADJUNTO,POR HORAS,HABILITANTE
DOC_000538,SANTIAGO,PEDAGOGÍA EN EDUCACIÓN FÍSICA,ADJUNTO,POR HORAS,AVANZADO
DOC_000539,SANTIAGO,PEDAGOGÍA EN EDUCACIÓN FÍSICA,ADJUNTO,POR HORAS,HABILITANTE
DOC_000540,SANTIAGO,PEDAGOGÍA EN EDUCACIÓN FÍSICA,ADJUNTO,POR HORAS,AVANZADO
DOC_000541,SANTIAGO,PEDAGOGÍA EN EDUCACIÓN FÍSICA,ADJUNTO,POR HORAS,SIN_NIVEL
DOC_000542,SANTIAGO,PEDAGOGÍA EN EDUCACIÓN PARVULARIA,REGULAR,CONTRATADO,HABILITANTE
DOC_000543,SANTIAGO,PEDAGOGÍA EN EDUCACIÓN PARVULARIA,REGULAR,CONTRATADO,AVANZADO
DOC_000544,SANTIAGO,PEDAGOGÍA EN EDUCACIÓN PARVULARIA,REGULAR,CONTRATADO,AVANZADO
DOC_000545,SANTIAGO,PEDAGOGÍA EN EDUCACIÓN PARVULARIA,REGULAR,CONTRATADO,SIN_NIVEL
DOC_000546,SANTIAGO,PEDAGOGÍA EN EDUCACIÓN PARVULARIA,REGULAR,CONTRATADO,AVANZADO
DOC_000547,SANTIAGO,PEDAGOGÍA EN EDUCACIÓN PARVULARIA,REGULAR,CONTRATADO,HABILITANTE
DOC_000548,SANTIAGO,PEDAGOGÍA EN EDUCACIÓN PARVULARIA,REGULAR,CONTRATADO,HABILITANTE
DOC_000549,SANTIAGO,PEDAGOGÍA EN EDUCACIÓN PARVULARIA,ADJUNTO,POR HORAS,INICIAL
DOC_000550,SANTIAGO,PEDAGOGÍA EN EDUCACIÓN PARVULARIA,ADJUNTO,POR HORAS,HABILITANTE
DOC_000551,SANTIAGO,PEDAGOGÍA EN EDUCACIÓN PARVULARIA,ADJUNTO,POR HORAS,SIN_NIVEL
DOC_000552,SANTIAGO,PEDAGOGÍA EN EDUCACIÓN PARVULARIA,ADJUNTO,POR HORAS,AVANZADO
DOC_000553,SANTIAGO,PEDAGOGÍA EN EDUCACIÓN PARVULARIA,ADJUNTO,POR HORAS,SIN_NIVEL
DOC_000554,SANTIAGO,PEDAGOGÍA EN EDUCACIÓN PARVULARIA,ADJUNTO,POR HORAS,HABILITANTE
DOC_000555,SANTIAGO,PEDAGOGÍA EN EDUCACIÓN PARVULARIA,ADJUNTO,POR HORAS,SIN_NIVEL
DOC_000556,SANTIAGO,PEDAGOGÍA EN EDUCACIÓN PARVULARIA,ADJUNTO,POR HORAS,AVANZADO
DOC_000557,SANTIAGO,PEDAGOGÍA EN EDUCACIÓN PARVULARIA,ADJUNTO,POR HORAS,HABILITANTE
DOC_000558,SANTIAGO,PEDAGOGÍA EN EDUCACIÓN PARVULARIA,ADJUNTO,POR HORAS,SIN_NIVEL
DOC_000559,SANTIAGO,PEDAGOGÍA EN EDUCACIÓN PARVULARIA,ADJUNTO,POR HORAS,SIN_NIVEL
DOC_000560,SANTIAGO,PEDAGOGÍA EN EDUCACIÓN PARVULARIA,ADJUNTO,POR HORAS,SIN_NIVEL
DOC_000561,SANTIAGO,PEDAGOGÍA EN EDUCACIÓN PARVULARIA,ADJUNTO,POR HORAS,INICIAL
DOC_000562,SANTIAGO,"PEDAGOGÍA EN HISTORIA, GEOGRAFÍA Y CIENCIAS SOCIALES",REGULAR,CONTRATADO,SIN_NIVEL
DOC_000563,SANTIAGO,"PEDAGOGÍA EN HISTORIA, GEOGRAFÍA Y CIENCIAS SOCIALES",REGULAR,CONTRATADO,AVANZADO
DOC_000564,SANTIAGO,"PEDAGOGÍA EN HISTORIA, GEOGRAFÍA Y CIENCIAS SOCIALES",REGULAR,CONTRATADO,SIN_NIVEL
DOC_000565,SANTIAGO,"PEDAGOGÍA EN HISTORIA, GEOGRAFÍA Y CIENCIAS SOCIALES",REGULAR,CONTRATADO,SIN_NIVEL
DOC_000566,SANTIAGO,"PEDAGOGÍA EN HISTORIA, GEOGRAFÍA Y CIENCIAS SOCIALES",REGULAR,CONTRATADO,AVANZADO
DOC_000567,SANTIAGO,"PEDAGOGÍA EN HISTORIA, GEOGRAFÍA Y CIENCIAS SOCIALES",REGULAR,CONTRATADO,INICIAL
DOC_000568,SANTIAGO,"PEDAGOGÍA EN HISTORIA, GEOGRAFÍA Y CIENCIAS SOCIALES",REGULAR,CONTRATADO,HABILITANTE
DOC_000569,SANTIAGO,"PEDAGOGÍA EN HISTORIA, GEOGRAFÍA Y CIENCIAS SOCIALES",ADJUNTO,POR HORAS,AVANZADO
DOC_000570,SANTIAGO,"PEDAGOGÍA EN HISTORIA, GEOGRAFÍA Y CIENCIAS SOCIALES",ADJUNTO,POR HORAS,AVANZADO
DOC_000571,SANTIAGO,"PEDAGOGÍA EN HISTORIA, GEOGRAFÍA Y CIENCIAS SOCIALES",ADJUNTO,POR HORAS,SIN_NIVEL
DOC_000572,SANTIAGO,"PEDAGOGÍA EN HISTORIA, GEOGRAFÍA Y CIENCIAS SOCIALES",ADJUNTO,POR HORAS,HABILITANTE
DOC_000573,SANTIAGO,"PEDAGOGÍA EN HISTORIA, GEOGRAFÍA Y CIENCIAS SOCIALES",ADJUNTO,POR HORAS,HABILITANTE
DOC_000574,SANTIAGO,"PEDAGOGÍA EN HISTORIA, GEOGRAFÍA Y CIENCIAS SOCIALES",ADJUNTO,POR HORAS,EXPERTO
DOC_000575,SANTIAGO,"PEDAGOGÍA EN HISTORIA, GEOGRAFÍA Y CIENCIAS SOCIALES",ADJUNTO,POR HORAS,HABILITANTE
DOC_000576,SANTIAGO,"PEDAGOGÍA EN HISTORIA, GEOGRAFÍA Y CIENCIAS SOCIALES",ADJUNTO,POR HORAS,HABILITANTE
DOC_000577,SANTIAGO,"PEDAGOGÍA EN HISTORIA, GEOGRAFÍA Y CIENCIAS SOCIALES",ADJUNTO,POR HORAS,SIN_NIVEL
DOC_000578,SANTIAGO,"PEDAGOGÍA EN HISTORIA, GEOGRAFÍA Y CIENCIAS SOCIALES",ADJUNTO,POR HORAS,INICIAL
DOC_000579,SANTIAGO,"PEDAGOGÍA EN HISTORIA, GEOGRAFÍA Y CIENCIAS SOCIALES",ADJUNTO,POR HORAS,SIN_NIVEL
DOC_000580,SANTIAGO,"PEDAGOGÍA EN HISTORIA, GEOGRAFÍA Y CIENCIAS SOCIALES",ADJUNTO,POR HORAS,SIN_NIVEL
DOC_000581,SANTIAGO,"PEDAGOGÍA EN HISTORIA, GEOGRAFÍA Y CIENCIAS SOCIALES",ADJUNTO,POR HORAS,AVANZADO
DOC_000582,SANTIAGO,PEDAGOGÍA EN INGLÉS,REGULAR,CONTRATADO,SIN_NIVEL
DOC_000583,SANTIAGO,PEDAGOGÍA EN INGLÉS,REGULAR,CONTRATADO,AVANZADO
DOC_000584,SANTIAGO,PEDAGOGÍA EN INGLÉS,REGULAR,CONTRATADO,HABILITANTE
DOC_000585,SANTIAGO,PEDAGOGÍA EN INGLÉS,REGULAR,CONTRATADO,EXPERTO
DOC_000586,SANTIAGO,PEDAGOGÍA EN INGLÉS,REGULAR,CONTRATADO,SIN_NIVEL
DOC_000587,SANTIAGO,PEDAGOGÍA EN INGLÉS,REGULAR,CONTRATADO,HABILITANTE
DOC_000588,SANTIAGO,PEDAGOGÍA EN INGLÉS,REGULAR,CONTRATADO,HABILITANTE
DOC_000589,SANTIAGO,PEDAGOGÍA EN INGLÉS,ADJUNTO,POR HORAS,SIN_NIVEL
DOC_000590,SANTIAGO,PEDAGOGÍA EN INGLÉS,ADJUNTO,POR HORAS,SIN_NIVEL
DOC_000591,SANTIAGO,PEDAGOGÍA EN INGLÉS,ADJUNTO,POR HORAS,SIN_NIVEL
DOC_000592,SANTIAGO,PEDAGOGÍA EN INGLÉS,ADJUNTO,POR HORAS,SIN_NIVEL
DOC_000593,SANTIAGO,PEDAGOGÍA EN INGLÉS,ADJUNTO,POR HORAS,AVANZADO
DOC_000594,SANTIAGO,PEDAGOGÍA EN INGLÉS,ADJUNTO,POR HORAS,SIN_NIVEL
DOC_000595,SANTIAGO,PEDAGOGÍA EN INGLÉS,ADJUNTO,POR HORAS,HABILITANTE
DOC_000596,SANTIAGO,PEDAGOGÍA EN INGLÉS,ADJUNTO,POR HORAS,SIN_NIVEL
DOC_000597,SANTIAGO,PEDAGOGÍA EN INGLÉS,ADJUNTO,POR HORAS,EXPERTO
DOC_000598,SANTIAGO,PEDAGOGÍA EN INGLÉS,ADJUNTO,POR HORAS,SIN_NIVEL
DOC_000599,SANTIAGO,PEDAGOGÍA EN INGLÉS,ADJUNTO,POR HORAS,INICIAL
DOC_000600,SANTIAGO,PEDAGOGÍA EN INGLÉS,ADJUNTO,POR HORAS,INICIAL
DOC_000601,SANTIAGO,PEDAGOGÍA EN INGLÉS,ADJUNTO,POR HORAS,HABILITANTE
DOC_000602,SANTIAGO,PEDAGOGÍA EN LENGUA CASTELLANA Y COMUNICACIÓN,REGULAR,CONTRATADO,SIN_NIVEL
DOC_000603,SANTIAGO,PEDAGOGÍA EN LENGUA CASTELLANA Y COMUNICACIÓN,REGULAR,CONTRATADO,HABILITANTE
DOC_000604,SANTIAGO,PEDAGOGÍA EN LENGUA CASTELLANA Y COMUNICACIÓN,REGULAR,CONTRATADO,AVANZADO
DOC_000605,SANTIAGO,PEDAGOGÍA EN LENGUA CASTELLANA Y COMUNICACIÓN,REGULAR,CONTRATADO,SIN_NIVEL
DOC_000606,SANTIAGO,PEDAGOGÍA EN LENGUA CASTELLANA Y COMUNICACIÓN,REGULAR,CONTRATADO,AVANZADO
DOC_000607,SANTIAGO,PEDAGOGÍA EN LENGUA CASTELLANA Y COMUNICACIÓN,REGULAR,CONTRATADO,AVANZADO
DOC_000608,SANTIAGO,PEDAGOGÍA EN LENGUA CASTELLANA Y COMUNICACIÓN,REGULAR,CONTRATADO,AVANZADO
DOC_000609,SANTIAGO,PEDAGOGÍA EN LENGUA CASTELLANA Y COMUNICACIÓN,ADJUNTO,POR HORAS,SIN_NIVEL
DOC_000610,SANTIAGO,PEDAGOGÍA EN LENGUA CASTELLANA Y COMUNICACIÓN,ADJUNTO,POR HORAS,SIN_NIVEL
DOC_000611,SANTIAGO,PEDAGOGÍA EN LENGUA CASTELLANA Y COMUNICACIÓN,ADJUNTO,POR HORAS,SIN_NIVEL
DOC_000612,SANTIAGO,PEDAGOGÍA EN LENGUA CASTELLANA Y COMUNICACIÓN,ADJUNTO,POR HORAS,INICIAL
DOC_000613,SANTIAGO,PEDAGOGÍA EN LENGUA CASTELLANA Y COMUNICACIÓN,ADJUNTO,POR HORAS,SIN_NIVEL
DOC_000614,SANTIAGO,PEDAGOGÍA EN LENGUA CASTELLANA Y COMUNICACIÓN,ADJUNTO,POR HORAS,AVANZADO
DOC_000615,SANTIAGO,PEDAGOGÍA EN LENGUA CASTELLANA Y COMUNICACIÓN,ADJUNTO,POR HORAS,HABILITANTE
DOC_000616,SANTIAGO,PEDAGOGÍA EN LENGUA CASTELLANA Y COMUNICACIÓN,ADJUNTO,POR HORAS,HABILITANTE
DOC_000617,SANTIAGO,PEDAGOGÍA EN LENGUA CASTELLANA Y COMUNICACIÓN,ADJUNTO,POR HORAS,HABILITANTE
DOC_000618,SANTIAGO,PEDAGOGÍA EN LENGUA CASTELLANA Y COMUNICACIÓN,ADJUNTO,POR HORAS,HABILITANTE
DOC_000619,SANTIAGO,PEDAGOGÍA EN LENGUA CASTELLANA Y COMUNICACIÓN,ADJUNTO,POR HORAS,EXPERTO
DOC_000620,SANTIAGO,PEDAGOGÍA EN LENGUA CASTELLANA Y COMUNICACIÓN,ADJUNTO,POR HORAS,HABILITANTE
DOC_000621,SANTIAGO,PEDAGOGÍA EN LENGUA CASTELLANA Y COMUNICACIÓN,ADJUNTO,POR HORAS,INICIAL
DOC_000622,SANTIAGO,PERIODISMO,REGULAR,CONTRATADO,SIN_NIVEL
DOC_000623,SANTIAGO,PERIODISMO,REGULAR,CONTRATADO,HABILITANTE
DOC_000624,SANTIAGO,PERIODISMO,REGULAR,CONTRATADO,AVANZADO
DOC_000625,SANTIAGO,PERIODISMO,REGULAR,CONTRATADO,AVANZADO
DOC_000626,SANTIAGO,PERIODISMO,REGULAR,CONTRATADO,HABILITANTE
DOC_000627,SANTIAGO,PERIODISMO,REGULAR,CONTRATADO,INICIAL
DOC_000628,SANTIAGO,PERIODISMO,REGULAR,CONTRATADO,AVANZADO
DOC_000629,SANTIAGO,PERIODISMO,ADJUNTO,POR HORAS,HABILITANTE
DOC_000630,SANTIAGO,PERIODISMO,ADJUNTO,POR HORAS,HABILITANTE
DOC_000631,SANTIAGO,PERIODISMO,ADJUNTO,POR HORAS,SIN_NIVEL
DOC_000632,SANTIAGO,PERIODISMO,ADJUNTO,POR HORAS,AVANZADO
DOC_000633,SANTIAGO,PERIODISMO,ADJUNTO,POR HORAS,EXPERTO
DOC_000634,SANTIAGO,PERIODISMO,ADJUNTO,POR HORAS,HABILITANTE
DOC_000635,SANTIAGO,PERIODISMO,ADJUNTO,POR HORAS,AVANZADO
DOC_000636,SANTIAGO,PERIODISMO,ADJUNTO,POR HORAS,SIN_NIVEL
DOC_000637,SANTIAGO,PERIODISMO,ADJUNTO,POR HORAS,AVANZADO
DOC_000638,SANTIAGO,PERIODISMO,ADJUNTO,POR HORAS,HABILITANTE
DOC_000639,SANTIAGO,PERIODISMO,ADJUNTO,POR HORAS,SIN_NIVEL
DOC_000640,SANTIAGO,PERIODISMO,ADJUNTO,POR HORAS,SIN_NIVEL
DOC_000641,SANTIAGO,PERIODISMO,ADJUNTO,POR HORAS,SIN_NIVEL
DOC_000642,SANTIAGO,PSICOLOGÍA,REGULAR,CONTRATADO,SIN_NIVEL
DOC_000643,SANTIAGO,PSICOLOGÍA,REGULAR,CONTRATADO,SIN_NIVEL
DOC_000644,SANTIAGO,PSICOLOGÍA,REGULAR,CONTRATADO,INICIAL
DOC_000645,SANTIAGO,PSICOLOGÍA,REGULAR,CONTRATADO,SIN_NIVEL
DOC_000646,SANTIAGO,PSICOLOGÍA,REGULAR,CONTRATADO,AVANZADO
DOC_000647,SANTIAGO,PSICOLOGÍA,REGULAR,CONTRATADO,HABILITANTE
DOC_000648,SANTIAGO,PSICOLOGÍA,REGULAR,CONTRATADO,INICIAL
DOC_000649,SANTIAGO,PSICOLOGÍA,ADJUNTO,POR HORAS,SIN_NIVEL
DOC_000650,SANTIAGO,PSICOLOGÍA,ADJUNTO,POR HORAS,SIN_NIVEL
DOC_000651,SANTIAGO,PSICOLOGÍA,ADJUNTO,POR HORAS,HABILITANTE
DOC_000652,SANTIAGO,PSICOLOGÍA,ADJUNTO,POR HORAS,SIN_NIVEL
DOC_000653,SANTIAGO,PSICOLOGÍA,ADJUNTO,POR HORAS,HABILITANTE
DOC_000654,SANTIAGO,PSICOLOGÍA,ADJUNTO,POR HORAS,SIN_NIVEL
DOC_000655,SANTIAGO,PSICOLOGÍA,ADJUNTO,POR HORAS,INICIAL
DOC_000656,SANTIAGO,PSICOLOGÍA,ADJUNTO,POR HORAS,HABILITANTE
DOC_000657,SANTIAGO,PSICOLOGÍA,ADJUNTO,POR HORAS,SIN_NIVEL
DOC_000658,SANTIAGO,PSICOLOGÍA,ADJUNTO,POR HORAS,INICIAL
DOC_000659,SANTIAGO,PSICOLOGÍA,ADJUNTO,POR HORAS,INICIAL
DOC_000660,SANTIAGO,PSICOLOGÍA,ADJUNTO,POR HORAS,AVANZADO
DOC_000661,SANTIAGO,PSICOLOGÍA,ADJUNTO,POR HORAS,AVANZADO
DOC_000662,SANTIAGO,PUBLICIDAD Y COMUNICACIÓN INTEGRAL,REGULAR,CONTRATADO,SIN_NIVEL
DOC_000663,SANTIAGO,PUBLICIDAD Y COMUNICACIÓN INTEGRAL,REGULAR,CONTRATADO,HABILITANTE
DOC_000664,SANTIAGO,PUBLICIDAD Y COMUNICACIÓN INTEGRAL,REGULAR,CONTRATADO,HABILITANTE
DOC_000665,SANTIAGO,PUBLICIDAD Y COMUNICACIÓN INTEGRAL,REGULAR,CONTRATADO,AVANZADO
DOC_000666,SANTIAGO,PUBLICIDAD Y COMUNICACIÓN INTEGRAL,REGULAR,CONTRATADO,HABILITANTE
DOC_000667,SANTIAGO,PUBLICIDAD Y COMUNICACIÓN INTEGRAL,REGULAR,CONTRATADO,HABILITANTE
DOC_000668,SANTIAGO,PUBLICIDAD Y COMUNICACIÓN INTEGRAL,ADJUNTO,POR HORAS,SIN_NIVEL
DOC_000669,SANTIAGO,PUBLICIDAD Y COMUNICACIÓN INTEGRAL,ADJUNTO,POR HORAS,SIN_NIVEL
DOC_000670,SANTIAGO,PUBLICIDAD Y COMUNICACIÓN INTEGRAL,ADJUNTO,POR HORAS,HABILITANTE
DOC_000671,SANTIAGO,PUBLICIDAD Y COMUNICACIÓN INTEGRAL,ADJUNTO,POR HORAS,SIN_NIVEL
DOC_000672,SANTIAGO,PUBLICIDAD Y COMUNICACIÓN INTEGRAL,ADJUNTO,POR HORAS,INICIAL
DOC_000673,SANTIAGO,PUBLICIDAD Y COMUNICACIÓN INTEGRAL,ADJUNTO,POR HORAS,INICIAL
DOC_000674,SANTIAGO,PUBLICIDAD Y COMUNICACIÓN INTEGRAL,ADJUNTO,POR HORAS,AVANZADO
DOC_000675,SANTIAGO,PUBLICIDAD Y COMUNICACIÓN INTEGRAL,ADJUNTO,POR HORAS,AVANZADO
DOC_000676,SANTIAGO,PUBLICIDAD Y COMUNICACIÓN INTEGRAL,ADJUNTO,POR HORAS,SIN_NIVEL
DOC_000677,SANTIAGO,PUBLICIDAD Y COMUNICACIÓN INTEGRAL,ADJUNTO,POR HORAS,EXPERTO
DOC_000678,SANTIAGO,PUBLICIDAD Y COMUNICACIÓN INTEGRAL,ADJUNTO,POR HORAS,EXPERTO
DOC_000679,SANTIAGO,QUÍMICA Y FARMACIA,REGULAR,CONTRATADO,HABILITANTE
DOC_000680,SANTIAGO,QUÍMICA Y FARMACIA,REGULAR,CONTRATADO,SIN_NIVEL
DOC_000681,SANTIAGO,QUÍMICA Y FARMACIA,REGULAR,CONTRATADO,SIN_NIVEL
DOC_000682,SANTIAGO,QUÍMICA Y FARMACIA,REGULAR,CONTRATADO,INICIAL
DOC_000683,SANTIAGO,QUÍMICA Y FARMACIA,REGULAR,CONTRATADO,SIN_NIVEL
DOC_000684,SANTIAGO,QUÍMICA Y FARMACIA,ADJUNTO,POR HORAS,SIN_NIVEL
DOC_000685,SANTIAGO,QUÍMICA Y FARMACIA,ADJUNTO,POR HORAS,AVANZADO
DOC_000686,SANTIAGO,QUÍMICA Y FARMACIA,ADJUNTO,POR HORAS,SIN_NIVEL
DOC_000687,SANTIAGO,QUÍMICA Y FARMACIA,ADJUNTO,POR HORAS,AVANZADO
DOC_000688,SANTIAGO,QUÍMICA Y FARMACIA,ADJUNTO,POR HORAS,AVANZADO
DOC_000689,SANTIAGO,QUÍMICA Y FARMACIA,ADJUNTO,POR HORAS,HABILITANTE
DOC_000690,SANTIAGO,QUÍMICA Y FARMACIA,ADJUNTO,POR HORAS,SIN_NIVEL
DOC_000691,SANTIAGO,QUÍMICA Y FARMACIA,ADJUNTO,POR HORAS,SIN_NIVEL
DOC_000692,SANTIAGO,QUÍMICA Y FARMACIA,ADJUNTO,POR HORAS,SIN_NIVEL
DOC_000693,SANTIAGO,TERAPIA OCUPACIONAL,REGULAR,CONTRATADO,SIN_NIVEL
DOC_000694,SANTIAGO,TERAPIA OCUPACIONAL,REGULAR,CONTRATADO,SIN_NIVEL
DOC_000695,SANTIAGO,TERAPIA OCUPACIONAL,REGULAR,CONTRATADO,EXPERTO
DOC_000696,SANTIAGO,TERAPIA OCUPACIONAL,REGULAR,CONTRATADO,INICIAL
DOC_000697,SANTIAGO,TERAPIA OCUPACIONAL,REGULAR,CONTRATADO,SIN_NIVEL
DOC_000698,SANTIAGO,TERAPIA OCUPACIONAL,ADJUNTO,POR HORAS,HABILITANTE
DOC_000699,SANTIAGO,TERAPIA OCUPACIONAL,ADJUNTO,POR HORAS,AVANZADO
DOC_000700,SANTIAGO,TERAPIA OCUPACIONAL,ADJUNTO,POR HORAS,HABILITANTE
DOC_000701,SANTIAGO,TERAPIA OCUPACIONAL,ADJUNTO,POR HORAS,INICIAL
DOC_000702,SANTIAGO,TERAPIA OCUPACIONAL,ADJUNTO,POR HORAS,INICIAL
DOC_000703,SANTIAGO,TERAPIA OCUPACIONAL,ADJUNTO,POR HORAS,AVANZADO
DOC_000704,SANTIAGO,TERAPIA OCUPACIONAL,ADJUNTO,POR HORAS,EXPERTO
DOC_000705,SANTIAGO,TERAPIA OCUPACIONAL,ADJUNTO,POR HORAS,HABILITANTE
DOC_000706,SANTIAGO,TERAPIA OCUPACIONAL,ADJUNTO,POR HORAS,AVANZADO
DOC_000707,SANTIAGO,TRABAJO SOCIAL,REGULAR,CONTRATADO,INICIAL
DOC_000708,SANTIAGO,TRABAJO SOCIAL,REGULAR,CONTRATADO,HABILITANTE
DOC_000709,SANTIAGO,TRABAJO SOCIAL,REGULAR,CONTRATADO,HABILITANTE
DOC_000710,SANTIAGO,TRABAJO SOCIAL,REGULAR,CONTRATADO,AVANZADO
DOC_000711,SANTIAGO,TRABAJO SOCIAL,REGULAR,CONTRATADO,HABILITANTE
DOC_000712,SANTIAGO,TRABAJO SOCIAL,REGULAR,CONTRATADO,HABILITANTE
DOC_000713,SANTIAGO,TRABAJO SOCIAL,REGULAR,CONTRATADO,HABILITANTE
DOC_000714,SANTIAGO,TRABAJO SOCIAL,ADJUNTO,POR HORAS,HABILITANTE
DOC_000715,SANTIAGO,TRABAJO SOCIAL,ADJUNTO,POR HORAS,SIN_NIVEL
DOC_000716,SANTIAGO,TRABAJO SOCIAL,ADJUNTO,POR HORAS,SIN_NIVEL
DOC_000717,SANTIAGO,TRABAJO SOCIAL,ADJUNTO,POR HORAS,HABILITANTE
DOC_000718,SANTIAGO,TRABAJO SOCIAL,ADJUNTO,POR HORAS,HABILITANTE
DOC_000719,SANTIAGO,TRABAJO SOCIAL,ADJUNTO,POR HORAS,INICIAL
DOC_000720,SANTIAGO,TRABAJO SOCIAL,ADJUNTO,POR HORAS,AVANZADO
DOC_000721,SANTIAGO,TRABAJO SOCIAL,ADJUNTO,POR HORAS,AVANZADO
DOC_000722,SANTIAGO,TRABAJO SOCIAL,ADJUNTO,POR HORAS,SIN_NIVEL
DOC_000723,SANTIAGO,TRABAJO SOCIAL,ADJUNTO,POR HORAS,SIN_NIVEL
DOC_000724,SANTIAGO,TRABAJO SOCIAL,ADJUNTO,POR HORAS,AVANZADO
DOC_000725,SANTIAGO,TRABAJO SOCIAL,ADJUNTO,POR HORAS,SIN_NIVEL
DOC_000726,SANTIAGO,TRABAJO SOCIAL,ADJUNTO,POR HORAS,AVANZADO
DOC_000727,TALCA,DEPARTAMENTO DE ANÁLISIS DE DATOS,ADJUNTO,POR HORAS,HABILITANTE
DOC_000728,TALCA,DEPARTAMENTO DE CIENCIAS BIOLÓGICAS,REGULAR,CONTRATADO,AVANZADO
DOC_000729,TALCA,DEPARTAMENTO DE CIENCIAS BIOLÓGICAS,REGULAR,CONTRATADO,HABILITANTE
DOC_000730,TALCA,DEPARTAMENTO DE CIENCIAS BIOLÓGICAS,REGULAR,CONTRATADO,HABILITANTE
DOC_000731,TALCA,DEPARTAMENTO DE CIENCIAS BIOLÓGICAS,REGULAR,CONTRATADO,SIN_NIVEL
DOC_000732,TALCA,DEPARTAMENTO DE CIENCIAS BIOLÓGICAS,REGULAR,CONTRATADO,EXPERTO
DOC_000733,TALCA,DEPARTAMENTO DE CIENCIAS BIOLÓGICAS,REGULAR,CONTRATADO,SIN_NIVEL
DOC_000734,TALCA,DEPARTAMENTO DE CIENCIAS BIOLÓGICAS,REGULAR,CONTRATADO,SIN_NIVEL
DOC_000735,TALCA,DEPARTAMENTO DE CIENCIAS BIOLÓGICAS,ADJUNTO,POR HORAS,HABILITANTE
DOC_000736,TALCA,DEPARTAMENTO DE CIENCIAS BIOLÓGICAS,ADJUNTO,POR HORAS,HABILITANTE
DOC_000737,TALCA,DEPARTAMENTO DE CIENCIAS BIOLÓGICAS,ADJUNTO,POR HORAS,HABILITANTE
DOC_000738,TALCA,DEPARTAMENTO DE CIENCIAS BIOLÓGICAS,ADJUNTO,POR HORAS,HABILITANTE
DOC_000739,TALCA,DEPARTAMENTO DE CIENCIAS BIOLÓGICAS,ADJUNTO,POR HORAS,SIN_NIVEL
DOC_000740,TALCA,DEPARTAMENTO DE CIENCIAS BIOLÓGICAS,ADJUNTO,POR HORAS,SIN_NIVEL
DOC_000741,TALCA,DEPARTAMENTO DE CIENCIAS BIOLÓGICAS,ADJUNTO,POR HORAS,SIN_NIVEL
DOC_000742,TALCA,DEPARTAMENTO DE CIENCIAS BIOLÓGICAS,ADJUNTO,POR HORAS,SIN_NIVEL
DOC_000743,TALCA,DEPARTAMENTO DE CIENCIAS BIOLÓGICAS,ADJUNTO,POR HORAS,AVANZADO
DOC_000744,TALCA,DEPARTAMENTO DE CIENCIAS BIOLÓGICAS,ADJUNTO,POR HORAS,AVANZADO
DOC_000745,TALCA,DEPARTAMENTO DE CIENCIAS BIOLÓGICAS,ADJUNTO,POR HORAS,SIN_NIVEL
DOC_000746,TALCA,DEPARTAMENTO DE CIENCIAS BIOLÓGICAS,ADJUNTO,POR HORAS,HABILITANTE
DOC_000747,TALCA,DEPARTAMENTO DE CIENCIAS BIOLÓGICAS,ADJUNTO,POR HORAS,INICIAL
DOC_000748,TALCA,DEPARTAMENTO DE FÍSICA-QUÍMICA,REGULAR,CONTRATADO,EXPERTO
DOC_000749,TALCA,DEPARTAMENTO DE FÍSICA-QUÍMICA,ADJUNTO,POR HORAS,AVANZADO
DOC_000750,TALCA,DEPARTAMENTO DE FÍSICA-QUÍMICA,ADJUNTO,POR HORAS,INICIAL
DOC_000751,TALCA,DEPARTAMENTO DE MATEMÁTICAS,REGULAR,CONTRATADO,SIN_NIVEL
DOC_000752,TALCA,DEPARTAMENTO DE MATEMÁTICAS,REGULAR,CONTRATADO,INICIAL
DOC_000753,TALCA,DEPARTAMENTO DE MATEMÁTICAS,REGULAR,CONTRATADO,AVANZADO
DOC_000754,TALCA,DEPARTAMENTO DE MATEMÁTICAS,REGULAR,CONTRATADO,SIN_NIVEL
DOC_000755,TALCA,DEPARTAMENTO DE MATEMÁTICAS,REGULAR,CONTRATADO,INICIAL
DOC_000756,TALCA,DEPARTAMENTO DE MATEMÁTICAS,ADJUNTO,POR HORAS,INICIAL
DOC_000757,TALCA,DEPARTAMENTO DE MATEMÁTICAS,ADJUNTO,POR HORAS,HABILITANTE
DOC_000758,TALCA,DEPARTAMENTO DE MATEMÁTICAS,ADJUNTO,POR HORAS,AVANZADO
DOC_000759,TALCA,DEPARTAMENTO DE MATEMÁTICAS,ADJUNTO,POR HORAS,AVANZADO
DOC_000760,TALCA,DEPARTAMENTO DE MATEMÁTICAS,ADJUNTO,POR HORAS,HABILITANTE
DOC_000761,TALCA,DEPARTAMENTO DE MATEMÁTICAS,ADJUNTO,POR HORAS,AVANZADO
DOC_000762,TALCA,DEPARTAMENTO DE MATEMÁTICAS,ADJUNTO,POR HORAS,HABILITANTE
DOC_000763,TALCA,DEPARTAMENTO DE MATEMÁTICAS,ADJUNTO,POR HORAS,SIN_NIVEL
DOC_000764,TALCA,DEPARTAMENTO DE MATEMÁTICAS,ADJUNTO,POR HORAS,SIN_NIVEL
DOC_000765,TALCA,DERECHO,REGULAR,CONTRATADO,HABILITANTE
DOC_000766,TALCA,DERECHO,REGULAR,CONTRATADO,SIN_NIVEL
DOC_000767,TALCA,DERECHO,REGULAR,CONTRATADO,AVANZADO
DOC_000768,TALCA,DERECHO,REGULAR,CONTRATADO,EXPERTO
DOC_000769,TALCA,DERECHO,REGULAR,CONTRATADO,HABILITANTE
DOC_000770,TALCA,DERECHO,REGULAR,CONTRATADO,AVANZADO
DOC_000771,TALCA,DERECHO,REGULAR,CONTRATADO,SIN_NIVEL
DOC_000772,TALCA,DERECHO,ADJUNTO,POR HORAS,SIN_NIVEL
DOC_000773,TALCA,DERECHO,ADJUNTO,POR HORAS,AVANZADO
DOC_000774,TALCA,DERECHO,ADJUNTO,POR HORAS,SIN_NIVEL
DOC_000775,TALCA,DERECHO,ADJUNTO,POR HORAS,SIN_NIVEL
DOC_000776,TALCA,DERECHO,ADJUNTO,POR HORAS,SIN_NIVEL
DOC_000777,TALCA,DERECHO,ADJUNTO,POR HORAS,AVANZADO
DOC_000778,TALCA,DERECHO,ADJUNTO,POR HORAS,AVANZADO
DOC_000779,TALCA,DERECHO,ADJUNTO,POR HORAS,AVANZADO
DOC_000780,TALCA,DERECHO,ADJUNTO,POR HORAS,SIN_NIVEL
DOC_000781,TALCA,DERECHO,ADJUNTO,POR HORAS,SIN_NIVEL
DOC_000782,TALCA,DERECHO,ADJUNTO,POR HORAS,AVANZADO
DOC_000783,TALCA,DERECHO,ADJUNTO,POR HORAS,AVANZADO
DOC_000784,TALCA,DERECHO,ADJUNTO,POR HORAS,HABILITANTE
DOC_000785,TALCA,ENFERMERÍA,REGULAR,CONTRATADO,AVANZADO
DOC_000786,TALCA,ENFERMERÍA,REGULAR,CONTRATADO,AVANZADO
DOC_000787,TALCA,ENFERMERÍA,REGULAR,CONTRATADO,AVANZADO
DOC_000788,TALCA,ENFERMERÍA,REGULAR,CONTRATADO,SIN_NIVEL
DOC_000789,TALCA,ENFERMERÍA,ADJUNTO,POR HORAS,AVANZADO
DOC_000790,TALCA,ENFERMERÍA,ADJUNTO,POR HORAS,HABILITANTE
DOC_000791,TALCA,ENFERMERÍA,ADJUNTO,POR HORAS,INICIAL
DOC_000792,TALCA,ENFERMERÍA,ADJUNTO,POR HORAS,EXPERTO
DOC_000793,TALCA,ENFERMERÍA,ADJUNTO,POR HORAS,SIN_NIVEL
DOC_000794,TALCA,ENFERMERÍA,ADJUNTO,POR HORAS,SIN_NIVEL
DOC_000795,TALCA,ENFERMERÍA,ADJUNTO,POR HORAS,INICIAL
DOC_000796,TALCA,FORMACIÓN GENERAL,REGULAR,CONTRATADO,HABILITANTE
DOC_000797,TALCA,FORMACIÓN GENERAL,REGULAR,CONTRATADO,SIN_NIVEL
DOC_000798,TALCA,FORMACIÓN GENERAL,REGULAR,CONTRATADO,AVANZADO
DOC_000799,TALCA,FORMACIÓN GENERAL,REGULAR,CONTRATADO,HABILITANTE
DOC_000800,TALCA,FORMACIÓN GENERAL,REGULAR,CONTRATADO,HABILITANTE
DOC_000801,TALCA,FORMACIÓN GENERAL,REGULAR,CONTRATADO,AVANZADO
DOC_000802,TALCA,FORMACIÓN GENERAL,REGULAR,CONTRATADO,INICIAL
DOC_000803,TALCA,FORMACIÓN GENERAL,ADJUNTO,POR HORAS,EXPERTO
DOC_000804,TALCA,FORMACIÓN GENERAL,ADJUNTO,POR HORAS,SIN_NIVEL
DOC_000805,TALCA,FORMACIÓN GENERAL,ADJUNTO,POR HORAS,SIN_NIVEL
DOC_000806,TALCA,FORMACIÓN GENERAL,ADJUNTO,POR HORAS,SIN_NIVEL
DOC_000807,TALCA,FORMACIÓN GENERAL,ADJUNTO,POR HORAS,AVANZADO
DOC_000808,TALCA,FORMACIÓN GENERAL,ADJUNTO,POR HORAS,HABILITANTE
DOC_000809,TALCA,FORMACIÓN GENERAL,ADJUNTO,POR HORAS,HABILITANTE
DOC_000810,TALCA,FORMACIÓN GENERAL,ADJUNTO,POR HORAS,SIN_NIVEL
DOC_000811,TALCA,FORMACIÓN GENERAL,ADJUNTO,POR HORAS,HABILITANTE
DOC_000812,TALCA,FORMACIÓN GENERAL,ADJUNTO,POR HORAS,SIN_NIVEL
DOC_000813,TALCA,FORMACIÓN GENERAL,ADJUNTO,POR HORAS,HABILITANTE
DOC_000814,TALCA,FORMACIÓN GENERAL,ADJUNTO,POR HORAS,AVANZADO
DOC_000815,TALCA,FORMACIÓN GENERAL,ADJUNTO,POR HORAS,SIN_NIVEL
DOC_000816,TALCA,INGENIERÍA CIVIL INDUSTRIAL,REGULAR,CONTRATADO,SIN_NIVEL
DOC_000817,TALCA,INGENIERÍA CIVIL INDUSTRIAL,REGULAR,CONTRATADO,INICIAL
DOC_000818,TALCA,INGENIERÍA CIVIL INDUSTRIAL,REGULAR,CONTRATADO,AVANZADO
DOC_000819,TALCA,INGENIERÍA CIVIL INDUSTRIAL,REGULAR,CONTRATADO,HABILITANTE
DOC_000820,TALCA,INGENIERÍA CIVIL INDUSTRIAL,REGULAR,CONTRATADO,SIN_NIVEL
DOC_000821,TALCA,INGENIERÍA CIVIL INDUSTRIAL,REGULAR,CONTRATADO,HABILITANTE
DOC_000822,TALCA,INGENIERÍA CIVIL INDUSTRIAL,ADJUNTO,POR HORAS,HABILITANTE
DOC_000823,TALCA,INGENIERÍA CIVIL INDUSTRIAL,ADJUNTO,POR HORAS,AVANZADO
DOC_000824,TALCA,INGENIERÍA CIVIL INDUSTRIAL,ADJUNTO,POR HORAS,HABILITANTE
DOC_000825,TALCA,INGENIERÍA CIVIL INDUSTRIAL,ADJUNTO,POR HORAS,INICIAL
DOC_000826,TALCA,INGENIERÍA CIVIL INDUSTRIAL,ADJUNTO,POR HORAS,INICIAL
DOC_000827,TALCA,INGENIERÍA CIVIL INDUSTRIAL,ADJUNTO,POR HORAS,HABILITANTE
DOC_000828,TALCA,INGENIERÍA CIVIL INDUSTRIAL,ADJUNTO,POR HORAS,SIN_NIVEL
DOC_000829,TALCA,INGENIERÍA CIVIL INDUSTRIAL,ADJUNTO,POR HORAS,SIN_NIVEL
DOC_000830,TALCA,INGENIERÍA CIVIL INDUSTRIAL,ADJUNTO,POR HORAS,AVANZADO
DOC_000831,TALCA,INGENIERÍA CIVIL INDUSTRIAL,ADJUNTO,POR HORAS,HABILITANTE
DOC_000832,TALCA,INGENIERÍA CIVIL INDUSTRIAL,ADJUNTO,POR HORAS,AVANZADO
DOC_000833,TALCA,INGENIERÍA CIVIL INFORMÁTICA,REGULAR,CONTRATADO,HABILITANTE
DOC_000834,TALCA,INGENIERÍA CIVIL INFORMÁTICA,REGULAR,CONTRATADO,EXPERTO
DOC_000835,TALCA,INGENIERÍA CIVIL INFORMÁTICA,REGULAR,CONTRATADO,SIN_NIVEL
DOC_000836,TALCA,INGENIERÍA CIVIL INFORMÁTICA,REGULAR,CONTRATADO,SIN_NIVEL
DOC_000837,TALCA,INGENIERÍA CIVIL INFORMÁTICA,REGULAR,CONTRATADO,SIN_NIVEL
DOC_000838,TALCA,INGENIERÍA CIVIL INFORMÁTICA,REGULAR,CONTRATADO,HABILITANTE
DOC_000839,TALCA,INGENIERÍA CIVIL INFORMÁTICA,ADJUNTO,POR HORAS,HABILITANTE
DOC_000840,TALCA,INGENIERÍA CIVIL INFORMÁTICA,ADJUNTO,POR HORAS,SIN_NIVEL
DOC_000841,TALCA,INGENIERÍA CIVIL INFORMÁTICA,ADJUNTO,POR HORAS,AVANZADO
DOC_000842,TALCA,INGENIERÍA CIVIL INFORMÁTICA,ADJUNTO,POR HORAS,HABILITANTE
DOC_000843,TALCA,INGENIERÍA CIVIL INFORMÁTICA,ADJUNTO,POR HORAS,SIN_NIVEL
DOC_000844,TALCA,INGENIERÍA CIVIL INFORMÁTICA,ADJUNTO,POR HORAS,HABILITANTE
DOC_000845,TALCA,INGENIERÍA CIVIL INFORMÁTICA,ADJUNTO,POR HORAS,INICIAL
DOC_000846,TALCA,INGENIERÍA CIVIL INFORMÁTICA,ADJUNTO,POR HORAS,INICIAL
DOC_000847,TALCA,INGENIERÍA CIVIL INFORMÁTICA,ADJUNTO,POR HORAS,AVANZADO
DOC_000848,TALCA,INGENIERÍA CIVIL INFORMÁTICA,ADJUNTO,POR HORAS,HABILITANTE
DOC_000849,TALCA,INGENIERÍA CIVIL INFORMÁTICA,ADJUNTO,POR HORAS,SIN_NIVEL
DOC_000850,TALCA,INGENIERÍA CIVIL QUÍMICA,REGULAR,CONTRATADO,EXPERTO
DOC_000851,TALCA,INGENIERÍA CIVIL QUÍMICA,REGULAR,CONTRATADO,SIN_NIVEL
DOC_000852,TALCA,INGENIERÍA CIVIL QUÍMICA,REGULAR,CONTRATADO,SIN_NIVEL
DOC_000853,TALCA,INGENIERÍA CIVIL QUÍMICA,REGULAR,CONTRATADO,SIN_NIVEL
DOC_000854,TALCA,INGENIERÍA CIVIL QUÍMICA,REGULAR,CONTRATADO,HABILITANTE
DOC_000855,TALCA,INGENIERÍA CIVIL QUÍMICA,REGULAR,CONTRATADO,INICIAL
DOC_000856,TALCA,INGENIERÍA CIVIL QUÍMICA,ADJUNTO,POR HORAS,SIN_NIVEL
DOC_000857,TALCA,INGENIERÍA CIVIL QUÍMICA,ADJUNTO,POR HORAS,EXPERTO
DOC_000858,TALCA,INGENIERÍA CIVIL QUÍMICA,ADJUNTO,POR HORAS,HABILITANTE
DOC_000859,TALCA,INGENIERÍA CIVIL QUÍMICA,ADJUNTO,POR HORAS,HABILITANTE
DOC_000860,TALCA,INGENIERÍA CIVIL QUÍMICA,ADJUNTO,POR HORAS,HABILITANTE
DOC_000861,TALCA,INGENIERÍA CIVIL QUÍMICA,ADJUNTO,POR HORAS,SIN_NIVEL
DOC_000862,TALCA,INGENIERÍA CIVIL QUÍMICA,ADJUNTO,POR HORAS,SIN_NIVEL
DOC_000863,TALCA,INGENIERÍA CIVIL QUÍMICA,ADJUNTO,POR HORAS,AVANZADO
DOC_000864,TALCA,INGENIERÍA CIVIL QUÍMICA,ADJUNTO,POR HORAS,HABILITANTE
DOC_000865,TALCA,INGENIERÍA CIVIL QUÍMICA,ADJUNTO,POR HORAS,SIN_NIVEL
DOC_000866,TALCA,INGENIERÍA CIVIL QUÍMICA,ADJUNTO,POR HORAS,HABILITANTE
DOC_000867,TALCA,INGENIERÍA COMERCIAL,REGULAR,CONTRATADO,SIN_NIVEL
DOC_000868,TALCA,INGENIERÍA COMERCIAL,REGULAR,CONTRATADO,SIN_NIVEL
DOC_000869,TALCA,INGENIERÍA COMERCIAL,REGULAR,CONTRATADO,INICIAL
DOC_000870,TALCA,INGENIERÍA COMERCIAL,REGULAR,CONTRATADO,INICIAL
DOC_000871,TALCA,INGENIERÍA COMERCIAL,REGULAR,CONTRATADO,HABILITANTE
DOC_000872,TALCA,INGENIERÍA COMERCIAL,REGULAR,CONTRATADO,AVANZADO
DOC_000873,TALCA,INGENIERÍA COMERCIAL,ADJUNTO,POR HORAS,HABILITANTE
DOC_000874,TALCA,INGENIERÍA COMERCIAL,ADJUNTO,POR HORAS,INICIAL
DOC_000875,TALCA,INGENIERÍA COMERCIAL,ADJUNTO,POR HORAS,HABILITANTE
DOC_000876,TALCA,INGENIERÍA COMERCIAL,ADJUNTO,POR HORAS,HABILITANTE
DOC_000877,TALCA,INGENIERÍA COMERCIAL,ADJUNTO,POR HORAS,HABILITANTE
DOC_000878,TALCA,INGENIERÍA COMERCIAL,ADJUNTO,POR HORAS,SIN_NIVEL
DOC_000879,TALCA,INGENIERÍA COMERCIAL,ADJUNTO,POR HORAS,HABILITANTE
DOC_000880,TALCA,INGENIERÍA COMERCIAL,ADJUNTO,POR HORAS,AVANZADO
DOC_000881,TALCA,INGENIERÍA COMERCIAL,ADJUNTO,POR HORAS,INICIAL
DOC_000882,TALCA,INGENIERÍA COMERCIAL,ADJUNTO,POR HORAS,SIN_NIVEL
DOC_000883,TALCA,INGENIERÍA COMERCIAL,ADJUNTO,POR HORAS,AVANZADO
DOC_000884,TALCA,KINESIOLOGÍA,REGULAR,CONTRATADO,AVANZADO
DOC_000885,TALCA,KINESIOLOGÍA,REGULAR,CONTRATADO,SIN_NIVEL
DOC_000886,TALCA,KINESIOLOGÍA,REGULAR,CONTRATADO,SIN_NIVEL
DOC_000887,TALCA,KINESIOLOGÍA,REGULAR,CONTRATADO,HABILITANTE
DOC_000888,TALCA,KINESIOLOGÍA,REGULAR,CONTRATADO,HABILITANTE
DOC_000889,TALCA,KINESIOLOGÍA,ADJUNTO,POR HORAS,INICIAL
DOC_000890,TALCA,KINESIOLOGÍA,ADJUNTO,POR HORAS,AVANZADO
DOC_000891,TALCA,KINESIOLOGÍA,ADJUNTO,POR HORAS,HABILITANTE
DOC_000892,TALCA,KINESIOLOGÍA,ADJUNTO,POR HORAS,SIN_NIVEL
DOC_000893,TALCA,KINESIOLOGÍA,ADJUNTO,POR HORAS,INICIAL
DOC_000894,TALCA,KINESIOLOGÍA,ADJUNTO,POR HORAS,SIN_NIVEL
DOC_000895,TALCA,KINESIOLOGÍA,ADJUNTO,POR HORAS,SIN_NIVEL
DOC_000896,TALCA,KINESIOLOGÍA,ADJUNTO,POR HORAS,INICIAL
DOC_000897,TALCA,KINESIOLOGÍA,ADJUNTO,POR HORAS,AVANZADO
DOC_000898,TALCA,MEDICINA,REGULAR,CONTRATADO,AVANZADO
DOC_000899,TALCA,MEDICINA,REGULAR,CONTRATADO,INICIAL
DOC_000900,TALCA,MEDICINA,REGULAR,CONTRATADO,INICIAL
DOC_000901,TALCA,MEDICINA,REGULAR,CONTRATADO,HABILITANTE
DOC_000902,TALCA,MEDICINA,REGULAR,CONTRATADO,HABILITANTE
DOC_000903,TALCA,MEDICINA,ADJUNTO,POR HORAS,AVANZADO
DOC_000904,TALCA,MEDICINA,ADJUNTO,POR HORAS,SIN_NIVEL
DOC_000905,TALCA,MEDICINA,ADJUNTO,POR HORAS,EXPERTO
DOC_000906,TALCA,MEDICINA,ADJUNTO,POR HORAS,SIN_NIVEL
DOC_000907,TALCA,MEDICINA,ADJUNTO,POR HORAS,AVANZADO
DOC_000908,TALCA,MEDICINA,ADJUNTO,POR HORAS,AVANZADO
DOC_000909,TALCA,MEDICINA,ADJUNTO,POR HORAS,HABILITANTE
DOC_000910,TALCA,MEDICINA,ADJUNTO,POR HORAS,AVANZADO
DOC_000911,TALCA,MEDICINA,ADJUNTO,POR HORAS,SIN_NIVEL
DOC_000912,TALCA,OBSTETRICIA Y PUERICULTURA,REGULAR,CONTRATADO,AVANZADO
DOC_000913,TALCA,OBSTETRICIA Y PUERICULTURA,REGULAR,CONTRATADO,INICIAL
DOC_000914,TALCA,OBSTETRICIA Y PUERICULTURA,REGULAR,CONTRATADO,SIN_NIVEL
DOC_000915,TALCA,OBSTETRICIA Y PUERICULTURA,REGULAR,CONTRATADO,EXPERTO
DOC_000916,TALCA,OBSTETRICIA Y PUERICULTURA,ADJUNTO,POR HORAS,INICIAL
DOC_000917,TALCA,OBSTETRICIA Y PUERICULTURA,ADJUNTO,POR HORAS,AVANZADO
DOC_000918,TALCA,OBSTETRICIA Y PUERICULTURA,ADJUNTO,POR HORAS,SIN_NIVEL
DOC_000919,TALCA,OBSTETRICIA Y PUERICULTURA,ADJUNTO,POR HORAS,INICIAL
DOC_000920,TALCA,OBSTETRICIA Y PUERICULTURA,ADJUNTO,POR HORAS,HABILITANTE
DOC_000921,TALCA,OBSTETRICIA Y PUERICULTURA,ADJUNTO,POR HORAS,SIN_NIVEL
DOC_000922,TALCA,OBSTETRICIA Y PUERICULTURA,ADJUNTO,POR HORAS,INICIAL
DOC_000923,TALCA,PEDAGOGÍA EN EDUCACIÓN BÁSICA MENCIÓN EN EDUCACIÓN MATEMÁTICA,REGULAR,CONTRATADO,AVANZADO
DOC_000924,TALCA,PEDAGOGÍA EN EDUCACIÓN BÁSICA MENCIÓN EN EDUCACIÓN MATEMÁTICA,REGULAR,CONTRATADO,HABILITANTE
DOC_000925,TALCA,PEDAGOGÍA EN EDUCACIÓN BÁSICA MENCIÓN EN EDUCACIÓN MATEMÁTICA,REGULAR,CONTRATADO,HABILITANTE
DOC_000926,TALCA,PEDAGOGÍA EN EDUCACIÓN BÁSICA MENCIÓN EN EDUCACIÓN MATEMÁTICA,REGULAR,CONTRATADO,SIN_NIVEL
DOC_000927,TALCA,PEDAGOGÍA EN EDUCACIÓN BÁSICA MENCIÓN EN EDUCACIÓN MATEMÁTICA,REGULAR,CONTRATADO,INICIAL
DOC_000928,TALCA,PEDAGOGÍA EN EDUCACIÓN BÁSICA MENCIÓN EN EDUCACIÓN MATEMÁTICA,REGULAR,CONTRATADO,HABILITANTE
DOC_000929,TALCA,PEDAGOGÍA EN EDUCACIÓN BÁSICA MENCIÓN EN EDUCACIÓN MATEMÁTICA,REGULAR,CONTRATADO,HABILITANTE
DOC_000930,TALCA,PEDAGOGÍA EN EDUCACIÓN BÁSICA MENCIÓN EN EDUCACIÓN MATEMÁTICA,ADJUNTO,POR HORAS,INICIAL
DOC_000931,TALCA,PEDAGOGÍA EN EDUCACIÓN BÁSICA MENCIÓN EN EDUCACIÓN MATEMÁTICA,ADJUNTO,POR HORAS,AVANZADO
DOC_000932,TALCA,PEDAGOGÍA EN EDUCACIÓN BÁSICA MENCIÓN EN EDUCACIÓN MATEMÁTICA,ADJUNTO,POR HORAS,SIN_NIVEL
DOC_000933,TALCA,PEDAGOGÍA EN EDUCACIÓN BÁSICA MENCIÓN EN EDUCACIÓN MATEMÁTICA,ADJUNTO,POR HORAS,AVANZADO
DOC_000934,TALCA,PEDAGOGÍA EN EDUCACIÓN BÁSICA MENCIÓN EN EDUCACIÓN MATEMÁTICA,ADJUNTO,POR HORAS,SIN_NIVEL
DOC_000935,TALCA,PEDAGOGÍA EN EDUCACIÓN BÁSICA MENCIÓN EN EDUCACIÓN MATEMÁTICA,ADJUNTO,POR HORAS,AVANZADO
DOC_000936,TALCA,PEDAGOGÍA EN EDUCACIÓN BÁSICA MENCIÓN EN EDUCACIÓN MATEMÁTICA,ADJUNTO,POR HORAS,SIN_NIVEL
DOC_000937,TALCA,PEDAGOGÍA EN EDUCACIÓN BÁSICA MENCIÓN EN EDUCACIÓN MATEMÁTICA,ADJUNTO,POR HORAS,EXPERTO
DOC_000938,TALCA,PEDAGOGÍA EN EDUCACIÓN BÁSICA MENCIÓN EN EDUCACIÓN MATEMÁTICA,ADJUNTO,POR HORAS,AVANZADO
DOC_000939,TALCA,PEDAGOGÍA EN EDUCACIÓN BÁSICA MENCIÓN EN EDUCACIÓN MATEMÁTICA,ADJUNTO,POR HORAS,HABILITANTE
DOC_000940,TALCA,PEDAGOGÍA EN EDUCACIÓN BÁSICA MENCIÓN EN EDUCACIÓN MATEMÁTICA,ADJUNTO,POR HORAS,HABILITANTE
DOC_000941,TALCA,PEDAGOGÍA EN EDUCACIÓN BÁSICA MENCIÓN EN EDUCACIÓN MATEMÁTICA,ADJUNTO,POR HORAS,SIN_NIVEL
DOC_000942,TALCA,PEDAGOGÍA EN EDUCACIÓN BÁSICA MENCIÓN EN EDUCACIÓN MATEMÁTICA,ADJUNTO,POR HORAS,HABILITANTE
DOC_000943,TALCA,PEDAGOGÍA EN EDUCACIÓN FÍSICA,REGULAR,CONTRATADO,SIN_NIVEL
DOC_000944,TALCA,PEDAGOGÍA EN EDUCACIÓN FÍSICA,REGULAR,CONTRATADO,EXPERTO
DOC_000945,TALCA,PEDAGOGÍA EN EDUCACIÓN FÍSICA,REGULAR,CONTRATADO,AVANZADO
DOC_000946,TALCA,PEDAGOGÍA EN EDUCACIÓN FÍSICA,REGULAR,CONTRATADO,EXPERTO
DOC_000947,TALCA,PEDAGOGÍA EN EDUCACIÓN FÍSICA,REGULAR,CONTRATADO,SIN_NIVEL
DOC_000948,TALCA,PEDAGOGÍA EN EDUCACIÓN FÍSICA,REGULAR,CONTRATADO,HABILITANTE
DOC_000949,TALCA,PEDAGOGÍA EN EDUCACIÓN FÍSICA,REGULAR,CONTRATADO,SIN_NIVEL
DOC_000950,TALCA,PEDAGOGÍA EN EDUCACIÓN FÍSICA,ADJUNTO,POR HORAS,HABILITANTE
DOC_000951,TALCA,PEDAGOGÍA EN EDUCACIÓN FÍSICA,ADJUNTO,POR HORAS,HABILITANTE
DOC_000952,TALCA,PEDAGOGÍA EN EDUCACIÓN FÍSICA,ADJUNTO,POR HORAS,AVANZADO
DOC_000953,TALCA,PEDAGOGÍA EN EDUCACIÓN FÍSICA,ADJUNTO,POR HORAS,AVANZADO
DOC_000954,TALCA,PEDAGOGÍA EN EDUCACIÓN FÍSICA,ADJUNTO,POR HORAS,HABILITANTE
DOC_000955,TALCA,PEDAGOGÍA EN EDUCACIÓN FÍSICA,ADJUNTO,POR HORAS,SIN_NIVEL
DOC_000956,TALCA,PEDAGOGÍA EN EDUCACIÓN FÍSICA,ADJUNTO,POR HORAS,HABILITANTE
DOC_000957,TALCA,PEDAGOGÍA EN EDUCACIÓN FÍSICA,ADJUNTO,POR HORAS,HABILITANTE
DOC_000958,TALCA,PEDAGOGÍA EN EDUCACIÓN FÍSICA,ADJUNTO,POR HORAS,AVANZADO
DOC_000959,TALCA,PEDAGOGÍA EN EDUCACIÓN FÍSICA,ADJUNTO,POR HORAS,SIN_NIVEL
DOC_000960,TALCA,PEDAGOGÍA EN EDUCACIÓN FÍSICA,ADJUNTO,POR HORAS,HABILITANTE
DOC_000961,TALCA,PEDAGOGÍA EN EDUCACIÓN FÍSICA,ADJUNTO,POR HORAS,AVANZADO
DOC_000962,TALCA,PEDAGOGÍA EN EDUCACIÓN FÍSICA,ADJUNTO,POR HORAS,HABILITANTE
DOC_000963,TALCA,PSICOLOGÍA,REGULAR,CONTRATADO,SIN_NIVEL
DOC_000964,TALCA,PSICOLOGÍA,REGULAR,CONTRATADO,INICIAL
DOC_000965,TALCA,PSICOLOGÍA,REGULAR,CONTRATADO,SIN_NIVEL
DOC_000966,TALCA,PSICOLOGÍA,REGULAR,CONTRATADO,HABILITANTE
DOC_000967,TALCA,PSICOLOGÍA,REGULAR,CONTRATADO,INICIAL
DOC_000968,TALCA,PSICOLOGÍA,REGULAR,CONTRATADO,HABILITANTE
DOC_000969,TALCA,PSICOLOGÍA,REGULAR,CONTRATADO,SIN_NIVEL
DOC_000970,TALCA,PSICOLOGÍA,ADJUNTO,POR HORAS,HABILITANTE
DOC_000971,TALCA,PSICOLOGÍA,ADJUNTO,POR HORAS,INICIAL
DOC_000972,TALCA,PSICOLOGÍA,ADJUNTO,POR HORAS,INICIAL
DOC_000973,TALCA,PSICOLOGÍA,ADJUNTO,POR HORAS,EXPERTO
DOC_000974,TALCA,PSICOLOGÍA,ADJUNTO,POR HORAS,HABILITANTE
DOC_000975,TALCA,PSICOLOGÍA,ADJUNTO,POR HORAS,HABILITANTE
DOC_000976,TALCA,PSICOLOGÍA,ADJUNTO,POR HORAS,HABILITANTE
DOC_000977,TALCA,PSICOLOGÍA,ADJUNTO,POR HORAS,EXPERTO
DOC_000978,TALCA,PSICOLOGÍA,ADJUNTO,POR HORAS,HABILITANTE
DOC_000979,TALCA,PSICOLOGÍA,ADJUNTO,POR HORAS,INICIAL
DOC_000980,TALCA,PSICOLOGÍA,ADJUNTO,POR HORAS,HABILITANTE
DOC_000981,TALCA,PSICOLOGÍA,ADJUNTO,POR HORAS,EXPERTO
DOC_000982,TALCA,PSICOLOGÍA,ADJUNTO,POR HORAS,SIN_NIVEL
DOC_000983,TALCA,QUÍMICA Y FARMACIA,REGULAR,CONTRATADO,AVANZADO
DOC_000984,TALCA,QUÍMICA Y FARMACIA,REGULAR,CONTRATADO,HABILITANTE
DOC_000985,TALCA,QUÍMICA Y FARMACIA,REGULAR,CONTRATADO,EXPERTO
DOC_000986,TALCA,QUÍMICA Y FARMACIA,REGULAR,CONTRATADO,HABILITANTE
DOC_000987,TALCA,QUÍMICA Y FARMACIA,REGULAR,CONTRATADO,HABILITANTE
DOC_000988,TALCA,QUÍMICA Y FARMACIA,ADJUNTO,POR HORAS,INICIAL
DOC_000989,TALCA,QUÍMICA Y FARMACIA,ADJUNTO,POR HORAS,INICIAL
DOC_000990,TALCA,QUÍMICA Y FARMACIA,ADJUNTO,POR HORAS,SIN_NIVEL
DOC_000991,TALCA,QUÍMICA Y FARMACIA,ADJUNTO,POR HORAS,HABILITANTE
DOC_000992,TALCA,QUÍMICA Y FARMACIA,ADJUNTO,POR HORAS,INICIAL
DOC_000993,TALCA,QUÍMICA Y FARMACIA,ADJUNTO,POR HORAS,HABILITANTE
DOC_000994,TALCA,QUÍMICA Y FARMACIA,ADJUNTO,POR HORAS,HABILITANTE
DOC_000995,TALCA,QUÍMICA Y FARMACIA,ADJUNTO,POR HORAS,AVANZADO
DOC_000996,TALCA,QUÍMICA Y FARMACIA,ADJUNTO,POR HORAS,AVANZADO
DOC_000997,TALCA,TERAPIA OCUPACIONAL,REGULAR,CONTRATADO,HABILITANTE
DOC_000998,TALCA,TERAPIA OCUPACIONAL,REGULAR,CONTRATADO,AVANZADO
DOC_000999,TALCA,TERAPIA OCUPACIONAL,REGULAR,CONTRATADO,SIN_NIVEL
DOC_001000,TALCA,TERAPIA OCUPACIONAL,REGULAR,CONTRATADO,INICIAL
DOC_001001,TALCA,TERAPIA OCUPACIONAL,REGULAR,CONTRATADO,SIN_NIVEL
DOC_001002,TALCA,TERAPIA OCUPACIONAL,ADJUNTO,POR HORAS,SIN_NIVEL
DOC_001003,TALCA,TERAPIA OCUPACIONAL,ADJUNTO,POR HORAS,EXPERTO
DOC_001004,TALCA,TERAPIA OCUPACIONAL,ADJUNTO,POR HORAS,SIN_NIVEL
DOC_001005,TALCA,TERAPIA OCUPACIONAL,ADJUNTO,POR HORAS,HABILITANTE
DOC_001006,TALCA,TERAPIA OCUPACIONAL,ADJUNTO,POR HORAS,SIN_NIVEL
DOC_001007,TALCA,TERAPIA OCUPACIONAL,ADJUNTO,POR HORAS,SIN_NIVEL
DOC_001008,TALCA,TERAPIA OCUPACIONAL,ADJUNTO,POR HORAS,HABILITANTE
DOC_001009,TALCA,TERAPIA OCUPACIONAL,ADJUNTO,POR HORAS,SIN_NIVEL
DOC_001010,TALCA,TERAPIA OCUPACIONAL,ADJUNTO,POR HORAS,HABILITANTE
DOC_001011,TALCA,TRABAJO SOCIAL,REGULAR,CONTRATADO,INICIAL
DOC_001012,TALCA,TRABAJO SOCIAL,REGULAR,CONTRATADO,SIN_NIVEL
DOC_001013,TALCA,TRABAJO SOCIAL,REGULAR,CONTRATADO,EXPERTO
DOC_001014,TALCA,TRABAJO SOCIAL,REGULAR,CONTRATADO,INICIAL
DOC_001015,TALCA,TRABAJO SOCIAL,REGULAR,CONTRATADO,HABILITANTE
DOC_001016,TALCA,TRABAJO SOCIAL,REGULAR,CONTRATADO,SIN_NIVEL
DOC_001017,TALCA,TRABAJO SOCIAL,ADJUNTO,POR HORAS,HABILITANTE
DOC_001018,TALCA,TRABAJO SOCIAL,ADJUNTO,POR HORAS,AVANZADO
DOC_001019,TALCA,TRABAJO SOCIAL,ADJUNTO,POR HORAS,HABILITANTE
DOC_001020,TALCA,TRABAJO SOCIAL,ADJUNTO,POR HORAS,AVANZADO
DOC_001021,TALCA,TRABAJO SOCIAL,ADJUNTO,POR HORAS,AVANZADO
DOC_001022,TALCA,TRABAJO SOCIAL,ADJUNTO,POR HORAS,EXPERTO
DOC_001023,TALCA,TRABAJO SOCIAL,ADJUNTO,POR HORAS,SIN_NIVEL
DOC_001024,TALCA,TRABAJO SOCIAL,ADJUNTO,POR HORAS,SIN_NIVEL
DOC_001025,TALCA,TRABAJO SOCIAL,ADJUNTO,POR HORAS,SIN_NIVEL
DOC_001026,TALCA,TRABAJO SOCIAL,ADJUNTO,POR HORAS,HABILITANTE
DOC_001027,TALCA,TRABAJO SOCIAL,ADJUNTO,POR HORAS,AVANZADO
DOC_001028,TEMUCO,ADMINISTRACIÓN PÚBLICA,REGULAR,CONTRATADO,HABILITANTE
DOC_001029,TEMUCO,ADMINISTRACIÓN PÚBLICA,REGULAR,CONTRATADO,AVANZADO
DOC_001030,TEMUCO,ADMINISTRACIÓN PÚBLICA,REGULAR,CONTRATADO,HABILITANTE
DOC_001031,TEMUCO,ADMINISTRACIÓN PÚBLICA,REGULAR,CONTRATADO,HABILITANTE
DOC_001032,TEMUCO,ADMINISTRACIÓN PÚBLICA,REGULAR,CONTRATADO,HABILITANTE
DOC_001033,TEMUCO,ADMINISTRACIÓN PÚBLICA,REGULAR,CONTRATADO,SIN_NIVEL
DOC_001034,TEMUCO,ADMINISTRACIÓN PÚBLICA,REGULAR,CONTRATADO,AVANZADO
DOC_001035,TEMUCO,ADMINISTRACIÓN PÚBLICA,ADJUNTO,POR HORAS,AVANZADO
DOC_001036,TEMUCO,ADMINISTRACIÓN PÚBLICA,ADJUNTO,POR HORAS,HABILITANTE
DOC_001037,TEMUCO,ADMINISTRACIÓN PÚBLICA,ADJUNTO,POR HORAS,SIN_NIVEL
DOC_001038,TEMUCO,ADMINISTRACIÓN PÚBLICA,ADJUNTO,POR HORAS,INICIAL
DOC_001039,TEMUCO,ADMINISTRACIÓN PÚBLICA,ADJUNTO,POR HORAS,HABILITANTE
DOC_001040,TEMUCO,ADMINISTRACIÓN PÚBLICA,ADJUNTO,POR HORAS,SIN_NIVEL
DOC_001041,TEMUCO,ADMINISTRACIÓN PÚBLICA,ADJUNTO,POR HORAS,HABILITANTE
DOC_001042,TEMUCO,ADMINISTRACIÓN PÚBLICA,ADJUNTO,POR HORAS,SIN_NIVEL
DOC_001043,TEMUCO,ADMINISTRACIÓN PÚBLICA,ADJUNTO,POR HORAS,AVANZADO
DOC_001044,TEMUCO,ADMINISTRACIÓN PÚBLICA,ADJUNTO,POR HORAS,INICIAL
DOC_001045,TEMUCO,ADMINISTRACIÓN PÚBLICA,ADJUNTO,POR HORAS,HABILITANTE
DOC_001046,TEMUCO,ADMINISTRACIÓN PÚBLICA,ADJUNTO,POR HORAS,AVANZADO
DOC_001047,TEMUCO,ADMINISTRACIÓN PÚBLICA,ADJUNTO,POR HORAS,INICIAL
DOC_001048,TEMUCO,ARQUITECTURA,REGULAR,CONTRATADO,HABILITANTE
DOC_001049,TEMUCO,ARQUITECTURA,REGULAR,CONTRATADO,HABILITANTE
DOC_001050,TEMUCO,ARQUITECTURA,REGULAR,CONTRATADO,INICIAL
DOC_001051,TEMUCO,ARQUITECTURA,REGULAR,CONTRATADO,HABILITANTE
DOC_001052,TEMUCO,ARQUITECTURA,REGULAR,CONTRATADO,INICIAL
DOC_001053,TEMUCO,ARQUITECTURA,REGULAR,CONTRATADO,AVANZADO
DOC_001054,TEMUCO,ARQUITECTURA,REGULAR,CONTRATADO,SIN_NIVEL
DOC_001055,TEMUCO,ARQUITECTURA,ADJUNTO,POR HORAS,AVANZADO
DOC_001056,TEMUCO,ARQUITECTURA,ADJUNTO,POR HORAS,SIN_NIVEL
DOC_001057,TEMUCO,ARQUITECTURA,ADJUNTO,POR HORAS,AVANZADO
DOC_001058,TEMUCO,ARQUITECTURA,ADJUNTO,POR HORAS,SIN_NIVEL
DOC_001059,TEMUCO,ARQUITECTURA,ADJUNTO,POR HORAS,AVANZADO
DOC_001060,TEMUCO,ARQUITECTURA,ADJUNTO,POR HORAS,HABILITANTE
DOC_001061,TEMUCO,ARQUITECTURA,ADJUNTO,POR HORAS,SIN_NIVEL
DOC_001062,TEMUCO,ARQUITECTURA,ADJUNTO,POR HORAS,HABILITANTE
DOC_001063,TEMUCO,ARQUITECTURA,ADJUNTO,POR HORAS,AVANZADO
DOC_001064,TEMUCO,ARQUITECTURA,ADJUNTO,POR HORAS,HABILITANTE
DOC_001065,TEMUCO,ARQUITECTURA,ADJUNTO,POR HORAS,SIN_NIVEL
DOC_001066,TEMUCO,ARQUITECTURA,ADJUNTO,POR HORAS,INICIAL
DOC_001067,TEMUCO,ARQUITECTURA,ADJUNTO,POR HORAS,SIN_NIVEL
DOC_001068,TEMUCO,AUDITORÍA E INGENIERÍA EN CONTROL DE GESTIÓN,REGULAR,CONTRATADO,HABILITANTE
DOC_001069,TEMUCO,AUDITORÍA E INGENIERÍA EN CONTROL DE GESTIÓN,REGULAR,CONTRATADO,HABILITANTE
DOC_001070,TEMUCO,AUDITORÍA E INGENIERÍA EN CONTROL DE GESTIÓN,REGULAR,CONTRATADO,AVANZADO
DOC_001071,TEMUCO,AUDITORÍA E INGENIERÍA EN CONTROL DE GESTIÓN,REGULAR,CONTRATADO,HABILITANTE
DOC_001072,TEMUCO,AUDITORÍA E INGENIERÍA EN CONTROL DE GESTIÓN,REGULAR,CONTRATADO,HABILITANTE
DOC_001073,TEMUCO,AUDITORÍA E INGENIERÍA EN CONTROL DE GESTIÓN,REGULAR,CONTRATADO,SIN_NIVEL
DOC_001074,TEMUCO,AUDITORÍA E INGENIERÍA EN CONTROL DE GESTIÓN,ADJUNTO,POR HORAS,INICIAL
DOC_001075,TEMUCO,AUDITORÍA E INGENIERÍA EN CONTROL DE GESTIÓN,ADJUNTO,POR HORAS,INICIAL
DOC_001076,TEMUCO,AUDITORÍA E INGENIERÍA EN CONTROL DE GESTIÓN,ADJUNTO,POR HORAS,EXPERTO
DOC_001077,TEMUCO,AUDITORÍA E INGENIERÍA EN CONTROL DE GESTIÓN,ADJUNTO,POR HORAS,SIN_NIVEL
DOC_001078,TEMUCO,AUDITORÍA E INGENIERÍA EN CONTROL DE GESTIÓN,ADJUNTO,POR HORAS,INICIAL
DOC_001079,TEMUCO,AUDITORÍA E INGENIERÍA EN CONTROL DE GESTIÓN,ADJUNTO,POR HORAS,AVANZADO
DOC_001080,TEMUCO,AUDITORÍA E INGENIERÍA EN CONTROL DE GESTIÓN,ADJUNTO,POR HORAS,SIN_NIVEL
DOC_001081,TEMUCO,AUDITORÍA E INGENIERÍA EN CONTROL DE GESTIÓN,ADJUNTO,POR HORAS,SIN_NIVEL
DOC_001082,TEMUCO,AUDITORÍA E INGENIERÍA EN CONTROL DE GESTIÓN,ADJUNTO,POR HORAS,SIN_NIVEL
DOC_001083,TEMUCO,AUDITORÍA E INGENIERÍA EN CONTROL DE GESTIÓN,ADJUNTO,POR HORAS,SIN_NIVEL
DOC_001084,TEMUCO,AUDITORÍA E INGENIERÍA EN CONTROL DE GESTIÓN,ADJUNTO,POR HORAS,HABILITANTE
DOC_001085,TEMUCO,DEPARTAMENTO DE ANÁLISIS DE DATOS,REGULAR,CONTRATADO,AVANZADO
DOC_001086,TEMUCO,DEPARTAMENTO DE ANÁLISIS DE DATOS,ADJUNTO,POR HORAS,HABILITANTE
DOC_001087,TEMUCO,DEPARTAMENTO DE CIENCIAS BIOLÓGICAS,REGULAR,CONTRATADO,SIN_NIVEL
DOC_001088,TEMUCO,DEPARTAMENTO DE CIENCIAS BIOLÓGICAS,REGULAR,CONTRATADO,SIN_NIVEL
DOC_001089,TEMUCO,DEPARTAMENTO DE CIENCIAS BIOLÓGICAS,REGULAR,CONTRATADO,HABILITANTE
DOC_001090,TEMUCO,DEPARTAMENTO DE CIENCIAS BIOLÓGICAS,REGULAR,CONTRATADO,AVANZADO
DOC_001091,TEMUCO,DEPARTAMENTO DE CIENCIAS BIOLÓGICAS,REGULAR,CONTRATADO,INICIAL
DOC_001092,TEMUCO,DEPARTAMENTO DE CIENCIAS BIOLÓGICAS,REGULAR,CONTRATADO,EXPERTO
DOC_001093,TEMUCO,DEPARTAMENTO DE CIENCIAS BIOLÓGICAS,REGULAR,CONTRATADO,SIN_NIVEL
DOC_001094,TEMUCO,DEPARTAMENTO DE CIENCIAS BIOLÓGICAS,REGULAR,CONTRATADO,INICIAL
DOC_001095,TEMUCO,DEPARTAMENTO DE CIENCIAS BIOLÓGICAS,REGULAR,CONTRATADO,INICIAL
DOC_001096,TEMUCO,DEPARTAMENTO DE CIENCIAS BIOLÓGICAS,REGULAR,CONTRATADO,AVANZADO
DOC_001097,TEMUCO,DEPARTAMENTO DE CIENCIAS BIOLÓGICAS,REGULAR,CONTRATADO,SIN_NIVEL
DOC_001098,TEMUCO,DEPARTAMENTO DE CIENCIAS BIOLÓGICAS,REGULAR,CONTRATADO,SIN_NIVEL
DOC_001099,TEMUCO,DEPARTAMENTO DE CIENCIAS BIOLÓGICAS,REGULAR,CONTRATADO,HABILITANTE
DOC_001100,TEMUCO,DEPARTAMENTO DE CIENCIAS BIOLÓGICAS,REGULAR,CONTRATADO,AVANZADO
DOC_001101,TEMUCO,DEPARTAMENTO DE CIENCIAS BIOLÓGICAS,ADJUNTO,POR HORAS,AVANZADO
DOC_001102,TEMUCO,DEPARTAMENTO DE CIENCIAS BIOLÓGICAS,ADJUNTO,POR HORAS,HABILITANTE
DOC_001103,TEMUCO,DEPARTAMENTO DE CIENCIAS BIOLÓGICAS,ADJUNTO,POR HORAS,SIN_NIVEL
DOC_001104,TEMUCO,DEPARTAMENTO DE CIENCIAS BIOLÓGICAS,ADJUNTO,POR HORAS,AVANZADO
DOC_001105,TEMUCO,DEPARTAMENTO DE CIENCIAS BIOLÓGICAS,ADJUNTO,POR HORAS,AVANZADO
DOC_001106,TEMUCO,DEPARTAMENTO DE CIENCIAS BIOLÓGICAS,ADJUNTO,POR HORAS,INICIAL
DOC_001107,TEMUCO,DEPARTAMENTO DE CIENCIAS BIOLÓGICAS,ADJUNTO,POR HORAS,HABILITANTE
DOC_001108,TEMUCO,DEPARTAMENTO DE CIENCIAS BIOLÓGICAS,ADJUNTO,POR HORAS,SIN_NIVEL
DOC_001109,TEMUCO,DEPARTAMENTO DE CIENCIAS BIOLÓGICAS,ADJUNTO,POR HORAS,SIN_NIVEL
DOC_001110,TEMUCO,DEPARTAMENTO DE CIENCIAS BIOLÓGICAS,ADJUNTO,POR HORAS,EXPERTO
DOC_001111,TEMUCO,DEPARTAMENTO DE CIENCIAS BIOLÓGICAS,ADJUNTO,POR HORAS,INICIAL
DOC_001112,TEMUCO,DEPARTAMENTO DE CIENCIAS BIOLÓGICAS,ADJUNTO,POR HORAS,INICIAL
DOC_001113,TEMUCO,DEPARTAMENTO DE CIENCIAS BIOLÓGICAS,ADJUNTO,POR HORAS,EXPERTO
DOC_001114,TEMUCO,DEPARTAMENTO DE CIENCIAS BIOLÓGICAS,ADJUNTO,POR HORAS,AVANZADO
DOC_001115,TEMUCO,DEPARTAMENTO DE CIENCIAS BIOLÓGICAS,ADJUNTO,POR HORAS,AVANZADO
DOC_001116,TEMUCO,DEPARTAMENTO DE CIENCIAS BIOLÓGICAS,ADJUNTO,POR HORAS,HABILITANTE
DOC_001117,TEMUCO,DEPARTAMENTO DE CIENCIAS BIOLÓGICAS,ADJUNTO,POR HORAS,SIN_NIVEL
DOC_001118,TEMUCO,DEPARTAMENTO DE CIENCIAS BIOLÓGICAS,ADJUNTO,POR HORAS,HABILITANTE
DOC_001119,TEMUCO,DEPARTAMENTO DE CIENCIAS BIOLÓGICAS,ADJUNTO,POR HORAS,SIN_NIVEL
DOC_001120,TEMUCO,DEPARTAMENTO DE CIENCIAS BIOLÓGICAS,ADJUNTO,POR HORAS,AVANZADO
DOC_001121,TEMUCO,DEPARTAMENTO DE CIENCIAS BIOLÓGICAS,ADJUNTO,POR HORAS,HABILITANTE
DOC_001122,TEMUCO,DEPARTAMENTO DE CIENCIAS BIOLÓGICAS,ADJUNTO,POR HORAS,AVANZADO
DOC_001123,TEMUCO,DEPARTAMENTO DE CIENCIAS BIOLÓGICAS,ADJUNTO,POR HORAS,EXPERTO
DOC_001124,TEMUCO,DEPARTAMENTO DE CIENCIAS BIOLÓGICAS,ADJUNTO,POR HORAS,HABILITANTE
DOC_001125,TEMUCO,DEPARTAMENTO DE CIENCIAS BIOLÓGICAS,ADJUNTO,POR HORAS,SIN_NIVEL
DOC_001126,TEMUCO,DEPARTAMENTO DE CIENCIAS BIOLÓGICAS,ADJUNTO,POR HORAS,SIN_NIVEL
DOC_001127,TEMUCO,DEPARTAMENTO DE FÍSICA-QUÍMICA,REGULAR,CONTRATADO,SIN_NIVEL
DOC_001128,TEMUCO,DEPARTAMENTO DE FÍSICA-QUÍMICA,REGULAR,CONTRATADO,HABILITANTE
DOC_001129,TEMUCO,DEPARTAMENTO DE FÍSICA-QUÍMICA,ADJUNTO,POR HORAS,AVANZADO
DOC_001130,TEMUCO,DEPARTAMENTO DE FÍSICA-QUÍMICA,ADJUNTO,POR HORAS,SIN_NIVEL
DOC_001131,TEMUCO,DEPARTAMENTO DE FÍSICA-QUÍMICA,ADJUNTO,POR HORAS,SIN_NIVEL
DOC_001132,TEMUCO,DEPARTAMENTO DE FÍSICA-QUÍMICA,ADJUNTO,POR HORAS,SIN_NIVEL
DOC_001133,TEMUCO,DEPARTAMENTO DE MATEMÁTICAS,REGULAR,CONTRATADO,SIN_NIVEL
DOC_001134,TEMUCO,DEPARTAMENTO DE MATEMÁTICAS,REGULAR,CONTRATADO,HABILITANTE
DOC_001135,TEMUCO,DEPARTAMENTO DE MATEMÁTICAS,REGULAR,CONTRATADO,AVANZADO
DOC_001136,TEMUCO,DEPARTAMENTO DE MATEMÁTICAS,REGULAR,CONTRATADO,INICIAL
DOC_001137,TEMUCO,DEPARTAMENTO DE MATEMÁTICAS,REGULAR,CONTRATADO,SIN_NIVEL
DOC_001138,TEMUCO,DEPARTAMENTO DE MATEMÁTICAS,REGULAR,CONTRATADO,HABILITANTE
DOC_001139,TEMUCO,DEPARTAMENTO DE MATEMÁTICAS,REGULAR,CONTRATADO,SIN_NIVEL
DOC_001140,TEMUCO,DEPARTAMENTO DE MATEMÁTICAS,ADJUNTO,POR HORAS,INICIAL
DOC_001141,TEMUCO,DEPARTAMENTO DE MATEMÁTICAS,ADJUNTO,POR HORAS,SIN_NIVEL
DOC_001142,TEMUCO,DEPARTAMENTO DE MATEMÁTICAS,ADJUNTO,POR HORAS,AVANZADO
DOC_001143,TEMUCO,DEPARTAMENTO DE MATEMÁTICAS,ADJUNTO,POR HORAS,SIN_NIVEL
DOC_001144,TEMUCO,DEPARTAMENTO DE MATEMÁTICAS,ADJUNTO,POR HORAS,SIN_NIVEL
DOC_001145,TEMUCO,DEPARTAMENTO DE MATEMÁTICAS,ADJUNTO,POR HORAS,HABILITANTE
DOC_001146,TEMUCO,DEPARTAMENTO DE MATEMÁTICAS,ADJUNTO,POR HORAS,SIN_NIVEL
DOC_001147,TEMUCO,DEPARTAMENTO DE MATEMÁTICAS,ADJUNTO,POR HORAS,AVANZADO
DOC_001148,TEMUCO,DEPARTAMENTO DE MATEMÁTICAS,ADJUNTO,POR HORAS,SIN_NIVEL
DOC_001149,TEMUCO,DEPARTAMENTO DE MATEMÁTICAS,ADJUNTO,POR HORAS,HABILITANTE
DOC_001150,TEMUCO,DEPARTAMENTO DE MATEMÁTICAS,ADJUNTO,POR HORAS,SIN_NIVEL
DOC_001151,TEMUCO,DEPARTAMENTO DE MATEMÁTICAS,ADJUNTO,POR HORAS,EXPERTO
DOC_001152,TEMUCO,DEPARTAMENTO DE MATEMÁTICAS,ADJUNTO,POR HORAS,HABILITANTE
DOC_001153,TEMUCO,DERECHO,REGULAR,CONTRATADO,HABILITANTE
DOC_001154,TEMUCO,DERECHO,REGULAR,CONTRATADO,SIN_NIVEL
DOC_001155,TEMUCO,DERECHO,REGULAR,CONTRATADO,HABILITANTE
DOC_001156,TEMUCO,DERECHO,REGULAR,CONTRATADO,INICIAL
DOC_001157,TEMUCO,DERECHO,REGULAR,CONTRATADO,AVANZADO
DOC_001158,TEMUCO,DERECHO,REGULAR,CONTRATADO,SIN_NIVEL
DOC_001159,TEMUCO,DERECHO,REGULAR,CONTRATADO,HABILITANTE
DOC_001160,TEMUCO,DERECHO,ADJUNTO,POR HORAS,HABILITANTE
DOC_001161,TEMUCO,DERECHO,ADJUNTO,POR HORAS,AVANZADO
DOC_001162,TEMUCO,DERECHO,ADJUNTO,POR HORAS,HABILITANTE
DOC_001163,TEMUCO,DERECHO,ADJUNTO,POR HORAS,SIN_NIVEL
DOC_001164,TEMUCO,DERECHO,ADJUNTO,POR HORAS,AVANZADO
DOC_001165,TEMUCO,DERECHO,ADJUNTO,POR HORAS,HABILITANTE
DOC_001166,TEMUCO,DERECHO,ADJUNTO,POR HORAS,HABILITANTE
DOC_001167,TEMUCO,DERECHO,ADJUNTO,POR HORAS,AVANZADO
DOC_001168,TEMUCO,DERECHO,ADJUNTO,POR HORAS,INICIAL
DOC_001169,TEMUCO,DERECHO,ADJUNTO,POR HORAS,SIN_NIVEL
DOC_001170,TEMUCO,DERECHO,ADJUNTO,POR HORAS,SIN_NIVEL
DOC_001171,TEMUCO,DERECHO,ADJUNTO,POR HORAS,INICIAL
DOC_001172,TEMUCO,DERECHO,ADJUNTO,POR HORAS,AVANZADO
DOC_001173,TEMUCO,ENFERMERÍA,REGULAR,CONTRATADO,HABILITANTE
DOC_001174,TEMUCO,ENFERMERÍA,REGULAR,CONTRATADO,AVANZADO
DOC_001175,TEMUCO,ENFERMERÍA,REGULAR,CONTRATADO,HABILITANTE
DOC_001176,TEMUCO,ENFERMERÍA,REGULAR,CONTRATADO,EXPERTO
DOC_001177,TEMUCO,ENFERMERÍA,ADJUNTO,POR HORAS,HABILITANTE
DOC_001178,TEMUCO,ENFERMERÍA,ADJUNTO,POR HORAS,HABILITANTE
DOC_001179,TEMUCO,ENFERMERÍA,ADJUNTO,POR HORAS,HABILITANTE
DOC_001180,TEMUCO,ENFERMERÍA,ADJUNTO,POR HORAS,INICIAL
DOC_001181,TEMUCO,ENFERMERÍA,ADJUNTO,POR HORAS,HABILITANTE
DOC_001182,TEMUCO,ENFERMERÍA,ADJUNTO,POR HORAS,SIN_NIVEL
DOC_001183,TEMUCO,ENFERMERÍA,ADJUNTO,POR HORAS,SIN_NIVEL
DOC_001184,TEMUCO,FONOAUDIOLOGÍA,REGULAR,CONTRATADO,AVANZADO
DOC_001185,TEMUCO,FONOAUDIOLOGÍA,REGULAR,CONTRATADO,AVANZADO
DOC_001186,TEMUCO,FONOAUDIOLOGÍA,REGULAR,CONTRATADO,AVANZADO
DOC_001187,TEMUCO,FONOAUDIOLOGÍA,REGULAR,CONTRATADO,HABILITANTE
DOC_001188,TEMUCO,FONOAUDIOLOGÍA,REGULAR,CONTRATADO,AVANZADO
DOC_001189,TEMUCO,FONOAUDIOLOGÍA,ADJUNTO,POR HORAS,HABILITANTE
DOC_001190,TEMUCO,FONOAUDIOLOGÍA,ADJUNTO,POR HORAS,INICIAL
DOC_001191,TEMUCO,FONOAUDIOLOGÍA,ADJUNTO,POR HORAS,INICIAL
DOC_001192,TEMUCO,FONOAUDIOLOGÍA,ADJUNTO,POR HORAS,AVANZADO
DOC_001193,TEMUCO,FONOAUDIOLOGÍA,ADJUNTO,POR HORAS,HABILITANTE
DOC_001194,TEMUCO,FONOAUDIOLOGÍA,ADJUNTO,POR HORAS,SIN_NIVEL
DOC_001195,TEMUCO,FONOAUDIOLOGÍA,ADJUNTO,POR HORAS,INICIAL
DOC_001196,TEMUCO,FONOAUDIOLOGÍA,ADJUNTO,POR HORAS,HABILITANTE
DOC_001197,TEMUCO,FONOAUDIOLOGÍA,ADJUNTO,POR HORAS,SIN_NIVEL
DOC_001198,TEMUCO,FORMACIÓN GENERAL,REGULAR,CONTRATADO,SIN_NIVEL
DOC_001199,TEMUCO,FORMACIÓN GENERAL,REGULAR,CONTRATADO,SIN_NIVEL
DOC_001200,TEMUCO,FORMACIÓN GENERAL,REGULAR,CONTRATADO,AVANZADO
DOC_001201,TEMUCO,FORMACIÓN GENERAL,REGULAR,CONTRATADO,SIN_NIVEL
DOC_001202,TEMUCO,FORMACIÓN GENERAL,REGULAR,CONTRATADO,EXPERTO
DOC_001203,TEMUCO,FORMACIÓN GENERAL,REGULAR,CONTRATADO,SIN_NIVEL
DOC_001204,TEMUCO,FORMACIÓN GENERAL,REGULAR,CONTRATADO,SIN_NIVEL
DOC_001205,TEMUCO,FORMACIÓN GENERAL,REGULAR,CONTRATADO,HABILITANTE
DOC_001206,TEMUCO,FORMACIÓN GENERAL,REGULAR,CONTRATADO,SIN_NIVEL
DOC_001207,TEMUCO,FORMACIÓN GENERAL,REGULAR,CONTRATADO,AVANZADO
DOC_001208,TEMUCO,FORMACIÓN GENERAL,REGULAR,CONTRATADO,SIN_NIVEL
DOC_001209,TEMUCO,FORMACIÓN GENERAL,REGULAR,CONTRATADO,INICIAL
DOC_001210,TEMUCO,FORMACIÓN GENERAL,REGULAR,CONTRATADO,SIN_NIVEL
DOC_001211,TEMUCO,FORMACIÓN GENERAL,REGULAR,CONTRATADO,AVANZADO
DOC_001212,TEMUCO,FORMACIÓN GENERAL,ADJUNTO,POR HORAS,SIN_NIVEL
DOC_001213,TEMUCO,FORMACIÓN GENERAL,ADJUNTO,POR HORAS,HABILITANTE
DOC_001214,TEMUCO,FORMACIÓN GENERAL,ADJUNTO,POR HORAS,SIN_NIVEL
DOC_001215,TEMUCO,FORMACIÓN GENERAL,ADJUNTO,POR HORAS,INICIAL
DOC_001216,TEMUCO,FORMACIÓN GENERAL,ADJUNTO,POR HORAS,HABILITANTE
DOC_001217,TEMUCO,FORMACIÓN GENERAL,ADJUNTO,POR HORAS,HABILITANTE
DOC_001218,TEMUCO,FORMACIÓN GENERAL,ADJUNTO,POR HORAS,HABILITANTE
DOC_001219,TEMUCO,FORMACIÓN GENERAL,ADJUNTO,POR HORAS,SIN_NIVEL
DOC_001220,TEMUCO,FORMACIÓN GENERAL,ADJUNTO,POR HORAS,AVANZADO
DOC_001221,TEMUCO,FORMACIÓN GENERAL,ADJUNTO,POR HORAS,HABILITANTE
DOC_001222,TEMUCO,FORMACIÓN GENERAL,ADJUNTO,POR HORAS,HABILITANTE
DOC_001223,TEMUCO,FORMACIÓN GENERAL,ADJUNTO,POR HORAS,SIN_NIVEL
DOC_001224,TEMUCO,FORMACIÓN GENERAL,ADJUNTO,POR HORAS,HABILITANTE
DOC_001225,TEMUCO,FORMACIÓN GENERAL,ADJUNTO,POR HORAS,HABILITANTE
DOC_001226,TEMUCO,FORMACIÓN GENERAL,ADJUNTO,POR HORAS,SIN_NIVEL
DOC_001227,TEMUCO,FORMACIÓN GENERAL,ADJUNTO,POR HORAS,HABILITANTE
DOC_001228,TEMUCO,FORMACIÓN GENERAL,ADJUNTO,POR HORAS,SIN_NIVEL
DOC_001229,TEMUCO,FORMACIÓN GENERAL,ADJUNTO,POR HORAS,HABILITANTE
DOC_001230,TEMUCO,FORMACIÓN GENERAL,ADJUNTO,POR HORAS,AVANZADO
DOC_001231,TEMUCO,FORMACIÓN GENERAL,ADJUNTO,POR HORAS,SIN_NIVEL
DOC_001232,TEMUCO,FORMACIÓN GENERAL,ADJUNTO,POR HORAS,SIN_NIVEL
DOC_001233,TEMUCO,FORMACIÓN GENERAL,ADJUNTO,POR HORAS,SIN_NIVEL
DOC_001234,TEMUCO,FORMACIÓN GENERAL,ADJUNTO,POR HORAS,SIN_NIVEL
DOC_001235,TEMUCO,FORMACIÓN GENERAL,ADJUNTO,POR HORAS,HABILITANTE
DOC_001236,TEMUCO,FORMACIÓN GENERAL,ADJUNTO,POR HORAS,INICIAL
DOC_001237,TEMUCO,FORMACIÓN GENERAL,ADJUNTO,POR HORAS,AVANZADO
DOC_001238,TEMUCO,INGENIERÍA CIVIL INDUSTRIAL,REGULAR,CONTRATADO,HABILITANTE
DOC_001239,TEMUCO,INGENIERÍA CIVIL INDUSTRIAL,REGULAR,CONTRATADO,AVANZADO
DOC_001240,TEMUCO,INGENIERÍA CIVIL INDUSTRIAL,REGULAR,CONTRATADO,HABILITANTE
DOC_001241,TEMUCO,INGENIERÍA CIVIL INDUSTRIAL,REGULAR,CONTRATADO,EXPERTO
DOC_001242,TEMUCO,INGENIERÍA CIVIL INDUSTRIAL,REGULAR,CONTRATADO,SIN_NIVEL
DOC_001243,TEMUCO,INGENIERÍA CIVIL INDUSTRIAL,REGULAR,CONTRATADO,SIN_NIVEL
DOC_001244,TEMUCO,INGENIERÍA CIVIL INDUSTRIAL,ADJUNTO,POR HORAS,HABILITANTE
DOC_001245,TEMUCO,INGENIERÍA CIVIL INDUSTRIAL,ADJUNTO,POR HORAS,SIN_NIVEL
DOC_001246,TEMUCO,INGENIERÍA CIVIL INDUSTRIAL,ADJUNTO,POR HORAS,SIN_NIVEL
DOC_001247,TEMUCO,INGENIERÍA CIVIL INDUSTRIAL,ADJUNTO,POR HORAS,SIN_NIVEL
DOC_001248,TEMUCO,INGENIERÍA CIVIL INDUSTRIAL,ADJUNTO,POR HORAS,EXPERTO
DOC_001249,TEMUCO,INGENIERÍA CIVIL INDUSTRIAL,ADJUNTO,POR HORAS,AVANZADO
DOC_001250,TEMUCO,INGENIERÍA CIVIL INDUSTRIAL,ADJUNTO,POR HORAS,SIN_NIVEL
DOC_001251,TEMUCO,INGENIERÍA CIVIL INDUSTRIAL,ADJUNTO,POR HORAS,INICIAL
DOC_001252,TEMUCO,INGENIERÍA CIVIL INDUSTRIAL,ADJUNTO,POR HORAS,HABILITANTE
DOC_001253,TEMUCO,INGENIERÍA CIVIL INDUSTRIAL,ADJUNTO,POR HORAS,HABILITANTE
DOC_001254,TEMUCO,INGENIERÍA CIVIL INDUSTRIAL,ADJUNTO,POR HORAS,SIN_NIVEL
DOC_001255,TEMUCO,INGENIERÍA CIVIL INFORMÁTICA,REGULAR,CONTRATADO,HABILITANTE
DOC_001256,TEMUCO,INGENIERÍA CIVIL INFORMÁTICA,REGULAR,CONTRATADO,INICIAL
DOC_001257,TEMUCO,INGENIERÍA CIVIL INFORMÁTICA,REGULAR,CONTRATADO,EXPERTO
DOC_001258,TEMUCO,INGENIERÍA CIVIL INFORMÁTICA,REGULAR,CONTRATADO,EXPERTO
DOC_001259,TEMUCO,INGENIERÍA CIVIL INFORMÁTICA,REGULAR,CONTRATADO,AVANZADO
DOC_001260,TEMUCO,INGENIERÍA CIVIL INFORMÁTICA,REGULAR,CONTRATADO,SIN_NIVEL
DOC_001261,TEMUCO,INGENIERÍA CIVIL INFORMÁTICA,REGULAR,CONTRATADO,INICIAL
DOC_001262,TEMUCO,INGENIERÍA CIVIL INFORMÁTICA,ADJUNTO,POR HORAS,SIN_NIVEL
DOC_001263,TEMUCO,INGENIERÍA CIVIL INFORMÁTICA,ADJUNTO,POR HORAS,AVANZADO
DOC_001264,TEMUCO,INGENIERÍA CIVIL INFORMÁTICA,ADJUNTO,POR HORAS,SIN_NIVEL
DOC_001265,TEMUCO,INGENIERÍA CIVIL INFORMÁTICA,ADJUNTO,POR HORAS,HABILITANTE
DOC_001266,TEMUCO,INGENIERÍA CIVIL INFORMÁTICA,ADJUNTO,POR HORAS,INICIAL
DOC_001267,TEMUCO,INGENIERÍA CIVIL INFORMÁTICA,ADJUNTO,POR HORAS,AVANZADO
DOC_001268,TEMUCO,INGENIERÍA CIVIL INFORMÁTICA,ADJUNTO,POR HORAS,HABILITANTE
DOC_001269,TEMUCO,INGENIERÍA CIVIL INFORMÁTICA,ADJUNTO,POR HORAS,SIN_NIVEL
DOC_001270,TEMUCO,INGENIERÍA CIVIL INFORMÁTICA,ADJUNTO,POR HORAS,AVANZADO
DOC_001271,TEMUCO,INGENIERÍA CIVIL INFORMÁTICA,ADJUNTO,POR HORAS,HABILITANTE
DOC_001272,TEMUCO,INGENIERÍA CIVIL INFORMÁTICA,ADJUNTO,POR HORAS,INICIAL
DOC_001273,TEMUCO,INGENIERÍA CIVIL INFORMÁTICA,ADJUNTO,POR HORAS,SIN_NIVEL
DOC_001274,TEMUCO,INGENIERÍA CIVIL INFORMÁTICA,ADJUNTO,POR HORAS,HABILITANTE
DOC_001275,TEMUCO,INGENIERÍA CIVIL QUÍMICA,REGULAR,CONTRATADO,HABILITANTE
DOC_001276,TEMUCO,INGENIERÍA CIVIL QUÍMICA,REGULAR,CONTRATADO,HABILITANTE
DOC_001277,TEMUCO,INGENIERÍA CIVIL QUÍMICA,REGULAR,CONTRATADO,HABILITANTE
DOC_001278,TEMUCO,INGENIERÍA CIVIL QUÍMICA,REGULAR,CONTRATADO,HABILITANTE
DOC_001279,TEMUCO,INGENIERÍA CIVIL QUÍMICA,REGULAR,CONTRATADO,INICIAL
DOC_001280,TEMUCO,INGENIERÍA CIVIL QUÍMICA,REGULAR,CONTRATADO,SIN_NIVEL
DOC_001281,TEMUCO,INGENIERÍA CIVIL QUÍMICA,ADJUNTO,POR HORAS,HABILITANTE
DOC_001282,TEMUCO,INGENIERÍA CIVIL QUÍMICA,ADJUNTO,POR HORAS,HABILITANTE
DOC_001283,TEMUCO,INGENIERÍA CIVIL QUÍMICA,ADJUNTO,POR HORAS,EXPERTO
DOC_001284,TEMUCO,INGENIERÍA CIVIL QUÍMICA,ADJUNTO,POR HORAS,SIN_NIVEL
DOC_001285,TEMUCO,INGENIERÍA CIVIL QUÍMICA,ADJUNTO,POR HORAS,HABILITANTE
DOC_001286,TEMUCO,INGENIERÍA CIVIL QUÍMICA,ADJUNTO,POR HORAS,EXPERTO
DOC_001287,TEMUCO,INGENIERÍA CIVIL QUÍMICA,ADJUNTO,POR HORAS,SIN_NIVEL
DOC_001288,TEMUCO,INGENIERÍA CIVIL QUÍMICA,ADJUNTO,POR HORAS,AVANZADO
DOC_001289,TEMUCO,INGENIERÍA CIVIL QUÍMICA,ADJUNTO,POR HORAS,AVANZADO
DOC_001290,TEMUCO,INGENIERÍA CIVIL QUÍMICA,ADJUNTO,POR HORAS,AVANZADO
DOC_001291,TEMUCO,INGENIERÍA CIVIL QUÍMICA,ADJUNTO,POR HORAS,INICIAL
DOC_001292,TEMUCO,INGENIERÍA COMERCIAL,REGULAR,CONTRATADO,SIN_NIVEL
DOC_001293,TEMUCO,INGENIERÍA COMERCIAL,REGULAR,CONTRATADO,AVANZADO
DOC_001294,TEMUCO,INGENIERÍA COMERCIAL,REGULAR,CONTRATADO,HABILITANTE
DOC_001295,TEMUCO,INGENIERÍA COMERCIAL,REGULAR,CONTRATADO,SIN_NIVEL
DOC_001296,TEMUCO,INGENIERÍA COMERCIAL,REGULAR,CONTRATADO,AVANZADO
DOC_001297,TEMUCO,INGENIERÍA COMERCIAL,REGULAR,CONTRATADO,AVANZADO
DOC_001298,TEMUCO,INGENIERÍA COMERCIAL,ADJUNTO,POR HORAS,HABILITANTE
DOC_001299,TEMUCO,INGENIERÍA COMERCIAL,ADJUNTO,POR HORAS,AVANZADO
DOC_001300,TEMUCO,INGENIERÍA COMERCIAL,ADJUNTO,POR HORAS,AVANZADO
DOC_001301,TEMUCO,INGENIERÍA COMERCIAL,ADJUNTO,POR HORAS,SIN_NIVEL
DOC_001302,TEMUCO,INGENIERÍA COMERCIAL,ADJUNTO,POR HORAS,AVANZADO
DOC_001303,TEMUCO,INGENIERÍA COMERCIAL,ADJUNTO,POR HORAS,HABILITANTE
DOC_001304,TEMUCO,INGENIERÍA COMERCIAL,ADJUNTO,POR HORAS,SIN_NIVEL
DOC_001305,TEMUCO,INGENIERÍA COMERCIAL,ADJUNTO,POR HORAS,HABILITANTE
DOC_001306,TEMUCO,INGENIERÍA COMERCIAL,ADJUNTO,POR HORAS,HABILITANTE
DOC_001307,TEMUCO,INGENIERÍA COMERCIAL,ADJUNTO,POR HORAS,AVANZADO
DOC_001308,TEMUCO,INGENIERÍA COMERCIAL,ADJUNTO,POR HORAS,HABILITANTE
DOC_001309,TEMUCO,INGENIERÍA EN CONSTRUCCIÓN,REGULAR,CONTRATADO,HABILITANTE
DOC_001310,TEMUCO,INGENIERÍA EN CONSTRUCCIÓN,REGULAR,CONTRATADO,SIN_NIVEL
DOC_001311,TEMUCO,INGENIERÍA EN CONSTRUCCIÓN,REGULAR,CONTRATADO,AVANZADO
DOC_001312,TEMUCO,INGENIERÍA EN CONSTRUCCIÓN,REGULAR,CONTRATADO,AVANZADO
DOC_001313,TEMUCO,INGENIERÍA EN CONSTRUCCIÓN,REGULAR,CONTRATADO,SIN_NIVEL
DOC_001314,TEMUCO,INGENIERÍA EN CONSTRUCCIÓN,REGULAR,CONTRATADO,SIN_NIVEL
DOC_001315,TEMUCO,INGENIERÍA EN CONSTRUCCIÓN,ADJUNTO,POR HORAS,SIN_NIVEL
DOC_001316,TEMUCO,INGENIERÍA EN CONSTRUCCIÓN,ADJUNTO,POR HORAS,EXPERTO
DOC_001317,TEMUCO,INGENIERÍA EN CONSTRUCCIÓN,ADJUNTO,POR HORAS,HABILITANTE
DOC_001318,TEMUCO,INGENIERÍA EN CONSTRUCCIÓN,ADJUNTO,POR HORAS,AVANZADO
DOC_001319,TEMUCO,INGENIERÍA EN CONSTRUCCIÓN,ADJUNTO,POR HORAS,HABILITANTE
DOC_001320,TEMUCO,INGENIERÍA EN CONSTRUCCIÓN,ADJUNTO,POR HORAS,EXPERTO
DOC_001321,TEMUCO,INGENIERÍA EN CONSTRUCCIÓN,ADJUNTO,POR HORAS,HABILITANTE
DOC_001322,TEMUCO,INGENIERÍA EN CONSTRUCCIÓN,ADJUNTO,POR HORAS,AVANZADO
DOC_001323,TEMUCO,INGENIERÍA EN CONSTRUCCIÓN,ADJUNTO,POR HORAS,AVANZADO
DOC_001324,TEMUCO,INGENIERÍA EN CONSTRUCCIÓN,ADJUNTO,POR HORAS,SIN_NIVEL
DOC_001325,TEMUCO,INGENIERÍA EN CONSTRUCCIÓN,ADJUNTO,POR HORAS,SIN_NIVEL
DOC_001326,TEMUCO,KINESIOLOGÍA,REGULAR,CONTRATADO,AVANZADO
DOC_001327,TEMUCO,KINESIOLOGÍA,REGULAR,CONTRATADO,HABILITANTE
DOC_001328,TEMUCO,KINESIOLOGÍA,REGULAR,CONTRATADO,EXPERTO
DOC_001329,TEMUCO,KINESIOLOGÍA,REGULAR,CONTRATADO,HABILITANTE
DOC_001330,TEMUCO,KINESIOLOGÍA,REGULAR,CONTRATADO,HABILITANTE
DOC_001331,TEMUCO,KINESIOLOGÍA,ADJUNTO,POR HORAS,INICIAL
DOC_001332,TEMUCO,KINESIOLOGÍA,ADJUNTO,POR HORAS,SIN_NIVEL
DOC_001333,TEMUCO,KINESIOLOGÍA,ADJUNTO,POR HORAS,AVANZADO
DOC_001334,TEMUCO,KINESIOLOGÍA,ADJUNTO,POR HORAS,SIN_NIVEL
DOC_001335,TEMUCO,KINESIOLOGÍA,ADJUNTO,POR HORAS,HABILITANTE
DOC_001336,TEMUCO,KINESIOLOGÍA,ADJUNTO,POR HORAS,SIN_NIVEL
DOC_001337,TEMUCO,KINESIOLOGÍA,ADJUNTO,POR HORAS,AVANZADO
DOC_001338,TEMUCO,KINESIOLOGÍA,ADJUNTO,POR HORAS,AVANZADO
DOC_001339,TEMUCO,KINESIOLOGÍA,ADJUNTO,POR HORAS,SIN_NIVEL
DOC_001340,TEMUCO,MEDICINA,REGULAR,CONTRATADO,INICIAL
DOC_001341,TEMUCO,MEDICINA,REGULAR,CONTRATADO,AVANZADO
DOC_001342,TEMUCO,MEDICINA,REGULAR,CONTRATADO,HABILITANTE
DOC_001343,TEMUCO,MEDICINA,REGULAR,CONTRATADO,HABILITANTE
DOC_001344,TEMUCO,MEDICINA,REGULAR,CONTRATADO,HABILITANTE
DOC_001345,TEMUCO,MEDICINA,ADJUNTO,POR HORAS,INICIAL
DOC_001346,TEMUCO,MEDICINA,ADJUNTO,POR HORAS,SIN_NIVEL
DOC_001347,TEMUCO,MEDICINA,ADJUNTO,POR HORAS,SIN_NIVEL
DOC_001348,TEMUCO,MEDICINA,ADJUNTO,POR HORAS,SIN_NIVEL
DOC_001349,TEMUCO,MEDICINA,ADJUNTO,POR HORAS,SIN_NIVEL
DOC_001350,TEMUCO,MEDICINA,ADJUNTO,POR HORAS,SIN_NIVEL
DOC_001351,TEMUCO,MEDICINA,ADJUNTO,POR HORAS,HABILITANTE
DOC_001352,TEMUCO,MEDICINA,ADJUNTO,POR HORAS,HABILITANTE
DOC_001353,TEMUCO,MEDICINA,ADJUNTO,POR HORAS,HABILITANTE
DOC_001354,TEMUCO,NUTRICIÓN Y DIETÉTICA,REGULAR,CONTRATADO,SIN_NIVEL
DOC_001355,TEMUCO,NUTRICIÓN Y DIETÉTICA,REGULAR,CONTRATADO,HABILITANTE
DOC_001356,TEMUCO,NUTRICIÓN Y DIETÉTICA,REGULAR,CONTRATADO,INICIAL
DOC_001357,TEMUCO,NUTRICIÓN Y DIETÉTICA,REGULAR,CONTRATADO,HABILITANTE
DOC_001358,TEMUCO,NUTRICIÓN Y DIETÉTICA,REGULAR,CONTRATADO,AVANZADO
DOC_001359,TEMUCO,NUTRICIÓN Y DIETÉTICA,ADJUNTO,POR HORAS,AVANZADO
DOC_001360,TEMUCO,NUTRICIÓN Y DIETÉTICA,ADJUNTO,POR HORAS,INICIAL
DOC_001361,TEMUCO,NUTRICIÓN Y DIETÉTICA,ADJUNTO,POR HORAS,AVANZADO
DOC_001362,TEMUCO,NUTRICIÓN Y DIETÉTICA,ADJUNTO,POR HORAS,SIN_NIVEL
DOC_001363,TEMUCO,NUTRICIÓN Y DIETÉTICA,ADJUNTO,POR HORAS,HABILITANTE
DOC_001364,TEMUCO,NUTRICIÓN Y DIETÉTICA,ADJUNTO,POR HORAS,HABILITANTE
DOC_001365,TEMUCO,NUTRICIÓN Y DIETÉTICA,ADJUNTO,POR HORAS,AVANZADO
DOC_001366,TEMUCO,NUTRICIÓN Y DIETÉTICA,ADJUNTO,POR HORAS,AVANZADO
DOC_001367,TEMUCO,NUTRICIÓN Y DIETÉTICA,ADJUNTO,POR HORAS,SIN_NIVEL
DOC_001368,TEMUCO,OBSTETRICIA Y PUERICULTURA,REGULAR,CONTRATADO,INICIAL
DOC_001369,TEMUCO,OBSTETRICIA Y PUERICULTURA,REGULAR,CONTRATADO,SIN_NIVEL
DOC_001370,TEMUCO,OBSTETRICIA Y PUERICULTURA,REGULAR,CONTRATADO,HABILITANTE
DOC_001371,TEMUCO,OBSTETRICIA Y PUERICULTURA,REGULAR,CONTRATADO,SIN_NIVEL
DOC_001372,TEMUCO,OBSTETRICIA Y PUERICULTURA,ADJUNTO,POR HORAS,AVANZADO
DOC_001373,TEMUCO,OBSTETRICIA Y PUERICULTURA,ADJUNTO,POR HORAS,HABILITANTE
DOC_001374,TEMUCO,OBSTETRICIA Y PUERICULTURA,ADJUNTO,POR HORAS,HABILITANTE
DOC_001375,TEMUCO,OBSTETRICIA Y PUERICULTURA,ADJUNTO,POR HORAS,SIN_NIVEL
DOC_001376,TEMUCO,OBSTETRICIA Y PUERICULTURA,ADJUNTO,POR HORAS,SIN_NIVEL
DOC_001377,TEMUCO,OBSTETRICIA Y PUERICULTURA,ADJUNTO,POR HORAS,SIN_NIVEL
DOC_001378,TEMUCO,OBSTETRICIA Y PUERICULTURA,ADJUNTO,POR HORAS,HABILITANTE
DOC_001379,TEMUCO,ODONTOLOGÍA,REGULAR,CONTRATADO,HABILITANTE
DOC_001380,TEMUCO,ODONTOLOGÍA,REGULAR,CONTRATADO,AVANZADO
DOC_001381,TEMUCO,ODONTOLOGÍA,ADJUNTO,POR HORAS,SIN_NIVEL
DOC_001382,TEMUCO,ODONTOLOGÍA,ADJUNTO,POR HORAS,HABILITANTE
DOC_001383,TEMUCO,ODONTOLOGÍA,ADJUNTO,POR HORAS,AVANZADO
DOC_001384,TEMUCO,ODONTOLOGÍA,ADJUNTO,POR HORAS,SIN_NIVEL
DOC_001385,TEMUCO,PEDAGOGÍA EN EDUCACIÓN BÁSICA MENCIÓN EN EDUCACIÓN MATEMÁTICA,REGULAR,CONTRATADO,HABILITANTE
DOC_001386,TEMUCO,PEDAGOGÍA EN EDUCACIÓN BÁSICA MENCIÓN EN EDUCACIÓN MATEMÁTICA,REGULAR,CONTRATADO,AVANZADO
DOC_001387,TEMUCO,PEDAGOGÍA EN EDUCACIÓN BÁSICA MENCIÓN EN EDUCACIÓN MATEMÁTICA,REGULAR,CONTRATADO,INICIAL
DOC_001388,TEMUCO,PEDAGOGÍA EN EDUCACIÓN BÁSICA MENCIÓN EN EDUCACIÓN MATEMÁTICA,REGULAR,CONTRATADO,INICIAL
DOC_001389,TEMUCO,PEDAGOGÍA EN EDUCACIÓN BÁSICA MENCIÓN EN EDUCACIÓN MATEMÁTICA,REGULAR,CONTRATADO,SIN_NIVEL
DOC_001390,TEMUCO,PEDAGOGÍA EN EDUCACIÓN BÁSICA MENCIÓN EN EDUCACIÓN MATEMÁTICA,REGULAR,CONTRATADO,SIN_NIVEL
DOC_001391,TEMUCO,PEDAGOGÍA EN EDUCACIÓN BÁSICA MENCIÓN EN EDUCACIÓN MATEMÁTICA,REGULAR,CONTRATADO,EXPERTO
DOC_001392,TEMUCO,PEDAGOGÍA EN EDUCACIÓN BÁSICA MENCIÓN EN EDUCACIÓN MATEMÁTICA,ADJUNTO,POR HORAS,HABILITANTE
DOC_001393,TEMUCO,PEDAGOGÍA EN EDUCACIÓN BÁSICA MENCIÓN EN EDUCACIÓN MATEMÁTICA,ADJUNTO,POR HORAS,SIN_NIVEL
DOC_001394,TEMUCO,PEDAGOGÍA EN EDUCACIÓN BÁSICA MENCIÓN EN EDUCACIÓN MATEMÁTICA,ADJUNTO,POR HORAS,SIN_NIVEL
DOC_001395,TEMUCO,PEDAGOGÍA EN EDUCACIÓN BÁSICA MENCIÓN EN EDUCACIÓN MATEMÁTICA,ADJUNTO,POR HORAS,HABILITANTE
DOC_001396,TEMUCO,PEDAGOGÍA EN EDUCACIÓN BÁSICA MENCIÓN EN EDUCACIÓN MATEMÁTICA,ADJUNTO,POR HORAS,HABILITANTE
DOC_001397,TEMUCO,PEDAGOGÍA EN EDUCACIÓN BÁSICA MENCIÓN EN EDUCACIÓN MATEMÁTICA,ADJUNTO,POR HORAS,HABILITANTE
DOC_001398,TEMUCO,PEDAGOGÍA EN EDUCACIÓN BÁSICA MENCIÓN EN EDUCACIÓN MATEMÁTICA,ADJUNTO,POR HORAS,SIN_NIVEL
DOC_001399,TEMUCO,PEDAGOGÍA EN EDUCACIÓN BÁSICA MENCIÓN EN EDUCACIÓN MATEMÁTICA,ADJUNTO,POR HORAS,INICIAL
DOC_001400,TEMUCO,PEDAGOGÍA EN EDUCACIÓN BÁSICA MENCIÓN EN EDUCACIÓN MATEMÁTICA,ADJUNTO,POR HORAS,INICIAL
DOC_001401,TEMUCO,PEDAGOGÍA EN EDUCACIÓN BÁSICA MENCIÓN EN EDUCACIÓN MATEMÁTICA,ADJUNTO,POR HORAS,SIN_NIVEL
DOC_001402,TEMUCO,PEDAGOGÍA EN EDUCACIÓN BÁSICA MENCIÓN EN EDUCACIÓN MATEMÁTICA,ADJUNTO,POR HORAS,HABILITANTE
DOC_001403,TEMUCO,PEDAGOGÍA EN EDUCACIÓN BÁSICA MENCIÓN EN EDUCACIÓN MATEMÁTICA,ADJUNTO,POR HORAS,AVANZADO
DOC_001404,TEMUCO,PEDAGOGÍA EN EDUCACIÓN BÁSICA MENCIÓN EN EDUCACIÓN MATEMÁTICA,ADJUNTO,POR HORAS,AVANZADO
DOC_001405,TEMUCO,PEDAGOGÍA EN EDUCACIÓN DIFERENCIAL,REGULAR,CONTRATADO,HABILITANTE
DOC_001406,TEMUCO,PEDAGOGÍA EN EDUCACIÓN DIFERENCIAL,REGULAR,CONTRATADO,EXPERTO
DOC_001407,TEMUCO,PEDAGOGÍA EN EDUCACIÓN DIFERENCIAL,REGULAR,CONTRATADO,AVANZADO
DOC_001408,TEMUCO,PEDAGOGÍA EN EDUCACIÓN DIFERENCIAL,REGULAR,CONTRATADO,SIN_NIVEL
DOC_001409,TEMUCO,PEDAGOGÍA EN EDUCACIÓN DIFERENCIAL,REGULAR,CONTRATADO,AVANZADO
DOC_001410,TEMUCO,PEDAGOGÍA EN EDUCACIÓN DIFERENCIAL,REGULAR,CONTRATADO,HABILITANTE
DOC_001411,TEMUCO,PEDAGOGÍA EN EDUCACIÓN DIFERENCIAL,REGULAR,CONTRATADO,INICIAL
DOC_001412,TEMUCO,PEDAGOGÍA EN EDUCACIÓN DIFERENCIAL,ADJUNTO,POR HORAS,AVANZADO
DOC_001413,TEMUCO,PEDAGOGÍA EN EDUCACIÓN DIFERENCIAL,ADJUNTO,POR HORAS,HABILITANTE
DOC_001414,TEMUCO,PEDAGOGÍA EN EDUCACIÓN DIFERENCIAL,ADJUNTO,POR HORAS,SIN_NIVEL
DOC_001415,TEMUCO,PEDAGOGÍA EN EDUCACIÓN DIFERENCIAL,ADJUNTO,POR HORAS,AVANZADO
DOC_001416,TEMUCO,PEDAGOGÍA EN EDUCACIÓN DIFERENCIAL,ADJUNTO,POR HORAS,HABILITANTE
DOC_001417,TEMUCO,PEDAGOGÍA EN EDUCACIÓN DIFERENCIAL,ADJUNTO,POR HORAS,AVANZADO
DOC_001418,TEMUCO,PEDAGOGÍA EN EDUCACIÓN DIFERENCIAL,ADJUNTO,POR HORAS,INICIAL
DOC_001419,TEMUCO,PEDAGOGÍA EN EDUCACIÓN DIFERENCIAL,ADJUNTO,POR HORAS,SIN_NIVEL
DOC_001420,TEMUCO,PEDAGOGÍA EN EDUCACIÓN DIFERENCIAL,ADJUNTO,POR HORAS,HABILITANTE
DOC_001421,TEMUCO,PEDAGOGÍA EN EDUCACIÓN DIFERENCIAL,ADJUNTO,POR HORAS,SIN_NIVEL
DOC_001422,TEMUCO,PEDAGOGÍA EN EDUCACIÓN DIFERENCIAL,ADJUNTO,POR HORAS,SIN_NIVEL
DOC_001423,TEMUCO,PEDAGOGÍA EN EDUCACIÓN DIFERENCIAL,ADJUNTO,POR HORAS,EXPERTO
DOC_001424,TEMUCO,PEDAGOGÍA EN EDUCACIÓN DIFERENCIAL,ADJUNTO,POR HORAS,HABILITANTE
DOC_001425,TEMUCO,PEDAGOGÍA EN EDUCACIÓN FÍSICA,REGULAR,CONTRATADO,HABILITANTE
DOC_001426,TEMUCO,PEDAGOGÍA EN EDUCACIÓN FÍSICA,REGULAR,CONTRATADO,SIN_NIVEL
DOC_001427,TEMUCO,PEDAGOGÍA EN EDUCACIÓN FÍSICA,REGULAR,CONTRATADO,SIN_NIVEL
DOC_001428,TEMUCO,PEDAGOGÍA EN EDUCACIÓN FÍSICA,REGULAR,CONTRATADO,SIN_NIVEL
DOC_001429,TEMUCO,PEDAGOGÍA EN EDUCACIÓN FÍSICA,REGULAR,CONTRATADO,AVANZADO
DOC_001430,TEMUCO,PEDAGOGÍA EN EDUCACIÓN FÍSICA,REGULAR,CONTRATADO,SIN_NIVEL
DOC_001431,TEMUCO,PEDAGOGÍA EN EDUCACIÓN FÍSICA,REGULAR,CONTRATADO,HABILITANTE
DOC_001432,TEMUCO,PEDAGOGÍA EN EDUCACIÓN FÍSICA,ADJUNTO,POR HORAS,AVANZADO
DOC_001433,TEMUCO,PEDAGOGÍA EN EDUCACIÓN FÍSICA,ADJUNTO,POR HORAS,AVANZADO
DOC_001434,TEMUCO,PEDAGOGÍA EN EDUCACIÓN FÍSICA,ADJUNTO,POR HORAS,AVANZADO
DOC_001435,TEMUCO,PEDAGOGÍA EN EDUCACIÓN FÍSICA,ADJUNTO,POR HORAS,AVANZADO
DOC_001436,TEMUCO,PEDAGOGÍA EN EDUCACIÓN FÍSICA,ADJUNTO,POR HORAS,HABILITANTE
DOC_001437,TEMUCO,PEDAGOGÍA EN EDUCACIÓN FÍSICA,ADJUNTO,POR HORAS,INICIAL
DOC_001438,TEMUCO,PEDAGOGÍA EN EDUCACIÓN FÍSICA,ADJUNTO,POR HORAS,SIN_NIVEL
DOC_001439,TEMUCO,PEDAGOGÍA EN EDUCACIÓN FÍSICA,ADJUNTO,POR HORAS,AVANZADO
DOC_001440,TEMUCO,PEDAGOGÍA EN EDUCACIÓN FÍSICA,ADJUNTO,POR HORAS,SIN_NIVEL
DOC_001441,TEMUCO,PEDAGOGÍA EN EDUCACIÓN FÍSICA,ADJUNTO,POR HORAS,SIN_NIVEL
DOC_001442,TEMUCO,PEDAGOGÍA EN EDUCACIÓN FÍSICA,ADJUNTO,POR HORAS,INICIAL
DOC_001443,TEMUCO,PEDAGOGÍA EN EDUCACIÓN FÍSICA,ADJUNTO,POR HORAS,SIN_NIVEL
DOC_001444,TEMUCO,PEDAGOGÍA EN EDUCACIÓN FÍSICA,ADJUNTO,POR HORAS,HABILITANTE
DOC_001445,TEMUCO,PEDAGOGÍA EN EDUCACIÓN PARVULARIA,REGULAR,CONTRATADO,AVANZADO
DOC_001446,TEMUCO,PEDAGOGÍA EN EDUCACIÓN PARVULARIA,REGULAR,CONTRATADO,INICIAL
DOC_001447,TEMUCO,PEDAGOGÍA EN EDUCACIÓN PARVULARIA,REGULAR,CONTRATADO,SIN_NIVEL
DOC_001448,TEMUCO,PEDAGOGÍA EN EDUCACIÓN PARVULARIA,REGULAR,CONTRATADO,SIN_NIVEL
DOC_001449,TEMUCO,PEDAGOGÍA EN EDUCACIÓN PARVULARIA,REGULAR,CONTRATADO,HABILITANTE
DOC_001450,TEMUCO,PEDAGOGÍA EN EDUCACIÓN PARVULARIA,REGULAR,CONTRATADO,AVANZADO
DOC_001451,TEMUCO,PEDAGOGÍA EN EDUCACIÓN PARVULARIA,ADJUNTO,POR HORAS,EXPERTO
DOC_001452,TEMUCO,PEDAGOGÍA EN EDUCACIÓN PARVULARIA,ADJUNTO,POR HORAS,AVANZADO
DOC_001453,TEMUCO,PEDAGOGÍA EN EDUCACIÓN PARVULARIA,ADJUNTO,POR HORAS,HABILITANTE
DOC_001454,TEMUCO,PEDAGOGÍA EN EDUCACIÓN PARVULARIA,ADJUNTO,POR HORAS,HABILITANTE
DOC_001455,TEMUCO,PEDAGOGÍA EN EDUCACIÓN PARVULARIA,ADJUNTO,POR HORAS,AVANZADO
DOC_001456,TEMUCO,PEDAGOGÍA EN EDUCACIÓN PARVULARIA,ADJUNTO,POR HORAS,HABILITANTE
DOC_001457,TEMUCO,PEDAGOGÍA EN EDUCACIÓN PARVULARIA,ADJUNTO,POR HORAS,SIN_NIVEL
DOC_001458,TEMUCO,PEDAGOGÍA EN EDUCACIÓN PARVULARIA,ADJUNTO,POR HORAS,INICIAL
DOC_001459,TEMUCO,PEDAGOGÍA EN EDUCACIÓN PARVULARIA,ADJUNTO,POR HORAS,HABILITANTE
DOC_001460,TEMUCO,PEDAGOGÍA EN EDUCACIÓN PARVULARIA,ADJUNTO,POR HORAS,EXPERTO
DOC_001461,TEMUCO,PEDAGOGÍA EN EDUCACIÓN PARVULARIA,ADJUNTO,POR HORAS,SIN_NIVEL
DOC_001462,TEMUCO,PEDAGOGÍA EN INGLÉS,REGULAR,CONTRATADO,AVANZADO
DOC_001463,TEMUCO,PEDAGOGÍA EN INGLÉS,REGULAR,CONTRATADO,AVANZADO
DOC_001464,TEMUCO,PEDAGOGÍA EN INGLÉS,REGULAR,CONTRATADO,HABILITANTE
DOC_001465,TEMUCO,PEDAGOGÍA EN INGLÉS,REGULAR,CONTRATADO,SIN_NIVEL
DOC_001466,TEMUCO,PEDAGOGÍA EN INGLÉS,REGULAR,CONTRATADO,INICIAL
DOC_001467,TEMUCO,PEDAGOGÍA EN INGLÉS,REGULAR,CONTRATADO,INICIAL
DOC_001468,TEMUCO,PEDAGOGÍA EN INGLÉS,REGULAR,CONTRATADO,AVANZADO
DOC_001469,TEMUCO,PEDAGOGÍA EN INGLÉS,ADJUNTO,POR HORAS,HABILITANTE
DOC_001470,TEMUCO,PEDAGOGÍA EN INGLÉS,ADJUNTO,POR HORAS,HABILITANTE
DOC_001471,TEMUCO,PEDAGOGÍA EN INGLÉS,ADJUNTO,POR HORAS,SIN_NIVEL
DOC_001472,TEMUCO,PEDAGOGÍA EN INGLÉS,ADJUNTO,POR HORAS,HABILITANTE
DOC_001473,TEMUCO,PEDAGOGÍA EN INGLÉS,ADJUNTO,POR HORAS,AVANZADO
DOC_001474,TEMUCO,PEDAGOGÍA EN INGLÉS,ADJUNTO,POR HORAS,HABILITANTE
DOC_001475,TEMUCO,PEDAGOGÍA EN INGLÉS,ADJUNTO,POR HORAS,SIN_NIVEL
DOC_001476,TEMUCO,PEDAGOGÍA EN INGLÉS,ADJUNTO,POR HORAS,HABILITANTE
DOC_001477,TEMUCO,PEDAGOGÍA EN INGLÉS,ADJUNTO,POR HORAS,AVANZADO
DOC_001478,TEMUCO,PEDAGOGÍA EN INGLÉS,ADJUNTO,POR HORAS,AVANZADO
DOC_001479,TEMUCO,PEDAGOGÍA EN INGLÉS,ADJUNTO,POR HORAS,INICIAL
DOC_001480,TEMUCO,PEDAGOGÍA EN INGLÉS,ADJUNTO,POR HORAS,HABILITANTE
DOC_001481,TEMUCO,PEDAGOGÍA EN INGLÉS,ADJUNTO,POR HORAS,INICIAL
DOC_001482,TEMUCO,PERIODISMO,REGULAR,CONTRATADO,INICIAL
DOC_001483,TEMUCO,PERIODISMO,REGULAR,CONTRATADO,INICIAL
DOC_001484,TEMUCO,PERIODISMO,REGULAR,CONTRATADO,SIN_NIVEL
DOC_001485,TEMUCO,PERIODISMO,REGULAR,CONTRATADO,SIN_NIVEL
DOC_001486,TEMUCO,PERIODISMO,REGULAR,CONTRATADO,SIN_NIVEL
DOC_001487,TEMUCO,PERIODISMO,REGULAR,CONTRATADO,AVANZADO
DOC_001488,TEMUCO,PERIODISMO,REGULAR,CONTRATADO,HABILITANTE
DOC_001489,TEMUCO,PERIODISMO,ADJUNTO,POR HORAS,HABILITANTE
DOC_001490,TEMUCO,PERIODISMO,ADJUNTO,POR HORAS,AVANZADO
DOC_001491,TEMUCO,PERIODISMO,ADJUNTO,POR HORAS,INICIAL
DOC_001492,TEMUCO,PERIODISMO,ADJUNTO,POR HORAS,HABILITANTE
DOC_001493,TEMUCO,PERIODISMO,ADJUNTO,POR HORAS,INICIAL
DOC_001494,TEMUCO,PERIODISMO,ADJUNTO,POR HORAS,HABILITANTE
DOC_001495,TEMUCO,PERIODISMO,ADJUNTO,POR HORAS,SIN_NIVEL
DOC_001496,TEMUCO,PERIODISMO,ADJUNTO,POR HORAS,HABILITANTE
DOC_001497,TEMUCO,PERIODISMO,ADJUNTO,POR HORAS,AVANZADO
DOC_001498,TEMUCO,PERIODISMO,ADJUNTO,POR HORAS,SIN_NIVEL
DOC_001499,TEMUCO,PERIODISMO,ADJUNTO,POR HORAS,AVANZADO
DOC_001500,TEMUCO,PERIODISMO,ADJUNTO,POR HORAS,SIN_NIVEL
DOC_001501,TEMUCO,PERIODISMO,ADJUNTO,POR HORAS,HABILITANTE
DOC_001502,TEMUCO,PSICOLOGÍA,REGULAR,CONTRATADO,HABILITANTE
DOC_001503,TEMUCO,PSICOLOGÍA,REGULAR,CONTRATADO,AVANZADO
DOC_001504,TEMUCO,PSICOLOGÍA,REGULAR,CONTRATADO,AVANZADO
DOC_001505,TEMUCO,PSICOLOGÍA,REGULAR,CONTRATADO,HABILITANTE
DOC_001506,TEMUCO,PSICOLOGÍA,REGULAR,CONTRATADO,AVANZADO
DOC_001507,TEMUCO,PSICOLOGÍA,REGULAR,CONTRATADO,SIN_NIVEL
DOC_001508,TEMUCO,PSICOLOGÍA,REGULAR,CONTRATADO,HABILITANTE
DOC_001509,TEMUCO,PSICOLOGÍA,ADJUNTO,POR HORAS,SIN_NIVEL
DOC_001510,TEMUCO,PSICOLOGÍA,ADJUNTO,POR HORAS,SIN_NIVEL
DOC_001511,TEMUCO,PSICOLOGÍA,ADJUNTO,POR HORAS,INICIAL
DOC_001512,TEMUCO,PSICOLOGÍA,ADJUNTO,POR HORAS,EXPERTO
DOC_001513,TEMUCO,PSICOLOGÍA,ADJUNTO,POR HORAS,SIN_NIVEL
DOC_001514,TEMUCO,PSICOLOGÍA,ADJUNTO,POR HORAS,AVANZADO
DOC_001515,TEMUCO,PSICOLOGÍA,ADJUNTO,POR HORAS,AVANZADO
DOC_001516,TEMUCO,PSICOLOGÍA,ADJUNTO,POR HORAS,SIN_NIVEL
DOC_001517,TEMUCO,PSICOLOGÍA,ADJUNTO,POR HORAS,HABILITANTE
DOC_001518,TEMUCO,PSICOLOGÍA,ADJUNTO,POR HORAS,AVANZADO
DOC_001519,TEMUCO,PSICOLOGÍA,ADJUNTO,POR HORAS,HABILITANTE
DOC_001520,TEMUCO,PSICOLOGÍA,ADJUNTO,POR HORAS,HABILITANTE
DOC_001521,TEMUCO,PSICOLOGÍA,ADJUNTO,POR HORAS,SIN_NIVEL
DOC_001522,TEMUCO,QUÍMICA Y FARMACIA,REGULAR,CONTRATADO,HABILITANTE
DOC_001523,TEMUCO,QUÍMICA Y FARMACIA,REGULAR,CONTRATADO,AVANZADO
DOC_001524,TEMUCO,QUÍMICA Y FARMACIA,REGULAR,CONTRATADO,HABILITANTE
DOC_001525,TEMUCO,QUÍMICA Y FARMACIA,REGULAR,CONTRATADO,AVANZADO
DOC_001526,TEMUCO,QUÍMICA Y FARMACIA,REGULAR,CONTRATADO,HABILITANTE
DOC_001527,TEMUCO,QUÍMICA Y FARMACIA,ADJUNTO,POR HORAS,INICIAL
DOC_001528,TEMUCO,QUÍMICA Y FARMACIA,ADJUNTO,POR HORAS,EXPERTO
DOC_001529,TEMUCO,QUÍMICA Y FARMACIA,ADJUNTO,POR HORAS,AVANZADO
DOC_001530,TEMUCO,QUÍMICA Y FARMACIA,ADJUNTO,POR HORAS,SIN_NIVEL
DOC_001531,TEMUCO,QUÍMICA Y FARMACIA,ADJUNTO,POR HORAS,HABILITANTE
DOC_001532,TEMUCO,QUÍMICA Y FARMACIA,ADJUNTO,POR HORAS,AVANZADO
DOC_001533,TEMUCO,QUÍMICA Y FARMACIA,ADJUNTO,POR HORAS,SIN_NIVEL
DOC_001534,TEMUCO,QUÍMICA Y FARMACIA,ADJUNTO,POR HORAS,HABILITANTE
DOC_001535,TEMUCO,QUÍMICA Y FARMACIA,ADJUNTO,POR HORAS,SIN_NIVEL
DOC_001536,TEMUCO,TERAPIA OCUPACIONAL,REGULAR,CONTRATADO,AVANZADO
DOC_001537,TEMUCO,TERAPIA OCUPACIONAL,REGULAR,CONTRATADO,HABILITANTE
DOC_001538,TEMUCO,TERAPIA OCUPACIONAL,REGULAR,CONTRATADO,HABILITANTE
DOC_001539,TEMUCO,TERAPIA OCUPACIONAL,REGULAR,CONTRATADO,SIN_NIVEL
DOC_001540,TEMUCO,TERAPIA OCUPACIONAL,REGULAR,CONTRATADO,AVANZADO
DOC_001541,TEMUCO,TERAPIA OCUPACIONAL,ADJUNTO,POR HORAS,AVANZADO
DOC_001542,TEMUCO,TERAPIA OCUPACIONAL,ADJUNTO,POR HORAS,HABILITANTE
DOC_001543,TEMUCO,TERAPIA OCUPACIONAL,ADJUNTO,POR HORAS,HABILITANTE
DOC_001544,TEMUCO,TERAPIA OCUPACIONAL,ADJUNTO,POR HORAS,HABILITANTE
DOC_001545,TEMUCO,TERAPIA OCUPACIONAL,ADJUNTO,POR HORAS,AVANZADO
DOC_001546,TEMUCO,TERAPIA OCUPACIONAL,ADJUNTO,POR HORAS,AVANZADO
DOC_001547,TEMUCO,TERAPIA OCUPACIONAL,ADJUNTO,POR HORAS,HABILITANTE
DOC_001548,TEMUCO,TERAPIA OCUPACIONAL,ADJUNTO,POR HORAS,SIN_NIVEL
DOC_001549,TEMUCO,TERAPIA OCUPACIONAL,ADJUNTO,POR HORAS,AVANZADO
DOC_001550,TEMUCO,TRABAJO SOCIAL,REGULAR,CONTRATADO,AVANZADO
DOC_001551,TEMUCO,TRABAJO SOCIAL,REGULAR,CONTRATADO,EXPERTO
DOC_001552,TEMUCO,TRABAJO SOCIAL,REGULAR,CONTRATADO,SIN_NIVEL
DOC_001553,TEMUCO,TRABAJO SOCIAL,REGULAR,CONTRATADO,AVANZADO
DOC_001554,TEMUCO,TRABAJO SOCIAL,REGULAR,CONTRATADO,AVANZADO
DOC_001555,TEMUCO,TRABAJO SOCIAL,REGULAR,CONTRATADO,EXPERTO
DOC_001556,TEMUCO,TRABAJO SOCIAL,ADJUNTO,POR HORAS,HABILITANTE
DOC_001557,TEMUCO,TRABAJO SOCIAL,ADJUNTO,POR HORAS,SIN_NIVEL
DOC_001558,TEMUCO,TRABAJO SOCIAL,ADJUNTO,POR HORAS,SIN_NIVEL
DOC_001559,TEMUCO,TRABAJO SOCIAL,ADJUNTO,POR HORAS,SIN_NIVEL
DOC_001560,TEMUCO,TRABAJO SOCIAL,ADJUNTO,POR HORAS,SIN_NIVEL
DOC_001561,TEMUCO,TRABAJO SOCIAL,ADJUNTO,POR HORAS,HABILITANTE
DOC_001562,TEMUCO,TRABAJO SOCIAL,ADJUNTO,POR HORAS,INICIAL
DOC_001563,TEMUCO,TRABAJO SOCIAL,ADJUNTO,POR HORAS,HABILITANTE
DOC_001564,TEMUCO,TRABAJO SOCIAL,ADJUNTO,POR HORAS,SIN_NIVEL
DOC_001565,TEMUCO,TRABAJO SOCIAL,ADJUNTO,POR HORAS,HABILITANTE
DOC_001566,TEMUCO,TRABAJO SOCIAL,ADJUNTO,POR HORAS,INICIAL
